,proto,service,id.resp_p,missed_bytes,version,cipher,curve,resumed,established,sni_matches_cert,secure_label
0,udp,,55533,0,1,1,1,1,1,1,1
1,tcp,,34984,0,1,1,1,1,1,1,1
2,tcp,,443,0,1,1,1,1,1,1,1
3,tcp,,50912,0,1,1,1,1,1,1,1
4,tcp,,50960,0,1,1,1,1,1,1,1
5,tcp,,50872,0,1,1,1,1,1,1,1
6,udp,,50008,0,1,1,1,1,1,1,1
7,tcp,,42773,0,1,1,1,1,1,1,1
8,tcp,,9092,0,1,1,1,1,1,1,1
9,tcp,,9092,0,1,1,1,1,1,1,1
10,udp,,443,0,1,1,1,1,1,1,1
11,tcp,,443,0,1,1,1,1,1,1,1
12,tcp,,443,0,1,1,1,1,1,1,1
13,tcp,,443,0,1,1,1,1,1,1,1
14,tcp,,27017,0,1,1,1,1,1,1,1
15,tcp,,58768,0,1,1,1,1,1,1,1
16,tcp,,45903,0,1,1,1,1,1,1,1
17,tcp,,80,0,1,1,1,1,1,1,1
18,tcp,,80,0,1,1,1,1,1,1,1
19,tcp,,2181,0,1,1,1,1,1,1,1
20,tcp,,443,0,1,1,1,1,1,1,1
21,tcp,,443,0,1,1,1,1,1,1,1
22,tcp,,34984,0,1,1,1,1,1,1,1
23,tcp,,50912,0,1,1,1,1,1,1,1
24,tcp,,50960,0,1,1,1,1,1,1,1
25,tcp,,50872,0,1,1,1,1,1,1,1
26,tcp,,443,0,1,1,1,1,1,1,1
27,tcp,,42773,0,1,1,1,1,1,1,1
28,tcp,,36276,0,1,1,1,1,1,1,1
29,tcp,,443,0,1,1,1,1,1,1,1
30,tcp,,443,0,1,1,1,1,1,1,1
31,tcp,,9092,0,1,1,1,1,1,1,1
32,tcp,,55868,0,1,1,1,1,1,1,1
33,tcp,,9092,0,1,1,1,1,1,1,1
34,udp,dns,5353,0,1,1,1,1,1,1,1
35,udp,dns,5353,0,1,1,1,1,1,1,1
36,tcp,,443,0,1,1,1,1,1,1,1
37,tcp,,34984,0,1,1,1,1,1,1,1
38,tcp,,50912,0,1,1,1,1,1,1,1
39,tcp,,50960,0,1,1,1,1,1,1,1
40,tcp,,50872,0,1,1,1,1,1,1,1
41,tcp,,2181,0,1,1,1,1,1,1,1
42,tcp,,443,0,1,1,1,1,1,1,1
43,tcp,,42773,0,1,1,1,1,1,1,1
44,tcp,,58768,0,1,1,1,1,1,1,1
45,tcp,,45903,0,1,1,1,1,1,1,1
46,udp,dns,53,0,1,1,1,1,1,1,0
47,udp,dns,53,0,1,1,1,1,1,1,0
48,udp,dns,53,0,1,1,1,1,1,1,0
49,udp,quic,443,0,1,1,1,1,1,1,1
50,tcp,,9092,0,1,1,1,1,1,1,1
51,tcp,,27017,0,1,1,1,1,1,1,1
52,tcp,,9092,0,1,1,1,1,1,1,1
53,udp,dns,53,0,1,1,1,1,1,1,0
54,udp,dns,53,0,1,1,1,1,1,1,0
55,udp,dns,53,0,1,1,1,1,1,1,0
56,udp,quic,443,0,1,1,1,1,1,1,1
57,,,443,,1,1,1,1,1,1,1
58,tcp,,34984,0,1,1,1,1,1,1,1
59,tcp,,50912,0,1,1,1,1,1,1,1
60,tcp,,8081,0,1,1,1,1,1,1,1
61,tcp,,37076,0,1,1,1,1,1,1,1
62,tcp,,50960,0,1,1,1,1,1,1,1
63,tcp,,50872,0,1,1,1,1,1,1,1
64,tcp,,3306,0,1,1,1,1,1,1,1
65,udp,dns,53,0,1,1,1,1,1,1,0
66,udp,dns,53,0,1,1,1,1,1,1,0
67,tcp,,8081,0,1,1,1,1,1,1,1
68,tcp,,37080,0,1,1,1,1,1,1,1
69,udp,dns,53,0,1,1,1,1,1,1,0
70,tcp,ssl,443,60411,1,1,1,1,1,1,0
71,,,443,,0,1,1,1,1,1,0
72,tcp,,42773,0,1,1,1,1,1,1,1
73,tcp,,36276,0,1,1,1,1,1,1,1
74,tcp,,443,0,1,1,1,1,1,1,1
75,udp,,5678,0,1,1,1,1,1,1,1
76,udp,dns,53,0,1,1,1,1,1,1,0
77,tcp,,2181,0,1,1,1,1,1,1,1
78,tcp,,443,0,1,1,1,1,1,1,1
79,tcp,,443,0,1,1,1,1,1,1,1
80,udp,dns,53,0,1,1,1,1,1,1,0
81,udp,dns,53,0,1,1,1,1,1,1,0
82,udp,dns,53,0,1,1,1,1,1,1,0
83,udp,dns,53,0,1,1,1,1,1,1,0
84,udp,dns,53,0,1,1,1,1,1,1,0
85,udp,dns,53,0,1,1,1,1,1,1,0
86,udp,dns,53,0,1,1,1,1,1,1,0
87,udp,dns,53,0,1,1,1,1,1,1,0
88,udp,dns,53,0,1,1,1,1,1,1,0
89,udp,dns,53,0,1,1,1,1,1,1,0
90,udp,dns,53,0,1,1,1,1,1,1,0
91,udp,dns,53,0,1,1,1,1,1,1,0
92,udp,dns,53,0,1,1,1,1,1,1,0
93,udp,dns,53,0,1,1,1,1,1,1,0
94,udp,dns,53,0,1,1,1,1,1,1,0
95,udp,dns,53,0,1,1,1,1,1,1,0
96,udp,dns,53,0,1,1,1,1,1,1,0
97,udp,dns,53,0,1,1,1,1,1,1,0
98,udp,dns,53,0,1,1,1,1,1,1,0
99,udp,dns,53,0,1,1,1,1,1,1,0
100,udp,dns,53,0,1,1,1,1,1,1,0
101,udp,dns,53,0,1,1,1,1,1,1,0
102,udp,dns,53,0,1,1,1,1,1,1,0
103,udp,dns,53,0,1,1,1,1,1,1,0
104,udp,dns,53,0,1,1,1,1,1,1,0
105,udp,dns,53,0,1,1,1,1,1,1,0
106,udp,quic,443,0,1,1,1,1,1,1,1
107,tcp,ssl,443,2880,1,1,1,1,1,1,0
108,tcp,ssl,443,0,1,1,1,1,1,1,1
109,tcp,ssl,443,5350,1,1,1,1,1,1,0
110,tcp,ssl,443,2880,1,1,1,1,1,1,0
111,tcp,ssl,443,0,1,1,1,1,1,1,1
112,,,443,,1,1,1,1,1,1,1
113,,,443,,1,1,1,1,1,1,1
114,,,443,,1,1,1,1,1,1,1
115,,,443,,0,1,1,1,1,1,0
116,,,443,,0,1,1,1,1,1,0
117,udp,dns,53,0,1,1,1,1,1,1,0
118,udp,dns,53,0,1,1,1,1,1,1,0
119,udp,dns,53,0,1,1,1,1,1,1,0
120,tcp,ssl,443,0,1,1,1,1,1,1,1
121,,,443,,0,1,1,1,1,1,0
122,tcp,,443,0,1,1,1,1,1,1,1
123,tcp,,443,0,1,1,1,1,1,1,1
124,udp,dns,53,0,1,1,1,1,1,1,0
125,udp,dns,53,0,1,1,1,1,1,1,0
126,udp,dns,53,0,1,1,1,1,1,1,0
127,udp,dns,53,0,1,1,1,1,1,1,0
128,udp,dns,53,0,1,1,1,1,1,1,0
129,udp,dns,53,0,1,1,1,1,1,1,0
130,udp,dns,53,0,1,1,1,1,1,1,0
131,tcp,ssl,443,0,1,1,1,1,1,1,1
132,tcp,,9092,0,1,1,1,1,1,1,1
133,,,443,,0,1,1,1,1,1,0
134,udp,dns,53,0,1,1,1,1,1,1,0
135,udp,dns,53,0,1,1,1,1,1,1,0
136,udp,dns,53,0,1,1,1,1,1,1,0
137,tcp,ssl,443,25920,1,1,1,1,1,1,0
138,udp,dns,53,0,1,1,1,1,1,1,0
139,udp,dns,53,0,1,1,1,1,1,1,0
140,,,443,,0,1,1,1,1,1,0
141,udp,dns,53,0,1,1,1,1,1,1,0
142,udp,dns,53,0,1,1,1,1,1,1,0
143,udp,dns,53,0,1,1,1,1,1,1,0
144,udp,dns,53,0,1,1,1,1,1,1,0
145,udp,dns,53,0,1,1,1,1,1,1,0
146,udp,dns,53,0,1,1,1,1,1,1,0
147,udp,dns,53,0,1,1,1,1,1,1,0
148,udp,dns,53,0,1,1,1,1,1,1,0
149,udp,dns,53,0,1,1,1,1,1,1,0
150,udp,dns,53,0,1,1,1,1,1,1,0
151,udp,quic,443,0,1,1,1,1,1,1,1
152,tcp,ssl,443,0,1,1,1,1,1,1,1
153,udp,quic,443,0,1,1,1,1,1,1,1
154,,,443,,1,1,1,1,1,1,1
155,,,443,,0,1,0,1,1,1,0
156,udp,dns,53,0,1,1,1,1,1,1,0
157,udp,dns,53,0,1,1,1,1,1,1,0
158,udp,dns,53,0,1,1,1,1,1,1,0
159,udp,quic,443,0,1,1,1,1,1,1,1
160,,,443,,1,1,1,1,1,1,1
161,udp,dns,53,0,1,1,1,1,1,1,0
162,udp,dns,53,0,1,1,1,1,1,1,0
163,tcp,,9997,0,1,1,1,1,1,1,1
164,tcp,,9997,0,1,1,1,1,1,1,1
165,udp,dns,53,0,1,1,1,1,1,1,0
166,udp,dns,53,0,1,1,1,1,1,1,0
167,tcp,,3306,0,1,1,1,1,1,1,1
168,udp,dns,53,0,1,1,1,1,1,1,0
169,udp,dns,53,0,1,1,1,1,1,1,0
170,tcp,,443,0,1,1,1,1,1,1,1
171,tcp,,443,0,1,1,1,1,1,1,1
172,udp,quic,443,0,1,1,1,1,1,1,1
173,,,443,,1,1,1,1,1,1,1
174,tcp,,8081,0,1,1,1,1,1,1,1
175,tcp,,37094,0,1,1,1,1,1,1,1
176,udp,dns,53,0,1,1,1,1,1,1,0
177,udp,dns,53,0,1,1,1,1,1,1,0
178,tcp,,9092,0,1,1,1,1,1,1,1
179,udp,dns,53,0,1,1,1,1,1,1,0
180,udp,dns,53,0,1,1,1,1,1,1,0
181,udp,dns,53,0,1,1,1,1,1,1,0
182,udp,dns,53,0,1,1,1,1,1,1,0
183,udp,quic,443,0,1,1,1,1,1,1,1
184,tcp,,9092,0,1,1,1,1,1,1,1
185,tcp,,443,0,1,1,1,1,1,1,1
186,tcp,,443,0,1,1,1,1,1,1,1
187,tcp,ssl,443,0,1,1,1,1,1,1,1
188,,,443,,0,1,1,1,1,1,0
189,tcp,,34984,0,1,1,1,1,1,1,1
190,tcp,,50912,0,1,1,1,1,1,1,1
191,tcp,,50960,0,1,1,1,1,1,1,1
192,tcp,,50872,0,1,1,1,1,1,1,1
193,tcp,,443,0,1,1,1,1,1,1,1
194,tcp,,443,0,1,1,1,1,1,1,1
195,tcp,,42773,0,1,1,1,1,1,1,1
196,udp,quic,443,0,1,1,1,1,1,1,1
197,tcp,,58768,0,1,1,1,1,1,1,1
198,tcp,,45903,0,1,1,1,1,1,1,1
199,tcp,,443,0,1,1,1,1,1,1,1
200,tcp,,443,0,1,1,1,1,1,1,1
201,tcp,,443,0,1,1,1,1,1,1,1
202,tcp,,3306,0,1,1,1,1,1,1,1
203,tcp,,8081,0,1,1,1,1,1,1,1
204,tcp,,27017,0,1,1,1,1,1,1,1
205,udp,quic,443,0,1,1,1,1,1,1,1
206,udp,dns,53,0,1,1,1,1,1,1,0
207,udp,dns,53,0,1,1,1,1,1,1,0
208,udp,dns,53,0,1,1,1,1,1,1,0
209,udp,dns,53,0,1,1,1,1,1,1,0
210,udp,dns,53,0,1,1,1,1,1,1,0
211,udp,dns,53,0,1,1,1,1,1,1,0
212,udp,dns,53,0,1,1,1,1,1,1,0
213,udp,dns,53,0,1,1,1,1,1,1,0
214,udp,dns,53,0,1,1,1,1,1,1,0
215,udp,dns,53,0,1,1,1,1,1,1,0
216,udp,dns,53,0,1,1,1,1,1,1,0
217,udp,dns,53,0,1,1,1,1,1,1,0
218,udp,dns,53,0,1,1,1,1,1,1,0
219,udp,dns,53,0,1,1,1,1,1,1,0
220,udp,dns,53,0,1,1,1,1,1,1,0
221,udp,dns,53,0,1,1,1,1,1,1,0
222,udp,dns,53,0,1,1,1,1,1,1,0
223,udp,dns,53,0,1,1,1,1,1,1,0
224,udp,dns,53,0,1,1,1,1,1,1,0
225,udp,dns,53,0,1,1,1,1,1,1,0
226,udp,dns,53,0,1,1,1,1,1,1,0
227,udp,dns,53,0,1,1,1,1,1,1,0
228,udp,dns,53,0,1,1,1,1,1,1,0
229,udp,dns,53,0,1,1,1,1,1,1,0
230,udp,dns,53,0,1,1,1,1,1,1,0
231,udp,dns,53,0,1,1,1,1,1,1,0
232,udp,dns,53,0,1,1,1,1,1,1,0
233,udp,dns,53,0,1,1,1,1,1,1,0
234,udp,dns,53,0,1,1,1,1,1,1,0
235,udp,dns,53,0,1,1,1,1,1,1,0
236,udp,quic,443,0,1,1,1,1,1,1,1
237,,,443,,0,1,0,1,1,1,0
238,udp,dns,53,0,1,1,1,1,1,1,0
239,udp,dns,53,0,1,1,1,1,1,1,0
240,udp,dns,53,0,1,1,1,1,1,1,0
241,udp,dns,53,0,1,1,1,1,1,1,0
242,tcp,ssl,443,2800,1,1,1,1,1,1,0
243,udp,quic,443,0,1,1,1,1,1,1,1
244,udp,quic,443,0,1,1,1,1,1,1,1
245,,,443,,1,1,1,1,1,1,1
246,,,443,,1,1,1,1,1,1,1
247,udp,dns,53,0,1,1,1,1,1,1,0
248,tcp,http,80,0,1,1,1,1,1,1,1
249,,,80,,0,1,1,1,1,1,0
250,tcp,,443,0,1,1,1,1,1,1,1
251,tcp,,443,0,1,1,1,1,1,1,1
252,udp,dns,53,0,1,1,1,1,1,1,0
253,udp,dns,53,0,1,1,1,1,1,1,0
254,udp,dns,53,0,1,1,1,1,1,1,0
255,udp,dns,53,0,1,1,1,1,1,1,0
256,udp,quic,443,0,1,1,1,1,1,1,1
257,tcp,ssl,443,0,1,1,1,1,1,1,1
258,tcp,ssl,443,0,1,1,1,1,1,1,1
259,udp,quic,443,0,1,1,1,1,1,1,1
260,,,443,,1,1,1,1,1,1,1
261,,,443,,0,1,0,1,1,1,0
262,,,443,,0,1,0,1,1,1,0
263,udp,dns,53,0,1,1,1,1,1,1,0
264,udp,quic,443,0,1,1,1,1,1,1,1
265,,,443,,0,1,0,1,1,1,0
266,tcp,http,80,0,1,1,1,1,1,1,1
267,tcp,http,80,0,1,1,1,1,1,1,1
268,,,80,,0,1,1,1,1,1,0
269,,,80,,0,1,1,1,1,1,0
270,udp,dns,53,0,1,1,1,1,1,1,0
271,udp,dns,53,0,1,1,1,1,1,1,0
272,udp,dns,53,0,1,1,1,1,1,1,0
273,udp,dns,53,0,1,1,1,1,1,1,0
274,udp,quic,443,0,1,1,1,1,1,1,1
275,,,443,,1,1,1,1,1,1,1
276,tcp,ssl,443,2800,1,1,1,1,1,1,0
277,udp,dns,53,0,1,1,1,1,1,1,0
278,udp,dns,53,0,1,1,1,1,1,1,0
279,,,443,,1,1,1,1,1,1,1
280,tcp,ssl,443,0,1,1,1,1,1,1,1
281,udp,dns,53,0,1,1,1,1,1,1,0
282,udp,dns,53,0,1,1,1,1,1,1,0
283,,,80,,0,1,1,1,1,1,0
284,udp,dns,53,0,1,1,1,1,1,1,0
285,,,443,,0,1,1,1,1,1,0
286,udp,dns,53,0,1,1,1,1,1,1,0
287,udp,dns,53,0,1,1,1,1,1,1,0
288,udp,dns,53,0,1,1,1,1,1,1,0
289,tcp,ssl,443,2800,1,1,1,1,1,1,0
290,icmp,,3,0,1,1,1,1,1,1,1
291,udp,quic,443,0,1,1,1,1,1,1,1
292,,,443,,1,1,1,1,1,1,1
293,tcp,ssl,443,0,1,1,1,1,1,1,1
294,udp,dns,53,0,1,1,1,1,1,1,0
295,udp,dns,53,0,1,1,1,1,1,1,0
296,,,443,,0,1,0,1,1,1,0
297,tcp,,2181,0,1,1,1,1,1,1,1
298,udp,dns,53,0,1,1,1,1,1,1,0
299,udp,quic,443,0,1,1,1,1,1,1,1
300,udp,dns,53,0,1,1,1,1,1,1,0
301,udp,dns,53,0,1,1,1,1,1,1,0
302,udp,dns,53,0,1,1,1,1,1,1,0
303,udp,dns,53,0,1,1,1,1,1,1,0
304,udp,dns,53,0,1,1,1,1,1,1,0
305,udp,dns,53,0,1,1,1,1,1,1,0
306,udp,quic,443,0,1,1,1,1,1,1,1
307,,,443,,1,1,1,1,1,1,1
308,tcp,http,80,0,1,1,1,1,1,1,1
309,udp,dns,53,0,1,1,1,1,1,1,0
310,udp,dns,53,0,1,1,1,1,1,1,0
311,,,80,,0,1,1,1,1,1,0
312,tcp,ssl,443,2880,1,1,1,1,1,1,0
313,tcp,ssl,443,2880,1,1,1,1,1,1,0
314,tcp,ssl,443,0,1,1,1,1,1,1,1
315,tcp,ssl,443,2880,1,1,1,1,1,1,0
316,tcp,ssl,443,2880,1,1,1,1,1,1,0
317,,,443,,1,1,1,1,1,1,1
318,,,443,,1,1,1,1,1,1,1
319,,,443,,1,1,1,1,1,1,1
320,,,443,,1,1,1,1,1,1,1
321,,,443,,0,1,1,1,1,1,0
322,udp,dns,53,0,1,1,1,1,1,1,0
323,udp,quic,443,0,1,1,1,1,1,1,1
324,,,443,,1,1,1,1,1,1,1
325,tcp,,9092,0,1,1,1,1,1,1,1
326,tcp,,9092,0,1,1,1,1,1,1,1
327,tcp,,34984,0,1,1,1,1,1,1,1
328,udp,dns,53,0,1,1,1,1,1,1,0
329,udp,dns,53,0,1,1,1,1,1,1,0
330,tcp,,50912,0,1,1,1,1,1,1,1
331,tcp,,50960,0,1,1,1,1,1,1,1
332,tcp,,50872,0,1,1,1,1,1,1,1
333,udp,dns,53,0,1,1,1,1,1,1,0
334,tcp,ssl,443,0,1,1,1,1,1,1,1
335,udp,quic,443,0,1,1,1,1,1,1,1
336,,,443,,0,1,0,1,1,1,0
337,udp,dns,53,0,1,1,1,1,1,1,0
338,tcp,,36276,0,1,1,1,1,1,1,1
339,tcp,,42773,0,1,1,1,1,1,1,1
340,udp,quic,443,0,1,1,1,1,1,1,1
341,tcp,,443,0,1,1,1,1,1,1,1
342,tcp,,443,0,1,1,1,1,1,1,1
343,tcp,,443,0,1,1,1,1,1,1,1
344,udp,dns,53,0,1,1,1,1,1,1,0
345,udp,dns,53,0,1,1,1,1,1,1,0
346,udp,dns,53,0,1,1,1,1,1,1,0
347,udp,dns,53,0,1,1,1,1,1,1,0
348,udp,dns,53,0,1,1,1,1,1,1,0
349,udp,quic,443,0,1,1,1,1,1,1,1
350,,,443,,0,1,0,1,1,1,0
351,udp,dns,5353,0,1,1,1,1,1,1,1
352,udp,dns,5353,0,1,1,1,1,1,1,1
353,tcp,,34984,0,1,1,1,1,1,1,1
354,tcp,,50912,0,1,1,1,1,1,1,1
355,tcp,,50960,0,1,1,1,1,1,1,1
356,tcp,,50872,0,1,1,1,1,1,1,1
357,tcp,,58768,0,1,1,1,1,1,1,1
358,tcp,,45903,0,1,1,1,1,1,1,1
359,tcp,,2181,0,1,1,1,1,1,1,1
360,tcp,,9092,0,1,1,1,1,1,1,1
361,tcp,,42773,0,1,1,1,1,1,1,1
362,tcp,,9092,0,1,1,1,1,1,1,1
363,tcp,,27017,0,1,1,1,1,1,1,1
364,udp,dns,53,0,1,1,1,1,1,1,0
365,icmp,,3,0,1,1,1,1,1,1,1
366,tcp,,9092,0,1,1,1,1,1,1,1
367,udp,dns,53,0,1,1,1,1,1,1,0
368,udp,quic,443,0,1,1,1,1,1,1,1
369,tcp,,34984,0,1,1,1,1,1,1,1
370,tcp,,50912,0,1,1,1,1,1,1,1
371,tcp,,50872,0,1,1,1,1,1,1,1
372,icmp,,0,0,1,1,1,1,1,1,1
373,tcp,,50960,0,1,1,1,1,1,1,1
374,tcp,,8081,0,1,1,1,1,1,1,1
375,tcp,,3306,0,1,1,1,1,1,1,1
376,tcp,,8081,0,1,1,1,1,1,1,1
377,tcp,,36276,0,1,1,1,1,1,1,1
378,tcp,,42773,0,1,1,1,1,1,1,1
379,tcp,,443,0,1,1,1,1,1,1,1
380,tcp,,443,0,1,1,1,1,1,1,1
381,tcp,ssl,443,0,1,1,1,1,1,1,1
382,,,443,,0,1,0,1,1,1,0
383,udp,dns,53,0,1,1,1,1,1,1,0
384,tcp,,2181,0,1,1,1,1,1,1,1
385,tcp,,9092,0,1,1,1,1,1,1,1
386,udp,,1900,0,1,1,1,1,1,1,1
387,tcp,,9092,0,1,1,1,1,1,1,1
388,icmp,,3,0,1,1,1,1,1,1,1
389,icmp,,134,0,1,1,1,1,1,1,1
390,udp,dns,53,0,1,1,1,1,1,1,0
391,tcp,,3306,0,1,1,1,1,1,1,1
392,tcp,,8081,0,1,1,1,1,1,1,1
393,tcp,,58768,0,1,1,1,1,1,1,1
394,tcp,,45903,0,1,1,1,1,1,1,1
395,udp,dhcp,67,0,1,1,1,1,1,1,0
396,icmp,,0,0,1,1,1,1,1,1,1
397,icmp,,130,0,1,1,1,1,1,1,1
398,udp,dns,5353,0,1,1,1,1,1,1,1
399,tcp,,34984,0,1,1,1,1,1,1,1
400,tcp,,50912,0,1,1,1,1,1,1,1
401,tcp,,50872,0,1,1,1,1,1,1,1
402,tcp,,50960,0,1,1,1,1,1,1,1
403,tcp,,42773,0,1,1,1,1,1,1,1
404,icmp,,0,0,1,1,1,1,1,1,1
405,tcp,,2181,0,1,1,1,1,1,1,1
406,tcp,,9092,0,1,1,1,1,1,1,1
407,icmp,,0,0,1,1,1,1,1,1,1
408,tcp,,27017,0,1,1,1,1,1,1,1
409,tcp,,9092,0,1,1,1,1,1,1,1
410,udp,dns,53,0,1,1,1,1,1,1,0
411,udp,dns,53,0,1,1,1,1,1,1,0
412,udp,dns,53,0,1,1,1,1,1,1,0
413,udp,dns,53,0,1,1,1,1,1,1,0
414,udp,dns,53,0,1,1,1,1,1,1,0
415,udp,dns,53,0,1,1,1,1,1,1,0
416,udp,dns,53,0,1,1,1,1,1,1,0
417,tcp,,443,0,1,1,1,1,1,1,1
418,udp,dns,53,0,1,1,1,1,1,1,0
419,udp,dns,53,0,1,1,1,1,1,1,0
420,udp,dns,53,0,1,1,1,1,1,1,0
421,tcp,ssl,443,0,1,1,1,1,1,1,1
422,,,443,,0,1,1,1,1,1,0
423,udp,dns,5353,0,1,1,1,1,1,1,1
424,udp,dns,53,0,1,1,1,1,1,1,0
425,udp,dns,53,0,1,1,1,1,1,1,0
426,udp,dns,53,0,1,1,1,1,1,1,0
427,udp,quic,443,0,1,1,1,1,1,1,1
428,,,443,,1,1,1,1,1,1,1
429,tcp,,34984,0,1,1,1,1,1,1,1
430,tcp,,50912,0,1,1,1,1,1,1,1
431,tcp,,50872,0,1,1,1,1,1,1,1
432,tcp,,50960,0,1,1,1,1,1,1,1
433,udp,dns,53,0,1,1,1,1,1,1,0
434,udp,dns,53,0,1,1,1,1,1,1,0
435,udp,dns,53,0,1,1,1,1,1,1,0
436,udp,quic,443,0,1,1,1,1,1,1,1
437,,,443,,1,1,1,1,1,1,1
438,udp,dns,53,0,1,1,1,1,1,1,0
439,tcp,ssl,443,0,1,1,1,1,1,1,1
440,,,443,,0,1,1,1,1,1,0
441,tcp,,36276,0,1,1,1,1,1,1,1
442,udp,dns,53,0,1,1,1,1,1,1,0
443,udp,dns,53,0,1,1,1,1,1,1,0
444,udp,dns,53,0,1,1,1,1,1,1,0
445,udp,dns,53,0,1,1,1,1,1,1,0
446,tcp,,42773,0,1,1,1,1,1,1,1
447,udp,dns,53,0,1,1,1,1,1,1,0
448,udp,quic,443,0,1,1,1,1,1,1,1
449,tcp,,9997,0,1,1,1,1,1,1,1
450,tcp,,9997,0,1,1,1,1,1,1,1
451,icmp,,134,0,1,1,1,1,1,1,1
452,tcp,,58768,0,1,1,1,1,1,1,1
453,tcp,,45903,0,1,1,1,1,1,1,1
454,icmp,,134,0,1,1,1,1,1,1,1
455,udp,dns,53,0,1,1,1,1,1,1,0
456,tcp,,9092,0,1,1,1,1,1,1,1
457,tcp,,9092,0,1,1,1,1,1,1,1
458,udp,dns,5353,0,1,1,1,1,1,1,1
459,udp,dns,5353,0,1,1,1,1,1,1,1
460,tcp,,34984,0,1,1,1,1,1,1,1
461,tcp,,50912,0,1,1,1,1,1,1,1
462,tcp,,50872,0,1,1,1,1,1,1,1
463,tcp,,50960,0,1,1,1,1,1,1,1
464,tcp,,42773,0,1,1,1,1,1,1,1
465,udp,dns,53,0,1,1,1,1,1,1,0
466,udp,dns,53,0,1,1,1,1,1,1,0
467,tcp,,8081,0,1,1,1,1,1,1,1
468,tcp,,3306,0,1,1,1,1,1,1,1
469,tcp,,8081,0,1,1,1,1,1,1,1
470,tcp,,3306,0,1,1,1,1,1,1,1
471,udp,dns,53,0,1,1,1,1,1,1,0
472,tcp,ssl,443,0,1,1,1,1,1,1,1
473,,,443,,0,1,1,1,1,1,0
474,tcp,,8081,0,1,1,1,1,1,1,1
475,tcp,,2181,0,1,1,1,1,1,1,1
476,tcp,,27017,0,1,1,1,1,1,1,1
477,udp,dns,53,0,1,1,1,1,1,1,0
478,tcp,,9092,0,1,1,1,1,1,1,1
479,tcp,,9092,0,1,1,1,1,1,1,1
480,udp,dns,53,0,1,1,1,1,1,1,0
481,udp,dns,53,0,1,1,1,1,1,1,0
482,tcp,,34984,0,1,1,1,1,1,1,1
483,tcp,,50912,0,1,1,1,1,1,1,1
484,tcp,,50872,0,1,1,1,1,1,1,1
485,tcp,,50960,0,1,1,1,1,1,1,1
486,udp,dns,53,0,1,1,1,1,1,1,0
487,udp,quic,443,0,1,1,1,1,1,1,1
488,tcp,,36276,0,1,1,1,1,1,1,1
489,tcp,,42773,0,1,1,1,1,1,1,1
490,tcp,,58768,0,1,1,1,1,1,1,1
491,tcp,,45903,0,1,1,1,1,1,1,1
492,udp,dns,53,0,1,1,1,1,1,1,0
493,udp,dns,53,0,1,1,1,1,1,1,0
494,udp,dns,53,0,1,1,1,1,1,1,0
495,udp,quic,443,0,1,1,1,1,1,1,1
496,tcp,,2181,0,1,1,1,1,1,1,1
497,tcp,,34984,0,1,1,1,1,1,1,1
498,tcp,,50912,0,1,1,1,1,1,1,1
499,tcp,,50872,0,1,1,1,1,1,1,1
500,tcp,,50960,0,1,1,1,1,1,1,1
501,tcp,,9092,0,1,1,1,1,1,1,1
502,tcp,,42773,0,1,1,1,1,1,1,1
503,tcp,,9092,0,1,1,1,1,1,1,1
504,icmp,,0,0,1,1,1,1,1,1,1
505,icmp,,134,0,1,1,1,1,1,1,1
506,udp,dns,5353,0,1,1,1,1,1,1,1
507,icmp,,0,0,1,1,1,1,1,1,1
508,unknown_transport,,0,0,1,1,1,1,1,1,0
509,udp,dns,5355,0,1,1,1,1,1,1,1
510,udp,dns,5355,0,1,1,1,1,1,1,1
511,icmp,,134,0,1,1,1,1,1,1,1
512,tcp,,27017,0,1,1,1,1,1,1,1
513,udp,dns,5355,0,1,1,1,1,1,1,1
514,udp,dns,5355,0,1,1,1,1,1,1,1
515,icmp,,135,0,1,1,1,1,1,1,1
516,udp,dns,53,0,1,1,1,1,1,1,0
517,tcp,,2181,0,1,1,1,1,1,1,1
518,tcp,,34984,0,1,1,1,1,1,1,1
519,tcp,,50912,0,1,1,1,1,1,1,1
520,tcp,,50872,0,1,1,1,1,1,1,1
521,tcp,,50960,0,1,1,1,1,1,1,1
522,tcp,,36276,0,1,1,1,1,1,1,1
523,tcp,,42773,0,1,1,1,1,1,1,1
524,tcp,,58768,0,1,1,1,1,1,1,1
525,tcp,,45903,0,1,1,1,1,1,1,1
526,tcp,,9092,0,1,1,1,1,1,1,1
527,tcp,,9092,0,1,1,1,1,1,1,1
528,udp,dns,5353,0,1,1,1,1,1,1,1
529,udp,dns,5353,0,1,1,1,1,1,1,1
530,udp,dns,137,0,1,1,1,1,1,1,1
531,udp,dns,5355,0,1,1,1,1,1,1,1
532,udp,dns,5355,0,1,1,1,1,1,1,1
533,udp,dns,5355,0,1,1,1,1,1,1,1
534,udp,dns,5355,0,1,1,1,1,1,1,1
535,udp,dns,5353,0,1,1,1,1,1,1,1
536,udp,dns,5353,0,1,1,1,1,1,1,1
537,tcp,,34984,0,1,1,1,1,1,1,1
538,tcp,,50912,0,1,1,1,1,1,1,1
539,tcp,,50872,0,1,1,1,1,1,1,1
540,tcp,,50960,0,1,1,1,1,1,1,1
541,tcp,,2181,0,1,1,1,1,1,1,1
542,tcp,,42773,0,1,1,1,1,1,1,1
543,udp,dns,53,0,1,1,1,1,1,1,0
544,udp,dns,53,0,1,1,1,1,1,1,0
545,udp,dns,53,0,1,1,1,1,1,1,0
546,udp,dns,53,0,1,1,1,1,1,1,0
547,udp,quic,443,0,1,1,1,1,1,1,1
548,tcp,ssl,443,0,1,1,1,1,1,1,1
549,,,443,,0,1,0,1,1,1,0
550,tcp,,9092,0,1,1,1,1,1,1,1
551,tcp,,27017,0,1,1,1,1,1,1,1
552,tcp,,9092,0,1,1,1,1,1,1,1
553,udp,dns,53,0,1,1,1,1,1,1,0
554,udp,dns,53,0,1,1,1,1,1,1,0
555,udp,dns,53,0,1,1,1,1,1,1,0
556,udp,dns,53,0,1,1,1,1,1,1,0
557,udp,quic,443,0,1,1,1,1,1,1,1
558,,,443,,0,1,1,1,1,1,0
559,udp,dns,53,0,1,1,1,1,1,1,0
560,udp,dns,53,0,1,1,1,1,1,1,0
561,udp,dns,53,0,1,1,1,1,1,1,0
562,udp,dns,53,0,1,1,1,1,1,1,0
563,udp,dns,53,0,1,1,1,1,1,1,0
564,udp,dns,53,0,1,1,1,1,1,1,0
565,udp,dns,53,0,1,1,1,1,1,1,0
566,udp,dns,53,0,1,1,1,1,1,1,0
567,udp,dns,53,0,1,1,1,1,1,1,0
568,udp,quic,443,0,1,1,1,1,1,1,1
569,udp,quic,443,0,1,1,1,1,1,1,1
570,udp,quic,443,0,1,1,1,1,1,1,1
571,,,443,,0,1,1,1,1,1,0
572,udp,quic,443,0,1,1,1,1,1,1,1
573,tcp,,34984,0,1,1,1,1,1,1,1
574,tcp,,58768,0,1,1,1,1,1,1,1
575,tcp,,45903,0,1,1,1,1,1,1,1
576,tcp,,50912,0,1,1,1,1,1,1,1
577,tcp,,50872,0,1,1,1,1,1,1,1
578,tcp,,50960,0,1,1,1,1,1,1,1
579,tcp,,36276,0,1,1,1,1,1,1,1
580,tcp,,42773,0,1,1,1,1,1,1,1
581,udp,,5678,0,1,1,1,1,1,1,1
582,tcp,,9997,0,1,1,1,1,1,1,1
583,tcp,,9997,0,1,1,1,1,1,1,1
584,tcp,,2181,0,1,1,1,1,1,1,1
585,udp,dns,5355,0,1,1,1,1,1,1,1
586,udp,dns,5355,0,1,1,1,1,1,1,1
587,udp,dns,5355,0,1,1,1,1,1,1,1
588,udp,dns,5355,0,1,1,1,1,1,1,1
589,udp,dns,53,0,1,1,1,1,1,1,0
590,udp,dns,53,0,1,1,1,1,1,1,0
591,tcp,,9092,0,1,1,1,1,1,1,1
592,tcp,,9092,0,1,1,1,1,1,1,1
593,udp,dns,53,0,1,1,1,1,1,1,0
594,tcp,ssl,443,30800,1,1,1,1,1,1,0
595,,,443,,0,1,1,1,1,1,0
596,udp,quic,443,0,1,1,1,1,1,1,1
597,udp,quic,443,0,1,1,1,1,1,1,1
598,tcp,,34984,0,1,1,1,1,1,1,1
599,tcp,,50912,0,1,1,1,1,1,1,1
600,tcp,,50872,0,1,1,1,1,1,1,1
601,tcp,,50960,0,1,1,1,1,1,1,1
602,tcp,,42773,0,1,1,1,1,1,1,1
603,tcp,,49232,0,1,1,1,1,1,1,1
604,udp,dns,53,0,1,1,1,1,1,1,0
605,udp,dns,5353,0,1,1,1,1,1,1,1
606,udp,dns,5353,0,1,1,1,1,1,1,1
607,tcp,,2181,0,1,1,1,1,1,1,1
608,tcp,,27017,0,1,1,1,1,1,1,1
609,udp,dns,5353,0,1,1,1,1,1,1,1
610,udp,dns,5353,0,1,1,1,1,1,1,1
611,tcp,,58768,0,1,1,1,1,1,1,1
612,tcp,,45903,0,1,1,1,1,1,1,1
613,tcp,,9092,0,1,1,1,1,1,1,1
614,tcp,,9092,0,1,1,1,1,1,1,1
615,tcp,,34984,0,1,1,1,1,1,1,1
616,tcp,,50912,0,1,1,1,1,1,1,1
617,tcp,,50872,0,1,1,1,1,1,1,1
618,tcp,,50960,0,1,1,1,1,1,1,1
619,tcp,,36276,0,1,1,1,1,1,1,1
620,tcp,,42773,0,1,1,1,1,1,1,1
621,tcp,,2181,0,1,1,1,1,1,1,1
622,udp,dns,5353,0,1,1,1,1,1,1,1
623,udp,dns,5353,0,1,1,1,1,1,1,1
624,udp,dns,53,0,1,1,1,1,1,1,0
625,tcp,ssl,443,0,1,1,1,1,1,1,1
626,,,443,,0,1,0,1,1,1,0
627,tcp,,34984,0,1,1,1,1,1,1,1
628,tcp,,50912,0,1,1,1,1,1,1,1
629,tcp,,50872,0,1,1,1,1,1,1,1
630,tcp,,50960,0,1,1,1,1,1,1,1
631,tcp,,9092,0,1,1,1,1,1,1,1
632,tcp,,42773,0,1,1,1,1,1,1,1
633,tcp,,9092,0,1,1,1,1,1,1,1
634,tcp,,27017,0,1,1,1,1,1,1,1
635,tcp,,58768,0,1,1,1,1,1,1,1
636,tcp,,45903,0,1,1,1,1,1,1,1
637,tcp,,2181,0,1,1,1,1,1,1,1
638,tcp,,34984,0,1,1,1,1,1,1,1
639,tcp,,50912,0,1,1,1,1,1,1,1
640,tcp,,50872,0,1,1,1,1,1,1,1
641,tcp,,50960,0,1,1,1,1,1,1,1
642,tcp,,36276,0,1,1,1,1,1,1,1
643,tcp,,42773,0,1,1,1,1,1,1,1
644,tcp,,9092,0,1,1,1,1,1,1,1
645,udp,,1900,0,1,1,1,1,1,1,1
646,tcp,,9092,0,1,1,1,1,1,1,1
647,udp,quic,443,0,1,1,1,1,1,1,1
648,tcp,,34984,0,1,1,1,1,1,1,1
649,tcp,,50912,0,1,1,1,1,1,1,1
650,tcp,,50872,0,1,1,1,1,1,1,1
651,tcp,,50960,0,1,1,1,1,1,1,1
652,tcp,,2181,0,1,1,1,1,1,1,1
653,tcp,,42773,0,1,1,1,1,1,1,1
654,tcp,,58768,0,1,1,1,1,1,1,1
655,tcp,,45903,0,1,1,1,1,1,1,1
656,tcp,,9092,0,1,1,1,1,1,1,1
657,tcp,,27017,0,1,1,1,1,1,1,1
658,icmp,,0,0,1,1,1,1,1,1,1
659,icmp,,0,0,1,1,1,1,1,1,1
660,tcp,,9092,0,1,1,1,1,1,1,1
661,udp,dns,53,0,1,1,1,1,1,1,0
662,udp,dns,53,0,1,1,1,1,1,1,0
663,udp,dns,53,0,1,1,1,1,1,1,0
664,udp,dns,53,0,1,1,1,1,1,1,0
665,udp,dns,53,0,1,1,1,1,1,1,0
666,udp,dns,53,0,1,1,1,1,1,1,0
667,tcp,,34984,0,1,1,1,1,1,1,1
668,tcp,,50912,0,1,1,1,1,1,1,1
669,tcp,,50872,0,1,1,1,1,1,1,1
670,tcp,,50960,0,1,1,1,1,1,1,1
671,tcp,,36276,0,1,1,1,1,1,1,1
672,tcp,,42773,0,1,1,1,1,1,1,1
673,tcp,,9997,0,1,1,1,1,1,1,1
674,tcp,,9997,0,1,1,1,1,1,1,1
675,tcp,,2181,0,1,1,1,1,1,1,1
676,tcp,,9092,0,1,1,1,1,1,1,1
677,tcp,,9092,0,1,1,1,1,1,1,1
678,udp,dns,5353,0,1,1,1,1,1,1,1
679,udp,dns,5353,0,1,1,1,1,1,1,1
680,tcp,,34984,0,1,1,1,1,1,1,1
681,tcp,,50912,0,1,1,1,1,1,1,1
682,tcp,,50872,0,1,1,1,1,1,1,1
683,tcp,,50960,0,1,1,1,1,1,1,1
684,tcp,,42773,0,1,1,1,1,1,1,1
685,tcp,,58768,0,1,1,1,1,1,1,1
686,tcp,,45903,0,1,1,1,1,1,1,1
687,tcp,,2181,0,1,1,1,1,1,1,1
688,tcp,,27017,0,1,1,1,1,1,1,1
689,udp,dns,53,0,1,1,1,1,1,1,0
690,udp,dns,53,0,1,1,1,1,1,1,0
691,udp,dns,53,0,1,1,1,1,1,1,0
692,udp,quic,443,0,1,1,1,1,1,1,1
693,tcp,,9092,0,1,1,1,1,1,1,1
694,tcp,,37076,0,1,1,1,1,1,1,1
695,tcp,,37080,0,1,1,1,1,1,1,1
696,tcp,,37094,0,1,1,1,1,1,1,1
697,tcp,,9092,0,1,1,1,1,1,1,1
698,tcp,,34984,0,1,1,1,1,1,1,1
699,tcp,,50912,0,1,1,1,1,1,1,1
700,tcp,,50872,0,1,1,1,1,1,1,1
701,tcp,,50960,0,1,1,1,1,1,1,1
702,tcp,,36276,0,1,1,1,1,1,1,1
703,tcp,,42773,0,1,1,1,1,1,1,1
704,udp,dns,53,0,1,1,1,1,1,1,0
705,udp,dns,53,0,1,1,1,1,1,1,0
706,udp,dns,53,0,1,1,1,1,1,1,0
707,tcp,ssl,443,0,1,1,1,1,1,1,1
708,,,443,,0,1,1,1,1,1,0
709,tcp,,2181,0,1,1,1,1,1,1,1
710,udp,dns,53,0,1,1,1,1,1,1,0
711,udp,dns,53,0,1,1,1,1,1,1,0
712,udp,dns,53,0,1,1,1,1,1,1,0
713,udp,quic,443,0,1,1,1,1,1,1,1
714,udp,dns,53,0,1,1,1,1,1,1,0
715,udp,quic,443,0,1,1,1,1,1,1,1
716,,,443,,0,1,0,1,1,1,0
717,tcp,,34984,0,1,1,1,1,1,1,1
718,tcp,,58768,0,1,1,1,1,1,1,1
719,tcp,,45903,0,1,1,1,1,1,1,1
720,tcp,,50912,0,1,1,1,1,1,1,1
721,tcp,,50872,0,1,1,1,1,1,1,1
722,tcp,,50960,0,1,1,1,1,1,1,1
723,tcp,,9092,0,1,1,1,1,1,1,1
724,tcp,,9092,0,1,1,1,1,1,1,1
725,tcp,,42773,0,1,1,1,1,1,1,1
726,tcp,,27017,0,1,1,1,1,1,1,1
727,udp,dns,53,0,1,1,1,1,1,1,0
728,udp,dns,53,0,1,1,1,1,1,1,0
729,udp,dns,53,0,1,1,1,1,1,1,0
730,udp,dns,53,0,1,1,1,1,1,1,0
731,udp,dns,53,0,1,1,1,1,1,1,0
732,udp,quic,443,0,1,1,1,1,1,1,1
733,tcp,,2181,0,1,1,1,1,1,1,1
734,udp,quic,443,0,1,1,1,1,1,1,1
735,udp,dns,53,0,1,1,1,1,1,1,0
736,udp,dns,53,0,1,1,1,1,1,1,0
737,tcp,,34984,0,1,1,1,1,1,1,1
738,tcp,,50912,0,1,1,1,1,1,1,1
739,tcp,,50872,0,1,1,1,1,1,1,1
740,tcp,,50960,0,1,1,1,1,1,1,1
741,udp,dns,53,0,1,1,1,1,1,1,0
742,udp,dns,53,0,1,1,1,1,1,1,0
743,udp,dns,53,0,1,1,1,1,1,1,0
744,udp,quic,443,0,1,1,1,1,1,1,1
745,,,443,,1,1,1,1,1,1,1
746,udp,dns,53,0,1,1,1,1,1,1,0
747,tcp,ssl,443,0,1,1,1,1,1,1,1
748,,,443,,0,1,1,1,1,1,0
749,tcp,,36276,0,1,1,1,1,1,1,1
750,tcp,,42773,0,1,1,1,1,1,1,1
751,tcp,,9092,0,1,1,1,1,1,1,1
752,udp,dns,53,0,1,1,1,1,1,1,0
753,udp,dns,53,0,1,1,1,1,1,1,0
754,tcp,,9092,0,1,1,1,1,1,1,1
755,udp,dns,53,0,1,1,1,1,1,1,0
756,tcp,ssl,443,0,1,1,1,1,1,1,1
757,,,443,,0,1,1,1,1,1,0
758,udp,dns,53,0,1,1,1,1,1,1,0
759,udp,dns,53,0,1,1,1,1,1,1,0
760,udp,quic,443,0,1,1,1,1,1,1,1
761,,,443,,0,1,1,1,1,1,0
762,tcp,,58768,0,1,1,1,1,1,1,1
763,tcp,,45903,0,1,1,1,1,1,1,1
764,udp,dns,5353,0,1,1,1,1,1,1,1
765,udp,dns,5353,0,1,1,1,1,1,1,1
766,tcp,,34984,0,1,1,1,1,1,1,1
767,tcp,,50912,0,1,1,1,1,1,1,1
768,tcp,,2181,0,1,1,1,1,1,1,1
769,tcp,,50872,0,1,1,1,1,1,1,1
770,tcp,,50960,0,1,1,1,1,1,1,1
771,udp,quic,443,0,1,1,1,1,1,1,1
772,tcp,,42773,0,1,1,1,1,1,1,1
773,tcp,,9092,0,1,1,1,1,1,1,1
774,tcp,,27017,0,1,1,1,1,1,1,1
775,tcp,,9092,0,1,1,1,1,1,1,1
776,udp,dns,53,0,1,1,1,1,1,1,0
777,udp,dns,53,0,1,1,1,1,1,1,0
778,udp,dns,53,0,1,1,1,1,1,1,0
779,udp,quic,443,0,1,1,1,1,1,1,1
780,,,443,,1,1,1,1,1,1,1
781,tcp,,34984,0,1,1,1,1,1,1,1
782,tcp,,50912,0,1,1,1,1,1,1,1
783,tcp,,50872,0,1,1,1,1,1,1,1
784,tcp,,50960,0,1,1,1,1,1,1,1
785,tcp,,36276,0,1,1,1,1,1,1,1
786,tcp,,42773,0,1,1,1,1,1,1,1
787,udp,,5678,0,1,1,1,1,1,1,1
788,udp,,5678,0,1,1,1,1,1,1,1
789,tcp,,9997,0,1,1,1,1,1,1,1
790,tcp,,9997,0,1,1,1,1,1,1,1
791,tcp,,2181,0,1,1,1,1,1,1,1
792,tcp,,58768,0,1,1,1,1,1,1,1
793,tcp,,45903,0,1,1,1,1,1,1,1
794,tcp,,9092,0,1,1,1,1,1,1,1
795,tcp,,9092,0,1,1,1,1,1,1,1
796,tcp,,34984,0,1,1,1,1,1,1,1
797,tcp,,50912,0,1,1,1,1,1,1,1
798,tcp,,50872,0,1,1,1,1,1,1,1
799,tcp,,50960,0,1,1,1,1,1,1,1
800,tcp,,42773,0,1,1,1,1,1,1,1
801,tcp,,2181,0,1,1,1,1,1,1,1
802,tcp,,27017,0,1,1,1,1,1,1,1
803,tcp,,9092,0,1,1,1,1,1,1,1
804,udp,quic,443,0,1,1,1,1,1,1,1
805,,,443,,0,1,0,1,1,1,0
806,tcp,,9092,0,1,1,1,1,1,1,1
807,tcp,,34984,0,1,1,1,1,1,1,1
808,tcp,,50912,0,1,1,1,1,1,1,1
809,tcp,,50872,0,1,1,1,1,1,1,1
810,tcp,,50960,0,1,1,1,1,1,1,1
811,tcp,,36276,0,1,1,1,1,1,1,1
812,tcp,,42773,0,1,1,1,1,1,1,1
813,tcp,,58768,0,1,1,1,1,1,1,1
814,tcp,,45903,0,1,1,1,1,1,1,1
815,tcp,,2181,0,1,1,1,1,1,1,1
816,icmp,,0,0,1,1,1,1,1,1,1
817,icmp,,134,0,1,1,1,1,1,1,1
818,udp,dhcp,67,0,1,1,1,1,1,1,0
819,udp,dns,5353,0,1,1,1,1,1,1,1
820,udp,dns,5353,0,1,1,1,1,1,1,1
821,udp,dns,5353,0,1,1,1,1,1,1,1
822,tcp,,34984,0,1,1,1,1,1,1,1
823,tcp,,50912,0,1,1,1,1,1,1,1
824,tcp,,50872,0,1,1,1,1,1,1,1
825,tcp,,50960,0,1,1,1,1,1,1,1
826,tcp,,9092,0,1,1,1,1,1,1,1
827,tcp,,9092,0,1,1,1,1,1,1,1
828,tcp,,42773,0,1,1,1,1,1,1,1
829,unknown_transport,,0,0,1,1,1,1,1,1,0
830,unknown_transport,,0,0,1,1,1,1,1,1,0
831,udp,dns,5353,0,1,1,1,1,1,1,1
832,tcp,,27017,0,1,1,1,1,1,1,1
833,udp,dns,53,0,1,1,1,1,1,1,0
834,tcp,http,80,0,1,1,1,1,1,1,1
835,,,80,,0,1,1,1,1,1,0
836,tcp,,2181,0,1,1,1,1,1,1,1
837,tcp,,34984,0,1,1,1,1,1,1,1
838,tcp,,50912,0,1,1,1,1,1,1,1
839,tcp,,50872,0,1,1,1,1,1,1,1
840,tcp,,50960,0,1,1,1,1,1,1,1
841,tcp,,36276,0,1,1,1,1,1,1,1
842,tcp,,42773,0,1,1,1,1,1,1,1
843,udp,dns,53,0,1,1,1,1,1,1,0
844,udp,dns,53,0,1,1,1,1,1,1,0
845,tcp,,58768,0,1,1,1,1,1,1,1
846,tcp,,45903,0,1,1,1,1,1,1,1
847,tcp,,9092,0,1,1,1,1,1,1,1
848,udp,dns,53,0,1,1,1,1,1,1,0
849,udp,quic,443,0,1,1,1,1,1,1,1
850,,,443,,1,1,1,1,1,1,1
851,tcp,,9092,0,1,1,1,1,1,1,1
852,udp,,1900,0,1,1,1,1,1,1,1
853,tcp,,34984,0,1,1,1,1,1,1,1
854,tcp,,2181,0,1,1,1,1,1,1,1
855,tcp,,50912,0,1,1,1,1,1,1,1
856,tcp,,50872,0,1,1,1,1,1,1,1
857,tcp,,50960,0,1,1,1,1,1,1,1
858,icmp,,0,0,1,1,1,1,1,1,1
859,icmp,,130,0,1,1,1,1,1,1,1
860,unknown_transport,,0,0,1,1,1,1,1,1,0
861,unknown_transport,,0,0,1,1,1,1,1,1,0
862,udp,dns,5353,0,1,1,1,1,1,1,1
863,udp,dns,5353,0,1,1,1,1,1,1,1
864,tcp,,42773,0,1,1,1,1,1,1,1
865,tcp,,9092,0,1,1,1,1,1,1,1
866,tcp,,27017,0,1,1,1,1,1,1,1
867,tcp,,9092,0,1,1,1,1,1,1,1
868,icmp,,0,0,1,1,1,1,1,1,1
869,udp,dns,53,0,1,1,1,1,1,1,0
870,udp,dns,53,0,1,1,1,1,1,1,0
871,udp,dns,53,0,1,1,1,1,1,1,0
872,udp,dns,53,0,1,1,1,1,1,1,0
873,udp,dns,53,0,1,1,1,1,1,1,0
874,udp,dns,53,0,1,1,1,1,1,1,0
875,udp,dns,53,0,1,1,1,1,1,1,0
876,udp,dns,53,0,1,1,1,1,1,1,0
877,tcp,,58768,0,1,1,1,1,1,1,1
878,tcp,,45903,0,1,1,1,1,1,1,1
879,tcp,,34984,0,1,1,1,1,1,1,1
880,tcp,,50912,0,1,1,1,1,1,1,1
881,tcp,,50872,0,1,1,1,1,1,1,1
882,tcp,,50960,0,1,1,1,1,1,1,1
883,udp,dns,53,0,1,1,1,1,1,1,0
884,udp,quic,443,0,1,1,1,1,1,1,1
885,,,443,,1,1,1,1,1,1,1
886,tcp,,36276,0,1,1,1,1,1,1,1
887,tcp,,42773,0,1,1,1,1,1,1,1
888,udp,dns,53,0,1,1,1,1,1,1,0
889,udp,dns,53,0,1,1,1,1,1,1,0
890,udp,dns,53,0,1,1,1,1,1,1,0
891,udp,dns,53,0,1,1,1,1,1,1,0
892,udp,dns,53,0,1,1,1,1,1,1,0
893,tcp,,9997,0,1,1,1,1,1,1,1
894,tcp,,9997,0,1,1,1,1,1,1,1
895,tcp,,2181,0,1,1,1,1,1,1,1
896,udp,dns,53,0,1,1,1,1,1,1,0
897,udp,dns,53,0,1,1,1,1,1,1,0
898,udp,dns,53,0,1,1,1,1,1,1,0
899,udp,quic,443,0,1,1,1,1,1,1,1
900,,,443,,1,1,1,1,1,1,1
901,udp,dns,53,0,1,1,1,1,1,1,0
902,udp,dns,53,0,1,1,1,1,1,1,0
903,udp,quic,443,0,1,1,1,1,1,1,1
904,udp,quic,443,0,1,1,1,1,1,1,1
905,,,443,,1,1,1,1,1,1,1
906,udp,dns,53,0,1,1,1,1,1,1,0
907,udp,quic,443,0,1,1,1,1,1,1,1
908,udp,dns,53,0,1,1,1,1,1,1,0
909,udp,dns,53,0,1,1,1,1,1,1,0
910,udp,dns,53,0,1,1,1,1,1,1,0
911,udp,dns,53,0,1,1,1,1,1,1,0
912,udp,dns,53,0,1,1,1,1,1,1,0
913,udp,quic,443,0,1,1,1,1,1,1,1
914,tcp,,9092,0,1,1,1,1,1,1,1
915,tcp,,9092,0,1,1,1,1,1,1,1
916,udp,dns,5353,0,1,1,1,1,1,1,1
917,udp,dns,5353,0,1,1,1,1,1,1,1
918,tcp,,34984,0,1,1,1,1,1,1,1
919,tcp,,50912,0,1,1,1,1,1,1,1
920,tcp,,50960,0,1,1,1,1,1,1,1
921,tcp,,50872,0,1,1,1,1,1,1,1
922,tcp,,42773,0,1,1,1,1,1,1,1
923,icmp,,134,0,1,1,1,1,1,1,1
924,tcp,,2181,0,1,1,1,1,1,1,1
925,tcp,,27017,0,1,1,1,1,1,1,1
926,udp,,138,0,1,1,1,1,1,1,1
927,tcp,,58768,0,1,1,1,1,1,1,1
928,tcp,,45903,0,1,1,1,1,1,1,1
929,tcp,,9092,0,1,1,1,1,1,1,1
930,tcp,,9092,0,1,1,1,1,1,1,1
931,tcp,,34984,0,1,1,1,1,1,1,1
932,tcp,,50912,0,1,1,1,1,1,1,1
933,tcp,,50960,0,1,1,1,1,1,1,1
934,tcp,,50872,0,1,1,1,1,1,1,1
935,tcp,,36276,0,1,1,1,1,1,1,1
936,tcp,,42773,0,1,1,1,1,1,1,1
937,tcp,,2181,0,1,1,1,1,1,1,1
938,tcp,,34984,0,1,1,1,1,1,1,1
939,tcp,,50912,0,1,1,1,1,1,1,1
940,tcp,,50960,0,1,1,1,1,1,1,1
941,tcp,,50872,0,1,1,1,1,1,1,1
942,tcp,,9092,0,1,1,1,1,1,1,1
943,tcp,,9092,0,1,1,1,1,1,1,1
944,tcp,,42773,0,1,1,1,1,1,1,1
945,tcp,,27017,0,1,1,1,1,1,1,1
946,tcp,,58768,0,1,1,1,1,1,1,1
947,tcp,,45903,0,1,1,1,1,1,1,1
948,udp,dns,53,0,1,1,1,1,1,1,0
949,udp,dns,53,0,1,1,1,1,1,1,0
950,udp,dns,53,0,1,1,1,1,1,1,0
951,udp,dns,53,0,1,1,1,1,1,1,0
952,udp,quic,443,0,1,1,1,1,1,1,1
953,udp,quic,443,0,1,1,1,1,1,1,1
954,,,443,,0,1,0,1,1,1,0
955,tcp,,2181,0,1,1,1,1,1,1,1
956,tcp,,42803,0,1,1,1,1,1,1,1
957,tcp,,44368,0,1,1,1,1,1,1,1
958,tcp,,34984,0,1,1,1,1,1,1,1
959,tcp,,50912,0,1,1,1,1,1,1,1
960,tcp,,50960,0,1,1,1,1,1,1,1
961,tcp,,50872,0,1,1,1,1,1,1,1
962,tcp,,36276,0,1,1,1,1,1,1,1
963,tcp,,42773,0,1,1,1,1,1,1,1
964,tcp,,9092,0,1,1,1,1,1,1,1
965,tcp,,9092,0,1,1,1,1,1,1,1
966,udp,dns,53,0,1,1,1,1,1,1,0
967,udp,dns,53,0,1,1,1,1,1,1,0
968,udp,dns,53,0,1,1,1,1,1,1,0
969,tcp,ssl,443,0,1,1,1,1,1,1,1
970,,,443,,0,1,0,1,1,1,0
971,udp,dns,5353,0,1,1,1,1,1,1,1
972,udp,dns,5353,0,1,1,1,1,1,1,1
973,tcp,,2181,0,1,1,1,1,1,1,1
974,tcp,,34984,0,1,1,1,1,1,1,1
975,tcp,,50912,0,1,1,1,1,1,1,1
976,udp,dns,53,0,1,1,1,1,1,1,0
977,udp,dns,53,0,1,1,1,1,1,1,0
978,udp,dns,53,0,1,1,1,1,1,1,0
979,udp,dns,53,0,1,1,1,1,1,1,0
980,udp,dns,53,0,1,1,1,1,1,1,0
981,udp,dns,53,0,1,1,1,1,1,1,0
982,tcp,,50960,0,1,1,1,1,1,1,1
983,tcp,,50872,0,1,1,1,1,1,1,1
984,tcp,,42773,0,1,1,1,1,1,1,1
985,udp,dns,53,0,1,1,1,1,1,1,0
986,udp,dns,53,0,1,1,1,1,1,1,0
987,udp,dns,53,0,1,1,1,1,1,1,0
988,udp,quic,443,0,1,1,1,1,1,1,1
989,,,443,,0,1,0,1,1,1,0
990,udp,dns,53,0,1,1,1,1,1,1,0
991,tcp,,58768,0,1,1,1,1,1,1,1
992,tcp,,45903,0,1,1,1,1,1,1,1
993,udp,quic,443,0,1,1,1,1,1,1,1
994,udp,dns,53,0,1,1,1,1,1,1,0
995,udp,dns,53,0,1,1,1,1,1,1,0
996,udp,dns,53,0,1,1,1,1,1,1,0
997,udp,quic,443,0,1,1,1,1,1,1,1
998,udp,dns,53,0,1,1,1,1,1,1,0
999,tcp,ssl,443,0,1,1,1,1,1,1,1
1000,,,443,,0,1,1,1,1,1,0
1001,tcp,,9092,0,1,1,1,1,1,1,1
1002,tcp,,27017,0,1,1,1,1,1,1,1
1003,tcp,,9092,0,1,1,1,1,1,1,1
1004,tcp,,34984,0,1,1,1,1,1,1,1
1005,tcp,,50912,0,1,1,1,1,1,1,1
1006,tcp,,50960,0,1,1,1,1,1,1,1
1007,tcp,,50872,0,1,1,1,1,1,1,1
1008,udp,dns,53,0,1,1,1,1,1,1,0
1009,udp,dns,53,0,1,1,1,1,1,1,0
1010,udp,dns,53,0,1,1,1,1,1,1,0
1011,tcp,ssl,443,0,1,1,1,1,1,1,1
1012,,,443,,0,1,0,1,1,1,0
1013,tcp,,36276,0,1,1,1,1,1,1,1
1014,udp,,5678,0,1,1,1,1,1,1,1
1015,tcp,,42773,0,1,1,1,1,1,1,1
1016,tcp,,9997,0,1,1,1,1,1,1,1
1017,tcp,,9997,0,1,1,1,1,1,1,1
1018,tcp,,2181,0,1,1,1,1,1,1,1
1019,tcp,,9092,0,1,1,1,1,1,1,1
1020,tcp,,9092,0,1,1,1,1,1,1,1
1021,udp,quic,443,0,1,1,1,1,1,1,1
1022,tcp,,42803,0,1,1,1,1,1,1,1
1023,udp,dns,5353,0,1,1,1,1,1,1,1
1024,udp,dns,5353,0,1,1,1,1,1,1,1
1025,tcp,,34984,0,1,1,1,1,1,1,1
1026,tcp,,50912,0,1,1,1,1,1,1,1
1027,tcp,,50960,0,1,1,1,1,1,1,1
1028,tcp,,50872,0,1,1,1,1,1,1,1
1029,tcp,,42773,0,1,1,1,1,1,1,1
1030,tcp,,58768,0,1,1,1,1,1,1,1
1031,tcp,,45903,0,1,1,1,1,1,1,1
1032,tcp,,2181,0,1,1,1,1,1,1,1
1033,udp,dns,5353,0,1,1,1,1,1,1,1
1034,udp,dns,5353,0,1,1,1,1,1,1,1
1035,tcp,,27017,0,1,1,1,1,1,1,1
1036,tcp,,9092,0,1,1,1,1,1,1,1
1037,tcp,,9092,0,1,1,1,1,1,1,1
1038,tcp,,34984,0,1,1,1,1,1,1,1
1039,tcp,,50912,0,1,1,1,1,1,1,1
1040,tcp,,50960,0,1,1,1,1,1,1,1
1041,tcp,,50872,0,1,1,1,1,1,1,1
1042,tcp,,36276,0,1,1,1,1,1,1,1
1043,tcp,,42773,0,1,1,1,1,1,1,1
1044,tcp,,2181,0,1,1,1,1,1,1,1
1045,udp,dns,53,0,1,1,1,1,1,1,0
1046,udp,dns,53,0,1,1,1,1,1,1,0
1047,udp,dns,53,0,1,1,1,1,1,1,0
1048,udp,dns,53,0,1,1,1,1,1,1,0
1049,udp,dns,53,0,1,1,1,1,1,1,0
1050,tcp,ssl,443,2880,1,1,1,1,1,1,0
1051,tcp,ssl,443,2880,1,1,1,1,1,1,0
1052,tcp,ssl,443,2880,1,1,1,1,1,1,0
1053,tcp,ssl,443,2832,1,1,1,1,1,1,0
1054,tcp,ssl,443,2832,1,1,1,1,1,1,0
1055,,,443,,1,1,1,1,1,1,1
1056,,,443,,1,1,1,1,1,1,1
1057,,,443,,1,1,1,1,1,1,1
1058,,,443,,1,1,1,1,1,1,1
1059,,,443,,1,1,1,1,1,1,1
1060,udp,dns,53,0,1,1,1,1,1,1,0
1061,udp,dns,53,0,1,1,1,1,1,1,0
1062,tcp,http,80,0,1,1,1,1,1,1,1
1063,tcp,http,80,0,1,1,1,1,1,1,1
1064,,,80,,0,1,1,1,1,1,0
1065,,,80,,0,1,1,1,1,1,0
1066,udp,dns,53,0,1,1,1,1,1,1,0
1067,udp,dns,53,0,1,1,1,1,1,1,0
1068,tcp,ssl,443,2844,1,1,1,1,1,1,0
1069,tcp,ssl,443,486684,1,1,1,1,1,1,0
1070,,,443,,1,1,1,1,1,1,1
1071,,,443,,1,1,1,1,1,1,1
1072,udp,dns,5353,0,1,1,1,1,1,1,1
1073,udp,dns,5353,0,1,1,1,1,1,1,1
1074,tcp,,58768,0,1,1,1,1,1,1,1
1075,tcp,,45903,0,1,1,1,1,1,1,1
1076,udp,dns,53,0,1,1,1,1,1,1,0
1077,udp,dns,53,0,1,1,1,1,1,1,0
1078,udp,dns,53,0,1,1,1,1,1,1,0
1079,udp,quic,443,0,1,1,1,1,1,1,1
1080,,,443,,1,1,1,1,1,1,1
1081,tcp,,34984,0,1,1,1,1,1,1,1
1082,tcp,,50912,0,1,1,1,1,1,1,1
1083,tcp,,50960,0,1,1,1,1,1,1,1
1084,tcp,,50872,0,1,1,1,1,1,1,1
1085,tcp,,9092,0,1,1,1,1,1,1,1
1086,tcp,,9092,0,1,1,1,1,1,1,1
1087,tcp,,42773,0,1,1,1,1,1,1,1
1088,udp,dns,53,0,1,1,1,1,1,1,0
1089,udp,dns,53,0,1,1,1,1,1,1,0
1090,udp,dns,53,0,1,1,1,1,1,1,0
1091,udp,quic,443,0,1,1,1,1,1,1,1
1092,,,443,,1,1,1,1,1,1,1
1093,tcp,,27017,0,1,1,1,1,1,1,1
1094,tcp,,2181,0,1,1,1,1,1,1,1
1095,tcp,,34984,0,1,1,1,1,1,1,1
1096,tcp,,50912,0,1,1,1,1,1,1,1
1097,tcp,,50960,0,1,1,1,1,1,1,1
1098,tcp,,50872,0,1,1,1,1,1,1,1
1099,tcp,,36276,0,1,1,1,1,1,1,1
1100,tcp,,42773,0,1,1,1,1,1,1,1
1101,tcp,,9092,0,1,1,1,1,1,1,1
1102,udp,,1900,0,1,1,1,1,1,1,1
1103,tcp,,9092,0,1,1,1,1,1,1,1
1104,tcp,,58768,0,1,1,1,1,1,1,1
1105,tcp,,45903,0,1,1,1,1,1,1,1
1106,tcp,,2181,0,1,1,1,1,1,1,1
1107,tcp,,34984,0,1,1,1,1,1,1,1
1108,tcp,,50912,0,1,1,1,1,1,1,1
1109,tcp,,50960,0,1,1,1,1,1,1,1
1110,tcp,,50872,0,1,1,1,1,1,1,1
1111,tcp,,42773,0,1,1,1,1,1,1,1
1112,tcp,,9092,0,1,1,1,1,1,1,1
1113,tcp,,27017,0,1,1,1,1,1,1,1
1114,tcp,,9092,0,1,1,1,1,1,1,1
1115,tcp,,34984,0,1,1,1,1,1,1,1
1116,tcp,,50912,0,1,1,1,1,1,1,1
1117,tcp,,50960,0,1,1,1,1,1,1,1
1118,tcp,,50872,0,1,1,1,1,1,1,1
1119,tcp,,36276,0,1,1,1,1,1,1,1
1120,tcp,,42773,0,1,1,1,1,1,1,1
1121,tcp,,9997,0,1,1,1,1,1,1,1
1122,tcp,,9997,0,1,1,1,1,1,1,1
1123,tcp,,2181,0,1,1,1,1,1,1,1
1124,tcp,,58768,0,1,1,1,1,1,1,1
1125,tcp,,45903,0,1,1,1,1,1,1,1
1126,tcp,,9092,0,1,1,1,1,1,1,1
1127,tcp,,9092,0,1,1,1,1,1,1,1
1128,udp,dns,5353,0,1,1,1,1,1,1,1
1129,udp,dns,5353,0,1,1,1,1,1,1,1
1130,tcp,,34984,0,1,1,1,1,1,1,1
1131,tcp,,50912,0,1,1,1,1,1,1,1
1132,tcp,,50960,0,1,1,1,1,1,1,1
1133,tcp,,50872,0,1,1,1,1,1,1,1
1134,tcp,,42773,0,1,1,1,1,1,1,1
1135,tcp,,2181,0,1,1,1,1,1,1,1
1136,tcp,,27017,0,1,1,1,1,1,1,1
1137,tcp,,9092,0,1,1,1,1,1,1,1
1138,tcp,,9092,0,1,1,1,1,1,1,1
1139,tcp,,8081,0,1,1,1,1,1,1,1
1140,tcp,,8081,0,1,1,1,1,1,1,1
1141,tcp,,8081,0,1,1,1,1,1,1,1
1142,tcp,,34984,0,1,1,1,1,1,1,1
1143,tcp,,50912,0,1,1,1,1,1,1,1
1144,tcp,,50960,0,1,1,1,1,1,1,1
1145,tcp,,50872,0,1,1,1,1,1,1,1
1146,tcp,,36276,0,1,1,1,1,1,1,1
1147,tcp,,42773,0,1,1,1,1,1,1,1
1148,tcp,,58768,0,1,1,1,1,1,1,1
1149,tcp,,45903,0,1,1,1,1,1,1,1
1150,tcp,,2181,0,1,1,1,1,1,1,1
1151,tcp,,34984,0,1,1,1,1,1,1,1
1152,tcp,,50912,0,1,1,1,1,1,1,1
1153,tcp,,50960,0,1,1,1,1,1,1,1
1154,tcp,,9092,0,1,1,1,1,1,1,1
1155,tcp,,50872,0,1,1,1,1,1,1,1
1156,tcp,,9092,0,1,1,1,1,1,1,1
1157,tcp,,42773,0,1,1,1,1,1,1,1
1158,tcp,,27017,0,1,1,1,1,1,1,1
1159,tcp,,2181,0,1,1,1,1,1,1,1
1160,tcp,,34984,0,1,1,1,1,1,1,1
1161,tcp,,50912,0,1,1,1,1,1,1,1
1162,tcp,,50960,0,1,1,1,1,1,1,1
1163,tcp,,50872,0,1,1,1,1,1,1,1
1164,tcp,,36276,0,1,1,1,1,1,1,1
1165,tcp,,58768,0,1,1,1,1,1,1,1
1166,tcp,,42773,0,1,1,1,1,1,1,1
1167,tcp,,45903,0,1,1,1,1,1,1,1
1168,tcp,,9092,0,1,1,1,1,1,1,1
1169,tcp,,9092,0,1,1,1,1,1,1,1
1170,udp,dns,5353,0,1,1,1,1,1,1,1
1171,udp,dns,5353,0,1,1,1,1,1,1,1
1172,tcp,,2181,0,1,1,1,1,1,1,1
1173,tcp,,34984,0,1,1,1,1,1,1,1
1174,tcp,,50912,0,1,1,1,1,1,1,1
1175,tcp,,50960,0,1,1,1,1,1,1,1
1176,tcp,,50872,0,1,1,1,1,1,1,1
1177,tcp,,42773,0,1,1,1,1,1,1,1
1178,tcp,,9092,0,1,1,1,1,1,1,1
1179,tcp,,27017,0,1,1,1,1,1,1,1
1180,tcp,,9092,0,1,1,1,1,1,1,1
1181,tcp,,58768,0,1,1,1,1,1,1,1
1182,tcp,,45903,0,1,1,1,1,1,1,1
1183,tcp,,34984,0,1,1,1,1,1,1,1
1184,tcp,,50912,0,1,1,1,1,1,1,1
1185,tcp,,50960,0,1,1,1,1,1,1,1
1186,tcp,,50872,0,1,1,1,1,1,1,1
1187,tcp,,36276,0,1,1,1,1,1,1,1
1188,tcp,,42773,0,1,1,1,1,1,1,1
1189,tcp,,9997,0,1,1,1,1,1,1,1
1190,tcp,,9997,0,1,1,1,1,1,1,1
1191,tcp,,2181,0,1,1,1,1,1,1,1
1192,tcp,,9092,0,1,1,1,1,1,1,1
1193,tcp,,9092,0,1,1,1,1,1,1,1
1194,icmp,,0,0,1,1,1,1,1,1,1
1195,unknown_transport,,0,0,1,1,1,1,1,1,0
1196,unknown_transport,,0,0,1,1,1,1,1,1,0
1197,udp,dns,5353,0,1,1,1,1,1,1,1
1198,udp,dns,5353,0,1,1,1,1,1,1,1
1199,tcp,,34984,0,1,1,1,1,1,1,1
1200,tcp,,50912,0,1,1,1,1,1,1,1
1201,tcp,,50960,0,1,1,1,1,1,1,1
1202,tcp,,50872,0,1,1,1,1,1,1,1
1203,tcp,,42773,0,1,1,1,1,1,1,1
1204,tcp,,2181,0,1,1,1,1,1,1,1
1205,tcp,,27017,0,1,1,1,1,1,1,1
1206,udp,dns,53,0,1,1,1,1,1,1,0
1207,udp,dns,53,0,1,1,1,1,1,1,0
1208,tcp,ssl,443,2449,1,1,1,1,1,1,0
1209,tcp,ssl,443,5330,1,1,1,1,1,1,0
1210,,,443,,1,1,1,1,1,1,1
1211,,,443,,1,1,1,1,1,1,1
1212,tcp,,58768,0,1,1,1,1,1,1,1
1213,tcp,,45903,0,1,1,1,1,1,1,1
1214,tcp,,9092,0,1,1,1,1,1,1,1
1215,tcp,,9092,0,1,1,1,1,1,1,1
1216,tcp,,34984,0,1,1,1,1,1,1,1
1217,tcp,,50912,0,1,1,1,1,1,1,1
1218,tcp,,50960,0,1,1,1,1,1,1,1
1219,tcp,,50872,0,1,1,1,1,1,1,1
1220,tcp,,36276,0,1,1,1,1,1,1,1
1221,tcp,,42773,0,1,1,1,1,1,1,1
1222,tcp,,2181,0,1,1,1,1,1,1,1
1223,unknown_transport,,0,0,1,1,1,1,1,1,0
1224,udp,dns,5353,0,1,1,1,1,1,1,1
1225,udp,dns,5353,0,1,1,1,1,1,1,1
1226,udp,dns,5353,0,1,1,1,1,1,1,1
1227,udp,dns,5353,0,1,1,1,1,1,1,1
1228,tcp,,9092,0,1,1,1,1,1,1,1
1229,tcp,,9092,0,1,1,1,1,1,1,1
1230,tcp,,9092,0,1,1,1,1,1,1,1
1231,tcp,,34984,0,1,1,1,1,1,1,1
1232,tcp,,9092,0,1,1,1,1,1,1,1
1233,tcp,,50912,0,1,1,1,1,1,1,1
1234,tcp,,50960,0,1,1,1,1,1,1,1
1235,tcp,ssl,443,0,1,1,1,1,1,1,1
1236,,,443,,0,1,1,1,1,1,0
1237,tcp,,50872,0,1,1,1,1,1,1,1
1238,tcp,,9092,0,1,1,1,1,1,1,1
1239,tcp,,42773,0,1,1,1,1,1,1,1
1240,tcp,,27017,0,1,1,1,1,1,1,1
1241,tcp,,58768,0,1,1,1,1,1,1,1
1242,tcp,,45903,0,1,1,1,1,1,1,1
1243,tcp,,2181,0,1,1,1,1,1,1,1
1244,tcp,,34984,0,1,1,1,1,1,1,1
1245,tcp,,50912,0,1,1,1,1,1,1,1
1246,tcp,,50960,0,1,1,1,1,1,1,1
1247,tcp,,50872,0,1,1,1,1,1,1,1
1248,tcp,,36276,0,1,1,1,1,1,1,1
1249,tcp,,42773,0,1,1,1,1,1,1,1
1250,tcp,,9092,0,1,1,1,1,1,1,1
1251,udp,,1900,0,1,1,1,1,1,1,1
1252,tcp,,9092,0,1,1,1,1,1,1,1
1253,tcp,,9092,0,1,1,1,1,1,1,1
1254,tcp,,2181,0,1,1,1,1,1,1,1
1255,tcp,,9092,0,1,1,1,1,1,1,1
1256,tcp,,34984,0,1,1,1,1,1,1,1
1257,tcp,,50912,0,1,1,1,1,1,1,1
1258,tcp,,50960,0,1,1,1,1,1,1,1
1259,tcp,,50872,0,1,1,1,1,1,1,1
1260,tcp,,42773,0,1,1,1,1,1,1,1
1261,tcp,,58768,0,1,1,1,1,1,1,1
1262,tcp,,45903,0,1,1,1,1,1,1,1
1263,tcp,,9092,0,1,1,1,1,1,1,1
1264,tcp,,27017,0,1,1,1,1,1,1,1
1265,tcp,,9092,0,1,1,1,1,1,1,1
1266,tcp,,34984,0,1,1,1,1,1,1,1
1267,tcp,,50912,0,1,1,1,1,1,1,1
1268,tcp,,50960,0,1,1,1,1,1,1,1
1269,tcp,,50872,0,1,1,1,1,1,1,1
1270,tcp,,36276,0,1,1,1,1,1,1,1
1271,tcp,,9997,0,1,1,1,1,1,1,1
1272,tcp,,9997,0,1,1,1,1,1,1,1
1273,tcp,,2181,0,1,1,1,1,1,1,1
1274,tcp,,42773,0,1,1,1,1,1,1,1
1275,udp,quic,443,0,1,1,1,1,1,1,1
1276,,,443,,0,1,0,1,1,1,0
1277,tcp,,9092,0,1,1,1,1,1,1,1
1278,tcp,,9092,0,1,1,1,1,1,1,1
1279,udp,dns,5353,0,1,1,1,1,1,1,1
1280,udp,dns,5353,0,1,1,1,1,1,1,1
1281,tcp,,34984,0,1,1,1,1,1,1,1
1282,tcp,,50912,0,1,1,1,1,1,1,1
1283,tcp,,50960,0,1,1,1,1,1,1,1
1284,tcp,,50872,0,1,1,1,1,1,1,1
1285,tcp,,58768,0,1,1,1,1,1,1,1
1286,tcp,,45903,0,1,1,1,1,1,1,1
1287,tcp,,42773,0,1,1,1,1,1,1,1
1288,tcp,,2181,0,1,1,1,1,1,1,1
1289,tcp,,27017,0,1,1,1,1,1,1,1
1290,udp,dhcp,67,0,1,1,1,1,1,1,0
1291,tcp,,9092,0,1,1,1,1,1,1,1
1292,tcp,,9092,0,1,1,1,1,1,1,1
1293,tcp,,34984,0,1,1,1,1,1,1,1
1294,tcp,,50912,0,1,1,1,1,1,1,1
1295,tcp,,50960,0,1,1,1,1,1,1,1
1296,tcp,,50872,0,1,1,1,1,1,1,1
1297,tcp,,36276,0,1,1,1,1,1,1,1
1298,tcp,,3306,0,1,1,1,1,1,1,1
1299,tcp,,3306,0,1,1,1,1,1,1,1
1300,tcp,,57450,0,1,1,1,1,1,1,1
1301,tcp,,42773,0,1,1,1,1,1,1,1
1302,tcp,,2181,0,1,1,1,1,1,1,1
1303,tcp,,58768,0,1,1,1,1,1,1,1
1304,tcp,,45903,0,1,1,1,1,1,1,1
1305,tcp,,9092,0,1,1,1,1,1,1,1
1306,tcp,,34984,0,1,1,1,1,1,1,1
1307,tcp,,50912,0,1,1,1,1,1,1,1
1308,tcp,,50960,0,1,1,1,1,1,1,1
1309,tcp,,50872,0,1,1,1,1,1,1,1
1310,tcp,,9092,0,1,1,1,1,1,1,1
1311,tcp,,42773,0,1,1,1,1,1,1,1
1312,tcp,,27017,0,1,1,1,1,1,1,1
1313,udp,dns,53,0,1,1,1,1,1,1,0
1314,udp,dns,53,0,1,1,1,1,1,1,0
1315,udp,dns,53,0,1,1,1,1,1,1,0
1316,tcp,ssl,443,0,1,1,1,1,1,1,1
1317,,,443,,0,1,0,1,1,1,0
1318,tcp,,2181,0,1,1,1,1,1,1,1
1319,tcp,,34984,0,1,1,1,1,1,1,1
1320,tcp,,50912,0,1,1,1,1,1,1,1
1321,tcp,,50960,0,1,1,1,1,1,1,1
1322,tcp,,50872,0,1,1,1,1,1,1,1
1323,tcp,,36276,0,1,1,1,1,1,1,1
1324,tcp,,42773,0,1,1,1,1,1,1,1
1325,tcp,,9092,0,1,1,1,1,1,1,1
1326,tcp,,9092,0,1,1,1,1,1,1,1
1327,udp,dns,53,0,1,1,1,1,1,1,0
1328,udp,dns,53,0,1,1,1,1,1,1,0
1329,udp,dns,53,0,1,1,1,1,1,1,0
1330,udp,dns,53,0,1,1,1,1,1,1,0
1331,udp,dns,53,0,1,1,1,1,1,1,0
1332,udp,dns,53,0,1,1,1,1,1,1,0
1333,tcp,ssl,443,16505,1,1,1,1,1,1,0
1334,tcp,ssl,443,0,1,1,1,1,1,1,1
1335,,,443,,0,1,0,1,1,1,0
1336,,,443,,0,1,0,1,1,1,0
1337,tcp,,58768,0,1,1,1,1,1,1,1
1338,tcp,,45903,0,1,1,1,1,1,1,1
1339,udp,dns,5353,0,1,1,1,1,1,1,1
1340,udp,dns,5353,0,1,1,1,1,1,1,1
1341,udp,quic,443,0,1,1,1,1,1,1,1
1342,udp,dns,53,0,1,1,1,1,1,1,0
1343,udp,dns,53,0,1,1,1,1,1,1,0
1344,tcp,,2181,0,1,1,1,1,1,1,1
1345,udp,dns,53,0,1,1,1,1,1,1,0
1346,tcp,ssl,443,74880,1,1,1,1,1,1,0
1347,,,443,,1,1,1,1,1,1,1
1348,tcp,,34984,0,1,1,1,1,1,1,1
1349,tcp,,50912,0,1,1,1,1,1,1,1
1350,tcp,,50960,0,1,1,1,1,1,1,1
1351,tcp,,50872,0,1,1,1,1,1,1,1
1352,tcp,,42773,0,1,1,1,1,1,1,1
1353,udp,dns,53,0,1,1,1,1,1,1,0
1354,udp,dns,53,0,1,1,1,1,1,1,0
1355,udp,dns,53,0,1,1,1,1,1,1,0
1356,udp,dns,53,0,1,1,1,1,1,1,0
1357,udp,dns,53,0,1,1,1,1,1,1,0
1358,tcp,ssl,443,0,1,1,1,1,1,1,1
1359,,,443,,0,1,1,1,1,1,0
1360,udp,dns,53,0,1,1,1,1,1,1,0
1361,udp,dns,53,0,1,1,1,1,1,1,0
1362,udp,dns,53,0,1,1,1,1,1,1,0
1363,tcp,ssl,443,0,1,1,1,1,1,1,1
1364,,,443,,0,1,0,1,1,1,0
1365,tcp,,9092,0,1,1,1,1,1,1,1
1366,tcp,,27017,0,1,1,1,1,1,1,1
1367,tcp,,9092,0,1,1,1,1,1,1,1
1368,udp,dns,53,0,1,1,1,1,1,1,0
1369,tcp,ssl,443,0,1,1,1,1,1,1,1
1370,,,443,,0,1,0,1,1,1,0
1371,tcp,,34984,0,1,1,1,1,1,1,1
1372,tcp,,50912,0,1,1,1,1,1,1,1
1373,tcp,,50960,0,1,1,1,1,1,1,1
1374,tcp,,50872,0,1,1,1,1,1,1,1
1375,tcp,,36276,0,1,1,1,1,1,1,1
1376,udp,,5678,0,1,1,1,1,1,1,1
1377,udp,,5678,0,1,1,1,1,1,1,1
1378,tcp,,9997,0,1,1,1,1,1,1,1
1379,tcp,,9997,0,1,1,1,1,1,1,1
1380,tcp,,2181,0,1,1,1,1,1,1,1
1381,tcp,,42773,0,1,1,1,1,1,1,1
1382,tcp,,3306,0,1,1,1,1,1,1,1
1383,tcp,,3306,0,1,1,1,1,1,1,1
1384,tcp,,57522,0,1,1,1,1,1,1,1
1385,tcp,,3306,0,1,1,1,1,1,1,1
1386,tcp,,3306,0,1,1,1,1,1,1,1
1387,tcp,,57534,0,1,1,1,1,1,1,1
1388,tcp,,58768,0,1,1,1,1,1,1,1
1389,tcp,,45903,0,1,1,1,1,1,1,1
1390,tcp,,9092,0,1,1,1,1,1,1,1
1391,tcp,,9092,0,1,1,1,1,1,1,1
1392,tcp,,34984,0,1,1,1,1,1,1,1
1393,tcp,,50912,0,1,1,1,1,1,1,1
1394,tcp,,50960,0,1,1,1,1,1,1,1
1395,tcp,,50872,0,1,1,1,1,1,1,1
1396,tcp,,42773,0,1,1,1,1,1,1,1
1397,unknown_transport,,0,0,1,1,1,1,1,1,0
1398,udp,dns,5353,0,1,1,1,1,1,1,1
1399,udp,dns,5353,0,1,1,1,1,1,1,1
1400,tcp,,2181,0,1,1,1,1,1,1,1
1401,tcp,,27017,0,1,1,1,1,1,1,1
1402,udp,dns,5353,0,1,1,1,1,1,1,1
1403,udp,dns,5353,0,1,1,1,1,1,1,1
1404,icmp,,0,0,1,1,1,1,1,1,1
1405,udp,dns,5353,0,1,1,1,1,1,1,1
1406,udp,dns,5353,0,1,1,1,1,1,1,1
1407,tcp,,9092,0,1,1,1,1,1,1,1
1408,tcp,,9092,0,1,1,1,1,1,1,1
1409,tcp,,34984,0,1,1,1,1,1,1,1
1410,tcp,,50912,0,1,1,1,1,1,1,1
1411,tcp,,50960,0,1,1,1,1,1,1,1
1412,tcp,,50872,0,1,1,1,1,1,1,1
1413,tcp,,36276,0,1,1,1,1,1,1,1
1414,tcp,,42773,0,1,1,1,1,1,1,1
1415,tcp,,58768,0,1,1,1,1,1,1,1
1416,tcp,,45903,0,1,1,1,1,1,1,1
1417,tcp,,2181,0,1,1,1,1,1,1,1
1418,udp,dns,5353,0,1,1,1,1,1,1,1
1419,udp,dns,5353,0,1,1,1,1,1,1,1
1420,tcp,,3306,0,1,1,1,1,1,1,1
1421,tcp,,3306,0,1,1,1,1,1,1,1
1422,tcp,,45928,0,1,1,1,1,1,1,1
1423,tcp,,3306,0,1,1,1,1,1,1,1
1424,tcp,,3306,0,1,1,1,1,1,1,1
1425,tcp,,45940,0,1,1,1,1,1,1,1
1426,tcp,,9092,0,1,1,1,1,1,1,1
1427,tcp,,34984,0,1,1,1,1,1,1,1
1428,tcp,,50912,0,1,1,1,1,1,1,1
1429,tcp,,50960,0,1,1,1,1,1,1,1
1430,tcp,,50872,0,1,1,1,1,1,1,1
1431,tcp,,9092,0,1,1,1,1,1,1,1
1432,tcp,,3306,0,1,1,1,1,1,1,1
1433,tcp,,3306,0,1,1,1,1,1,1,1
1434,tcp,,45948,0,1,1,1,1,1,1,1
1435,tcp,,42773,0,1,1,1,1,1,1,1
1436,tcp,,3306,0,1,1,1,1,1,1,1
1437,tcp,,3306,0,1,1,1,1,1,1,1
1438,tcp,,45962,0,1,1,1,1,1,1,1
1439,tcp,,27017,0,1,1,1,1,1,1,1
1440,tcp,,2181,0,1,1,1,1,1,1,1
1441,tcp,,34984,0,1,1,1,1,1,1,1
1442,tcp,,50912,0,1,1,1,1,1,1,1
1443,tcp,,50960,0,1,1,1,1,1,1,1
1444,tcp,,36276,0,1,1,1,1,1,1,1
1445,tcp,,50872,0,1,1,1,1,1,1,1
1446,tcp,,58768,0,1,1,1,1,1,1,1
1447,tcp,,45903,0,1,1,1,1,1,1,1
1448,udp,dns,53,0,1,1,1,1,1,1,0
1449,udp,dns,53,0,1,1,1,1,1,1,0
1450,tcp,,42773,0,1,1,1,1,1,1,1
1451,tcp,,9092,0,1,1,1,1,1,1,1
1452,udp,dns,53,0,1,1,1,1,1,1,0
1453,udp,quic,443,0,1,1,1,1,1,1,1
1454,udp,,1900,0,1,1,1,1,1,1,1
1455,tcp,,9092,0,1,1,1,1,1,1,1
1456,tcp,,2181,0,1,1,1,1,1,1,1
1457,tcp,,34984,0,1,1,1,1,1,1,1
1458,tcp,,3306,0,1,1,1,1,1,1,1
1459,tcp,,3306,0,1,1,1,1,1,1,1
1460,tcp,,47622,0,1,1,1,1,1,1,1
1461,tcp,,50912,0,1,1,1,1,1,1,1
1462,icmp,,0,0,1,1,1,1,1,1,1
1463,tcp,,50960,0,1,1,1,1,1,1,1
1464,tcp,,50872,0,1,1,1,1,1,1,1
1465,tcp,,42773,0,1,1,1,1,1,1,1
1466,tcp,,9092,0,1,1,1,1,1,1,1
1467,tcp,,27017,0,1,1,1,1,1,1,1
1468,tcp,,9092,0,1,1,1,1,1,1,1
1469,udp,dns,53,0,1,1,1,1,1,1,0
1470,udp,dns,53,0,1,1,1,1,1,1,0
1471,udp,dns,53,0,1,1,1,1,1,1,0
1472,tcp,ssl,443,0,1,1,1,1,1,1,1
1473,,,443,,0,1,1,1,1,1,0
1474,tcp,ssl,443,0,1,1,1,1,1,1,1
1475,,,443,,0,1,0,1,1,1,0
1476,tcp,,58768,0,1,1,1,1,1,1,1
1477,tcp,,45903,0,1,1,1,1,1,1,1
1478,tcp,,34984,0,1,1,1,1,1,1,1
1479,tcp,,50912,0,1,1,1,1,1,1,1
1480,tcp,,50960,0,1,1,1,1,1,1,1
1481,tcp,,36276,0,1,1,1,1,1,1,1
1482,tcp,,50872,0,1,1,1,1,1,1,1
1483,tcp,,9997,0,1,1,1,1,1,1,1
1484,tcp,,9997,0,1,1,1,1,1,1,1
1485,tcp,,2181,0,1,1,1,1,1,1,1
1486,tcp,,34412,0,1,1,1,1,1,1,1
1487,tcp,,42773,0,1,1,1,1,1,1,1
1488,tcp,,3306,0,1,1,1,1,1,1,1
1489,tcp,,3306,0,1,1,1,1,1,1,1
1490,tcp,,47630,0,1,1,1,1,1,1,1
1491,icmp,,0,0,1,1,1,1,1,1,1
1492,icmp,,0,0,1,1,1,1,1,1,1
1493,icmp,,134,0,1,1,1,1,1,1,1
1494,tcp,,9092,0,1,1,1,1,1,1,1
1495,udp,dns,53,0,1,1,1,1,1,1,0
1496,udp,dns,53,0,1,1,1,1,1,1,0
1497,tcp,,9092,0,1,1,1,1,1,1,1
1498,udp,dns,53,0,1,1,1,1,1,1,0
1499,udp,quic,443,0,1,1,1,1,1,1,1
1500,tcp,,3306,0,1,1,1,1,1,1,1
1501,tcp,,3306,0,1,1,1,1,1,1,1
1502,tcp,,37560,0,1,1,1,1,1,1,1
1503,udp,dns,5353,0,1,1,1,1,1,1,1
1504,udp,dns,5353,0,1,1,1,1,1,1,1
1505,udp,,1900,0,1,1,1,1,1,1,1
1506,unknown_transport,,0,0,1,1,1,1,1,1,0
1507,udp,dns,5353,0,1,1,1,1,1,1,1
1508,tcp,,34984,0,1,1,1,1,1,1,1
1509,tcp,,50912,0,1,1,1,1,1,1,1
1510,tcp,,50960,0,1,1,1,1,1,1,1
1511,tcp,,50872,0,1,1,1,1,1,1,1
1512,tcp,,42773,0,1,1,1,1,1,1,1
1513,tcp,,2181,0,1,1,1,1,1,1,1
1514,tcp,,27017,0,1,1,1,1,1,1,1
1515,tcp,,58768,0,1,1,1,1,1,1,1
1516,tcp,,45903,0,1,1,1,1,1,1,1
1517,tcp,,9092,0,1,1,1,1,1,1,1
1518,tcp,,9092,0,1,1,1,1,1,1,1
1519,tcp,,34984,0,1,1,1,1,1,1,1
1520,tcp,,50912,0,1,1,1,1,1,1,1
1521,tcp,,50960,0,1,1,1,1,1,1,1
1522,tcp,,36276,0,1,1,1,1,1,1,1
1523,tcp,,50872,0,1,1,1,1,1,1,1
1524,tcp,,42773,0,1,1,1,1,1,1,1
1525,tcp,,2181,0,1,1,1,1,1,1,1
1526,tcp,,9092,0,1,1,1,1,1,1,1
1527,tcp,,34984,0,1,1,1,1,1,1,1
1528,tcp,,50912,0,1,1,1,1,1,1,1
1529,tcp,,50960,0,1,1,1,1,1,1,1
1530,tcp,,9092,0,1,1,1,1,1,1,1
1531,udp,dns,53,0,1,1,1,1,1,1,0
1532,udp,dns,53,0,1,1,1,1,1,1,0
1533,udp,dns,53,0,1,1,1,1,1,1,0
1534,udp,dns,53,0,1,1,1,1,1,1,0
1535,udp,dns,53,0,1,1,1,1,1,1,0
1536,udp,dns,53,0,1,1,1,1,1,1,0
1537,udp,dns,53,0,1,1,1,1,1,1,0
1538,udp,dns,53,0,1,1,1,1,1,1,0
1539,udp,dns,53,0,1,1,1,1,1,1,0
1540,udp,dns,53,0,1,1,1,1,1,1,0
1541,udp,dns,53,0,1,1,1,1,1,1,0
1542,udp,dns,53,0,1,1,1,1,1,1,0
1543,udp,dns,53,0,1,1,1,1,1,1,0
1544,udp,dns,53,0,1,1,1,1,1,1,0
1545,udp,dns,53,0,1,1,1,1,1,1,0
1546,udp,dns,53,0,1,1,1,1,1,1,0
1547,udp,dns,53,0,1,1,1,1,1,1,0
1548,udp,dns,53,0,1,1,1,1,1,1,0
1549,udp,dns,53,0,1,1,1,1,1,1,0
1550,udp,dns,53,0,1,1,1,1,1,1,0
1551,tcp,ssl,443,14240,1,1,1,1,1,1,0
1552,tcp,ssl,443,2848,1,1,1,1,1,1,0
1553,tcp,ssl,443,4867,1,1,1,1,1,1,0
1554,tcp,ssl,443,0,1,1,1,1,1,1,1
1555,udp,dns,53,0,1,1,1,1,1,1,0
1556,tcp,ssl,443,0,1,1,1,1,1,1,1
1557,tcp,ssl,443,2848,1,1,1,1,1,1,0
1558,tcp,ssl,443,8303,1,1,1,1,1,1,0
1559,tcp,ssl,443,2848,1,1,1,1,1,1,0
1560,tcp,,50872,0,1,1,1,1,1,1,1
1561,tcp,ssl,443,2848,1,1,1,1,1,1,0
1562,udp,dns,53,0,1,1,1,1,1,1,0
1563,udp,dns,53,0,1,1,1,1,1,1,0
1564,udp,dns,53,0,1,1,1,1,1,1,0
1565,udp,dns,53,0,1,1,1,1,1,1,0
1566,tcp,ssl,443,2848,1,1,1,1,1,1,0
1567,tcp,ssl,443,0,1,1,1,1,1,1,1
1568,tcp,ssl,443,0,1,1,1,1,1,1,1
1569,udp,dns,53,0,1,1,1,1,1,1,0
1570,udp,dns,53,0,1,1,1,1,1,1,0
1571,tcp,ssl,443,2848,1,1,1,1,1,1,0
1572,tcp,ssl,443,0,1,1,1,1,1,1,1
1573,udp,dns,53,0,1,1,1,1,1,1,0
1574,tcp,ssl,443,11200,1,1,1,1,1,1,0
1575,,,443,,1,1,1,1,1,1,1
1576,tcp,ssl,443,0,1,1,1,1,1,1,1
1577,udp,dns,53,0,1,1,1,1,1,1,0
1578,tcp,ssl,443,2848,1,1,1,1,1,1,0
1579,tcp,ssl,443,5696,1,1,1,1,1,1,0
1580,udp,dns,53,0,1,1,1,1,1,1,0
1581,udp,dns,53,0,1,1,1,1,1,1,0
1582,,,443,,1,1,1,1,1,1,1
1583,,,443,,0,1,0,1,1,1,0
1584,udp,dns,53,0,1,1,1,1,1,1,0
1585,,,443,,1,1,1,1,1,1,1
1586,udp,dns,53,0,1,1,1,1,1,1,0
1587,udp,dns,53,0,1,1,1,1,1,1,0
1588,tcp,ssl,443,2848,1,1,1,1,1,1,0
1589,,,443,,0,1,0,1,1,1,0
1590,,,443,,1,1,1,1,1,1,1
1591,,,443,,1,1,1,1,1,1,1
1592,tcp,ssl,443,0,1,1,1,1,1,1,1
1593,udp,dns,53,0,1,1,1,1,1,1,0
1594,,,443,,1,1,1,1,1,1,1
1595,udp,dns,53,0,1,1,1,1,1,1,0
1596,udp,dns,53,0,1,1,1,1,1,1,0
1597,udp,dns,53,0,1,1,1,1,1,1,0
1598,,,443,,1,1,1,1,1,1,1
1599,udp,dns,53,0,1,1,1,1,1,1,0
1600,,,443,,0,1,0,1,1,1,0
1601,,,443,,1,1,1,1,1,1,1
1602,udp,dns,53,0,1,1,1,1,1,1,0
1603,,,443,,0,1,0,1,1,1,0
1604,udp,dns,53,0,1,1,1,1,1,1,0
1605,tcp,ssl,443,2335,1,1,1,1,1,1,0
1606,,,443,,0,1,0,1,1,1,0
1607,udp,dns,53,0,1,1,1,1,1,1,0
1608,,,443,,1,1,1,1,1,1,1
1609,,,443,,0,1,0,1,1,1,0
1610,,,443,,1,1,1,1,1,1,1
1611,udp,dns,53,0,1,1,1,1,1,1,0
1612,tcp,ssl,443,2848,1,1,1,1,1,1,0
1613,tcp,ssl,443,0,1,1,1,1,1,1,1
1614,,,443,,1,1,1,1,1,1,1
1615,udp,dns,53,0,1,1,1,1,1,1,0
1616,tcp,ssl,443,0,1,1,1,1,1,1,1
1617,tcp,ssl,443,0,1,1,1,1,1,1,1
1618,tcp,ssl,443,0,1,1,1,1,1,1,1
1619,,,443,,1,1,1,1,1,1,1
1620,udp,dns,53,0,1,1,1,1,1,1,0
1621,udp,dns,53,0,1,1,1,1,1,1,0
1622,,,443,,1,1,1,1,1,1,1
1623,udp,dns,53,0,1,1,1,1,1,1,0
1624,,,443,,0,1,0,1,1,1,0
1625,udp,dns,53,0,1,1,1,1,1,1,0
1626,tcp,ssl,443,0,1,1,1,1,1,1,1
1627,tcp,ssl,443,0,1,1,1,1,1,1,1
1628,tcp,ssl,443,8544,1,1,1,1,1,1,0
1629,tcp,ssl,443,2848,1,1,1,1,1,1,0
1630,tcp,ssl,443,3863,1,1,1,1,1,1,0
1631,tcp,ssl,443,2848,1,1,1,1,1,1,0
1632,tcp,ssl,443,2848,1,1,1,1,1,1,0
1633,tcp,ssl,443,0,1,1,1,1,1,1,1
1634,tcp,ssl,443,2848,1,1,1,1,1,1,0
1635,,,443,,0,1,0,1,1,1,0
1636,,,443,,1,1,1,1,1,1,1
1637,tcp,ssl,443,2848,1,1,1,1,1,1,0
1638,,,443,,0,1,0,1,1,1,0
1639,tcp,ssl,443,2848,1,1,1,1,1,1,0
1640,,,443,,0,1,0,1,1,1,0
1641,,,443,,0,1,0,1,1,1,0
1642,,,443,,0,1,0,1,1,1,0
1643,tcp,ssl,443,2848,1,1,1,1,1,1,0
1644,tcp,ssl,443,2848,1,1,1,1,1,1,0
1645,tcp,ssl,443,0,1,1,1,1,1,1,1
1646,tcp,ssl,443,2848,1,1,1,1,1,1,0
1647,tcp,ssl,443,2848,1,1,1,1,1,1,0
1648,tcp,ssl,443,4643,1,1,1,1,1,1,0
1649,,,443,,0,1,0,1,1,1,0
1650,tcp,ssl,443,2848,1,1,1,1,1,1,0
1651,,,443,,0,1,0,1,1,1,0
1652,tcp,ssl,443,0,1,1,1,1,1,1,1
1653,,,443,,1,1,1,1,1,1,1
1654,,,443,,1,1,1,1,1,1,1
1655,tcp,ssl,443,5171,1,1,1,1,1,1,0
1656,,,443,,0,1,0,1,1,1,0
1657,,,443,,1,1,1,1,1,1,1
1658,,,443,,0,1,0,1,1,1,0
1659,,,443,,1,1,1,1,1,1,1
1660,tcp,ssl,443,6677,1,1,1,1,1,1,0
1661,,,443,,1,1,1,1,1,1,1
1662,tcp,ssl,443,5696,1,1,1,1,1,1,0
1663,,,443,,1,1,1,1,1,1,1
1664,,,443,,1,1,1,1,1,1,1
1665,,,443,,1,1,1,1,1,1,1
1666,,,443,,1,1,1,1,1,1,1
1667,,,443,,1,1,1,1,1,1,1
1668,,,443,,0,1,0,1,1,1,0
1669,,,443,,1,1,1,1,1,1,1
1670,,,443,,1,1,1,1,1,1,1
1671,,,443,,0,1,0,1,1,1,0
1672,,,443,,1,1,1,1,1,1,1
1673,,,443,,1,1,1,1,1,1,1
1674,,,443,,1,1,1,1,1,1,1
1675,,,443,,1,1,1,1,1,1,1
1676,tcp,,42773,0,1,1,1,1,1,1,1
1677,tcp,,27017,0,1,1,1,1,1,1,1
1678,tcp,,58768,0,1,1,1,1,1,1,1
1679,tcp,,45903,0,1,1,1,1,1,1,1
1680,udp,dns,53,0,1,1,1,1,1,1,0
1681,udp,dns,53,0,1,1,1,1,1,1,0
1682,udp,dns,53,0,1,1,1,1,1,1,0
1683,tcp,,2181,0,1,1,1,1,1,1,1
1684,udp,dns,53,0,1,1,1,1,1,1,0
1685,udp,quic,443,0,1,1,1,1,1,1,1
1686,tcp,,34984,0,1,1,1,1,1,1,1
1687,tcp,,50912,0,1,1,1,1,1,1,1
1688,tcp,,50960,0,1,1,1,1,1,1,1
1689,tcp,,36276,0,1,1,1,1,1,1,1
1690,tcp,,50872,0,1,1,1,1,1,1,1
1691,tcp,,42773,0,1,1,1,1,1,1,1
1692,tcp,ssl,443,0,1,1,1,1,1,1,1
1693,,,443,,0,1,1,1,1,1,0
1694,tcp,,9092,0,1,1,1,1,1,1,1
1695,tcp,,9092,0,1,1,1,1,1,1,1
1696,udp,dns,5353,0,1,1,1,1,1,1,1
1697,udp,dns,5353,0,1,1,1,1,1,1,1
1698,tcp,,2181,0,1,1,1,1,1,1,1
1699,tcp,,34984,0,1,1,1,1,1,1,1
1700,tcp,,50912,0,1,1,1,1,1,1,1
1701,tcp,,50960,0,1,1,1,1,1,1,1
1702,tcp,,50872,0,1,1,1,1,1,1,1
1703,tcp,,42773,0,1,1,1,1,1,1,1
1704,tcp,,58768,0,1,1,1,1,1,1,1
1705,tcp,,45903,0,1,1,1,1,1,1,1
1706,tcp,,9092,0,1,1,1,1,1,1,1
1707,tcp,,27017,0,1,1,1,1,1,1,1
1708,tcp,,9092,0,1,1,1,1,1,1,1
1709,udp,dns,53,0,1,1,1,1,1,1,0
1710,udp,dns,53,0,1,1,1,1,1,1,0
1711,udp,dns,53,0,1,1,1,1,1,1,0
1712,tcp,ssl,443,0,1,1,1,1,1,1,1
1713,tcp,ssl,443,0,1,1,1,1,1,1,1
1714,tcp,ssl,443,0,1,1,1,1,1,1,1
1715,tcp,ssl,443,0,1,1,1,1,1,1,1
1716,,,443,,0,1,0,1,1,1,0
1717,,,443,,0,1,0,1,1,1,0
1718,,,443,,0,1,0,1,1,1,0
1719,,,443,,0,1,0,1,1,1,0
1720,tcp,,34984,0,1,1,1,1,1,1,1
1721,tcp,,50912,0,1,1,1,1,1,1,1
1722,tcp,,36276,0,1,1,1,1,1,1,1
1723,tcp,,50960,0,1,1,1,1,1,1,1
1724,tcp,,50872,0,1,1,1,1,1,1,1
1725,tcp,,9092,0,1,1,1,1,1,1,1
1726,tcp,,9997,0,1,1,1,1,1,1,1
1727,tcp,,9997,0,1,1,1,1,1,1,1
1728,tcp,,2181,0,1,1,1,1,1,1,1
1729,tcp,,42773,0,1,1,1,1,1,1,1
1730,tcp,,9092,0,1,1,1,1,1,1,1
1731,tcp,,9092,0,1,1,1,1,1,1,1
1732,udp,dns,53,0,1,1,1,1,1,1,0
1733,udp,dns,53,0,1,1,1,1,1,1,0
1734,udp,dns,53,0,1,1,1,1,1,1,0
1735,udp,quic,443,0,1,1,1,1,1,1,1
1736,tcp,,34984,0,1,1,1,1,1,1,1
1737,tcp,,50912,0,1,1,1,1,1,1,1
1738,tcp,,50960,0,1,1,1,1,1,1,1
1739,tcp,,50872,0,1,1,1,1,1,1,1
1740,tcp,,58768,0,1,1,1,1,1,1,1
1741,tcp,,45903,0,1,1,1,1,1,1,1
1742,udp,dns,53,0,1,1,1,1,1,1,0
1743,tcp,,42773,0,1,1,1,1,1,1,1
1744,udp,dns,53,0,1,1,1,1,1,1,0
1745,udp,quic,443,0,1,1,1,1,1,1,1
1746,,,443,,1,1,1,1,1,1,1
1747,tcp,,2181,0,1,1,1,1,1,1,1
1748,tcp,,27017,0,1,1,1,1,1,1,1
1749,tcp,,9092,0,1,1,1,1,1,1,1
1750,tcp,,9092,0,1,1,1,1,1,1,1
1751,tcp,,34984,0,1,1,1,1,1,1,1
1752,tcp,,50912,0,1,1,1,1,1,1,1
1753,tcp,,36276,0,1,1,1,1,1,1,1
1754,tcp,,50960,0,1,1,1,1,1,1,1
1755,tcp,,50872,0,1,1,1,1,1,1,1
1756,tcp,,42773,0,1,1,1,1,1,1,1
1757,tcp,,2181,0,1,1,1,1,1,1,1
1758,udp,dns,5353,0,1,1,1,1,1,1,1
1759,udp,dns,5353,0,1,1,1,1,1,1,1
1760,udp,dns,53,0,1,1,1,1,1,1,0
1761,tcp,ssl,443,2048,1,1,1,1,1,1,0
1762,tcp,,58768,0,1,1,1,1,1,1,1
1763,tcp,,45903,0,1,1,1,1,1,1,1
1764,,,443,,0,1,0,1,1,1,0
1765,tcp,,9092,0,1,1,1,1,1,1,1
1766,tcp,,34984,0,1,1,1,1,1,1,1
1767,tcp,,9092,0,1,1,1,1,1,1,1
1768,tcp,,50912,0,1,1,1,1,1,1,1
1769,udp,dns,53,0,1,1,1,1,1,1,0
1770,tcp,,50960,0,1,1,1,1,1,1,1
1771,tcp,ssl,443,0,1,1,1,1,1,1,1
1772,tcp,,50872,0,1,1,1,1,1,1,1
1773,,,443,,0,1,0,1,1,1,0
1774,tcp,,42773,0,1,1,1,1,1,1,1
1775,tcp,,27017,0,1,1,1,1,1,1,1
1776,icmp,,136,0,1,1,1,1,1,1,1
1777,udp,dns,53,0,1,1,1,1,1,1,0
1778,udp,dns,53,0,1,1,1,1,1,1,0
1779,udp,dns,53,0,1,1,1,1,1,1,0
1780,udp,dns,53,0,1,1,1,1,1,1,0
1781,udp,dns,53,0,1,1,1,1,1,1,0
1782,udp,dns,53,0,1,1,1,1,1,1,0
1783,udp,dns,53,0,1,1,1,1,1,1,0
1784,tcp,http,80,0,1,1,1,1,1,1,1
1785,tcp,http,80,0,1,1,1,1,1,1,1
1786,,,80,,0,1,1,1,1,1,0
1787,,,80,,0,1,1,1,1,1,0
1788,udp,dns,53,0,1,1,1,1,1,1,0
1789,tcp,http,80,0,1,1,1,1,1,1,1
1790,,,80,,0,1,1,1,1,1,0
1791,icmp,,0,0,1,1,1,1,1,1,1
1792,udp,dns,53,0,1,1,1,1,1,1,0
1793,,,80,,0,1,1,1,1,1,0
1794,,,80,,0,1,1,1,1,1,0
1795,udp,dns,53,0,1,1,1,1,1,1,0
1796,udp,dns,53,0,1,1,1,1,1,1,0
1797,udp,dns,53,0,1,1,1,1,1,1,0
1798,udp,dns,53,0,1,1,1,1,1,1,0
1799,udp,dns,53,0,1,1,1,1,1,1,0
1800,tcp,,2181,0,1,1,1,1,1,1,1
1801,,,80,,0,1,1,1,1,1,0
1802,udp,dns,53,0,1,1,1,1,1,1,0
1803,udp,dns,53,0,1,1,1,1,1,1,0
1804,udp,dns,53,0,1,1,1,1,1,1,0
1805,udp,dns,53,0,1,1,1,1,1,1,0
1806,udp,dns,53,0,1,1,1,1,1,1,0
1807,,,80,,0,1,1,1,1,1,0
1808,udp,dns,53,0,1,1,1,1,1,1,0
1809,,,80,,0,1,1,1,1,1,0
1810,,,80,,0,1,1,1,1,1,0
1811,tcp,,34984,0,1,1,1,1,1,1,1
1812,tcp,,50912,0,1,1,1,1,1,1,1
1813,tcp,,36276,0,1,1,1,1,1,1,1
1814,tcp,,50960,0,1,1,1,1,1,1,1
1815,tcp,,50872,0,1,1,1,1,1,1,1
1816,udp,dns,53,0,1,1,1,1,1,1,0
1817,udp,dns,53,0,1,1,1,1,1,1,0
1818,tcp,,9092,0,1,1,1,1,1,1,1
1819,tcp,,42773,0,1,1,1,1,1,1,1
1820,udp,,1900,0,1,1,1,1,1,1,1
1821,tcp,,9092,0,1,1,1,1,1,1,1
1822,udp,dns,53,0,1,1,1,1,1,1,0
1823,udp,dns,53,0,1,1,1,1,1,1,0
1824,udp,dns,53,0,1,1,1,1,1,1,0
1825,udp,dns,53,0,1,1,1,1,1,1,0
1826,udp,dns,53,0,1,1,1,1,1,1,0
1827,,,80,,0,1,1,1,1,1,0
1828,udp,dns,53,0,1,1,1,1,1,1,0
1829,,,80,,0,1,1,1,1,1,0
1830,,,80,,0,1,1,1,1,1,0
1831,udp,dns,53,0,1,1,1,1,1,1,0
1832,udp,dns,53,0,1,1,1,1,1,1,0
1833,udp,dns,53,0,1,1,1,1,1,1,0
1834,udp,quic,443,0,1,1,1,1,1,1,1
1835,,,443,,1,1,1,1,1,1,1
1836,udp,dns,53,0,1,1,1,1,1,1,0
1837,tcp,ssl,443,0,1,1,1,1,1,1,1
1838,,,443,,0,1,1,1,1,1,0
1839,tcp,,58768,0,1,1,1,1,1,1,1
1840,tcp,,45903,0,1,1,1,1,1,1,1
1841,tcp,,2181,0,1,1,1,1,1,1,1
1842,udp,dns,53,0,1,1,1,1,1,1,0
1843,udp,dns,53,0,1,1,1,1,1,1,0
1844,udp,dns,53,0,1,1,1,1,1,1,0
1845,udp,dns,53,0,1,1,1,1,1,1,0
1846,udp,dns,53,0,1,1,1,1,1,1,0
1847,,,80,,0,1,1,1,1,1,0
1848,udp,dns,53,0,1,1,1,1,1,1,0
1849,,,80,,0,1,1,1,1,1,0
1850,,,80,,0,1,1,1,1,1,0
1851,tcp,,34984,0,1,1,1,1,1,1,1
1852,tcp,,50912,0,1,1,1,1,1,1,1
1853,tcp,,50960,0,1,1,1,1,1,1,1
1854,tcp,,50872,0,1,1,1,1,1,1,1
1855,tcp,,42773,0,1,1,1,1,1,1,1
1856,tcp,,9092,0,1,1,1,1,1,1,1
1857,tcp,,27017,0,1,1,1,1,1,1,1
1858,tcp,,9092,0,1,1,1,1,1,1,1
1859,tcp,,34984,0,1,1,1,1,1,1,1
1860,tcp,,50912,0,1,1,1,1,1,1,1
1861,tcp,,36276,0,1,1,1,1,1,1,1
1862,tcp,,50960,0,1,1,1,1,1,1,1
1863,tcp,,50872,0,1,1,1,1,1,1,1
1864,tcp,,9092,0,1,1,1,1,1,1,1
1865,tcp,,9997,0,1,1,1,1,1,1,1
1866,tcp,,9997,0,1,1,1,1,1,1,1
1867,tcp,,2181,0,1,1,1,1,1,1,1
1868,tcp,,42773,0,1,1,1,1,1,1,1
1869,udp,dns,53,0,1,1,1,1,1,1,0
1870,udp,dns,53,0,1,1,1,1,1,1,0
1871,udp,dns,53,0,1,1,1,1,1,1,0
1872,udp,dns,53,0,1,1,1,1,1,1,0
1873,udp,dns,53,0,1,1,1,1,1,1,0
1874,,,80,,0,1,1,1,1,1,0
1875,udp,dns,53,0,1,1,1,1,1,1,0
1876,,,80,,0,1,1,1,1,1,0
1877,,,80,,0,1,1,1,1,1,0
1878,tcp,,58768,0,1,1,1,1,1,1,1
1879,tcp,,45903,0,1,1,1,1,1,1,1
1880,tcp,,49232,0,1,1,1,1,1,1,1
1881,tcp,,9092,0,1,1,1,1,1,1,1
1882,tcp,,9092,0,1,1,1,1,1,1,1
1883,udp,dns,5353,0,1,1,1,1,1,1,1
1884,udp,dns,5353,0,1,1,1,1,1,1,1
1885,udp,dns,53,0,1,1,1,1,1,1,0
1886,udp,dns,53,0,1,1,1,1,1,1,0
1887,udp,dns,53,0,1,1,1,1,1,1,0
1888,udp,dns,53,0,1,1,1,1,1,1,0
1889,tcp,ssl,443,78400,1,1,1,1,1,1,0
1890,,,443,,0,1,1,1,1,1,0
1891,tcp,,34984,0,1,1,1,1,1,1,1
1892,tcp,,50912,0,1,1,1,1,1,1,1
1893,tcp,,50960,0,1,1,1,1,1,1,1
1894,tcp,,50872,0,1,1,1,1,1,1,1
1895,tcp,,42773,0,1,1,1,1,1,1,1
1896,udp,dns,53,0,1,1,1,1,1,1,0
1897,udp,dns,53,0,1,1,1,1,1,1,0
1898,udp,dns,53,0,1,1,1,1,1,1,0
1899,udp,dns,53,0,1,1,1,1,1,1,0
1900,udp,dns,53,0,1,1,1,1,1,1,0
1901,udp,dns,53,0,1,1,1,1,1,1,0
1902,tcp,,2181,0,1,1,1,1,1,1,1
1903,udp,dns,53,0,1,1,1,1,1,1,0
1904,udp,quic,443,0,1,1,1,1,1,1,1
1905,udp,dns,53,0,1,1,1,1,1,1,0
1906,udp,dns,53,0,1,1,1,1,1,1,0
1907,udp,quic,443,0,1,1,1,1,1,1,1
1908,udp,quic,443,0,1,1,1,1,1,1,1
1909,,,443,,1,1,1,1,1,1,1
1910,udp,dns,53,0,1,1,1,1,1,1,0
1911,udp,quic,443,0,1,1,1,1,1,1,1
1912,,,443,,0,1,0,1,1,1,0
1913,tcp,,27017,0,1,1,1,1,1,1,1
1914,udp,dns,53,0,1,1,1,1,1,1,0
1915,udp,dns,53,0,1,1,1,1,1,1,0
1916,udp,dns,53,0,1,1,1,1,1,1,0
1917,udp,dns,53,0,1,1,1,1,1,1,0
1918,udp,dns,53,0,1,1,1,1,1,1,0
1919,udp,quic,443,0,1,1,1,1,1,1,1
1920,tcp,,9092,0,1,1,1,1,1,1,1
1921,tcp,,9092,0,1,1,1,1,1,1,1
1922,tcp,,34984,0,1,1,1,1,1,1,1
1923,tcp,,36276,0,1,1,1,1,1,1,1
1924,tcp,,50912,0,1,1,1,1,1,1,1
1925,tcp,,50960,0,1,1,1,1,1,1,1
1926,tcp,,50872,0,1,1,1,1,1,1,1
1927,tcp,,42773,0,1,1,1,1,1,1,1
1928,tcp,,58768,0,1,1,1,1,1,1,1
1929,tcp,,45903,0,1,1,1,1,1,1,1
1930,udp,dns,53,0,1,1,1,1,1,1,0
1931,udp,quic,443,0,1,1,1,1,1,1,1
1932,tcp,,2181,0,1,1,1,1,1,1,1
1933,udp,dns,53,0,1,1,1,1,1,1,0
1934,udp,dns,53,0,1,1,1,1,1,1,0
1935,udp,dns,53,0,1,1,1,1,1,1,0
1936,udp,dns,53,0,1,1,1,1,1,1,0
1937,udp,dns,53,0,1,1,1,1,1,1,0
1938,,,80,,0,1,1,1,1,1,0
1939,udp,dns,53,0,1,1,1,1,1,1,0
1940,,,80,,0,1,1,1,1,1,0
1941,,,80,,0,1,1,1,1,1,0
1942,udp,dns,53,0,1,1,1,1,1,1,0
1943,udp,dns,53,0,1,1,1,1,1,1,0
1944,tcp,,9092,0,1,1,1,1,1,1,1
1945,tcp,,9092,0,1,1,1,1,1,1,1
1946,tcp,,34984,0,1,1,1,1,1,1,1
1947,tcp,,50912,0,1,1,1,1,1,1,1
1948,tcp,,50960,0,1,1,1,1,1,1,1
1949,tcp,,50872,0,1,1,1,1,1,1,1
1950,udp,dns,53,0,1,1,1,1,1,1,0
1951,udp,quic,443,0,1,1,1,1,1,1,1
1952,udp,dns,53,0,1,1,1,1,1,1,0
1953,udp,quic,443,0,1,1,1,1,1,1,1
1954,,,443,,0,1,0,1,1,1,0
1955,udp,dns,53,0,1,1,1,1,1,1,0
1956,udp,dns,53,0,1,1,1,1,1,1,0
1957,tcp,,42773,0,1,1,1,1,1,1,1
1958,udp,dns,53,0,1,1,1,1,1,1,0
1959,udp,quic,443,0,1,1,1,1,1,1,1
1960,udp,dns,53,0,1,1,1,1,1,1,0
1961,udp,dns,53,0,1,1,1,1,1,1,0
1962,tcp,,27017,0,1,1,1,1,1,1,1
1963,udp,dns,53,0,1,1,1,1,1,1,0
1964,udp,quic,443,0,1,1,1,1,1,1,1
1965,,,443,,1,1,1,1,1,1,1
1966,udp,dns,53,0,1,1,1,1,1,1,0
1967,tcp,ssl,443,0,1,1,1,1,1,1,1
1968,,,443,,0,1,1,1,1,1,0
1969,udp,dns,53,0,1,1,1,1,1,1,0
1970,udp,dns,53,0,1,1,1,1,1,1,0
1971,tcp,ssl,443,0,1,1,1,1,1,1,1
1972,udp,dns,53,0,1,1,1,1,1,1,0
1973,,,443,,0,1,0,1,1,1,0
1974,tcp,,2181,0,1,1,1,1,1,1,1
1975,tcp,,34984,0,1,1,1,1,1,1,1
1976,tcp,,36276,0,1,1,1,1,1,1,1
1977,tcp,,50912,0,1,1,1,1,1,1,1
1978,tcp,,50960,0,1,1,1,1,1,1,1
1979,tcp,,50872,0,1,1,1,1,1,1,1
1980,tcp,,58768,0,1,1,1,1,1,1,1
1981,tcp,,45903,0,1,1,1,1,1,1,1
1982,tcp,,9092,0,1,1,1,1,1,1,1
1983,tcp,,42773,0,1,1,1,1,1,1,1
1984,tcp,,9092,0,1,1,1,1,1,1,1
1985,udp,quic,443,0,1,1,1,1,1,1,1
1986,udp,dns,5353,0,1,1,1,1,1,1,1
1987,udp,dns,5353,0,1,1,1,1,1,1,1
1988,tcp,,2181,0,1,1,1,1,1,1,1
1989,tcp,,34984,0,1,1,1,1,1,1,1
1990,tcp,,50912,0,1,1,1,1,1,1,1
1991,tcp,,50960,0,1,1,1,1,1,1,1
1992,tcp,,50872,0,1,1,1,1,1,1,1
1993,tcp,,42773,0,1,1,1,1,1,1,1
1994,tcp,,9092,0,1,1,1,1,1,1,1
1995,tcp,,27017,0,1,1,1,1,1,1,1
1996,tcp,,9092,0,1,1,1,1,1,1,1
1997,tcp,,58768,0,1,1,1,1,1,1,1
1998,tcp,,45903,0,1,1,1,1,1,1,1
1999,tcp,,34984,0,1,1,1,1,1,1,1
2000,tcp,,36276,0,1,1,1,1,1,1,1
2001,tcp,,50912,0,1,1,1,1,1,1,1
2002,tcp,,50960,0,1,1,1,1,1,1,1
2003,tcp,,50872,0,1,1,1,1,1,1,1
2004,tcp,,9092,0,1,1,1,1,1,1,1
2005,tcp,,9997,0,1,1,1,1,1,1,1
2006,tcp,,9997,0,1,1,1,1,1,1,1
2007,tcp,,2181,0,1,1,1,1,1,1,1
2008,tcp,,42773,0,1,1,1,1,1,1,1
2009,tcp,,9092,0,1,1,1,1,1,1,1
2010,tcp,,9092,0,1,1,1,1,1,1,1
2011,tcp,,34984,0,1,1,1,1,1,1,1
2012,tcp,,50912,0,1,1,1,1,1,1,1
2013,tcp,,50960,0,1,1,1,1,1,1,1
2014,tcp,,50872,0,1,1,1,1,1,1,1
2015,udp,dns,53,0,1,1,1,1,1,1,0
2016,udp,dns,53,0,1,1,1,1,1,1,0
2017,tcp,,42773,0,1,1,1,1,1,1,1
2018,udp,dns,53,0,1,1,1,1,1,1,0
2019,udp,quic,443,0,1,1,1,1,1,1,1
2020,tcp,,2181,0,1,1,1,1,1,1,1
2021,tcp,,27017,0,1,1,1,1,1,1,1
2022,udp,dns,53,0,1,1,1,1,1,1,0
2023,udp,dns,53,0,1,1,1,1,1,1,0
2024,udp,dns,53,0,1,1,1,1,1,1,0
2025,udp,quic,443,0,1,1,1,1,1,1,1
2026,udp,dns,5353,0,1,1,1,1,1,1,1
2027,udp,dns,5353,0,1,1,1,1,1,1,1
2028,tcp,,58768,0,1,1,1,1,1,1,1
2029,tcp,,45903,0,1,1,1,1,1,1,1
2030,tcp,,9092,0,1,1,1,1,1,1,1
2031,tcp,,9092,0,1,1,1,1,1,1,1
2032,udp,dns,53,0,1,1,1,1,1,1,0
2033,udp,dns,53,0,1,1,1,1,1,1,0
2034,udp,dns,53,0,1,1,1,1,1,1,0
2035,udp,dns,53,0,1,1,1,1,1,1,0
2036,udp,dns,53,0,1,1,1,1,1,1,0
2037,,,80,,0,1,1,1,1,1,0
2038,udp,dns,53,0,1,1,1,1,1,1,0
2039,,,80,,0,1,1,1,1,1,0
2040,,,80,,0,1,1,1,1,1,0
2041,tcp,,36276,0,1,1,1,1,1,1,1
2042,tcp,,34984,0,1,1,1,1,1,1,1
2043,tcp,,50912,0,1,1,1,1,1,1,1
2044,tcp,,50960,0,1,1,1,1,1,1,1
2045,tcp,,50872,0,1,1,1,1,1,1,1
2046,tcp,,42773,0,1,1,1,1,1,1,1
2047,udp,dns,53,0,1,1,1,1,1,1,0
2048,udp,dns,53,0,1,1,1,1,1,1,0
2049,udp,dns,53,0,1,1,1,1,1,1,0
2050,udp,dns,53,0,1,1,1,1,1,1,0
2051,udp,dns,53,0,1,1,1,1,1,1,0
2052,udp,quic,443,0,1,1,1,1,1,1,1
2053,tcp,,2181,0,1,1,1,1,1,1,1
2054,udp,dns,5353,0,1,1,1,1,1,1,1
2055,udp,dns,5353,0,1,1,1,1,1,1,1
2056,tcp,,9092,0,1,1,1,1,1,1,1
2057,tcp,,9092,0,1,1,1,1,1,1,1
2058,udp,dns,53,0,1,1,1,1,1,1,0
2059,udp,dns,53,0,1,1,1,1,1,1,0
2060,tcp,,34984,0,1,1,1,1,1,1,1
2061,tcp,,50912,0,1,1,1,1,1,1,1
2062,tcp,,50960,0,1,1,1,1,1,1,1
2063,tcp,,50872,0,1,1,1,1,1,1,1
2064,udp,dns,53,0,1,1,1,1,1,1,0
2065,tcp,ssl,443,0,1,1,1,1,1,1,1
2066,,,443,,0,1,1,1,1,1,0
2067,tcp,,42773,0,1,1,1,1,1,1,1
2068,udp,dns,53,0,1,1,1,1,1,1,0
2069,udp,dns,53,0,1,1,1,1,1,1,0
2070,tcp,,27017,0,1,1,1,1,1,1,1
2071,udp,dns,53,0,1,1,1,1,1,1,0
2072,udp,quic,443,0,1,1,1,1,1,1,1
2073,udp,dns,53,0,1,1,1,1,1,1,0
2074,tcp,ssl,443,0,1,1,1,1,1,1,1
2075,,,443,,0,1,1,1,1,1,0
2076,udp,dhcp,67,0,1,1,1,1,1,1,0
2077,tcp,,58768,0,1,1,1,1,1,1,1
2078,tcp,,45903,0,1,1,1,1,1,1,1
2079,udp,dns,53,0,1,1,1,1,1,1,0
2080,tcp,http,80,0,1,1,1,1,1,1,1
2081,,,80,,0,1,1,1,1,1,0
2082,tcp,,2181,0,1,1,1,1,1,1,1
2083,tcp,,36276,0,1,1,1,1,1,1,1
2084,tcp,,34984,0,1,1,1,1,1,1,1
2085,tcp,,50912,0,1,1,1,1,1,1,1
2086,tcp,,50960,0,1,1,1,1,1,1,1
2087,tcp,,50872,0,1,1,1,1,1,1,1
2088,tcp,,9092,0,1,1,1,1,1,1,1
2089,tcp,,42773,0,1,1,1,1,1,1,1
2090,udp,,1900,0,1,1,1,1,1,1,1
2091,tcp,,9092,0,1,1,1,1,1,1,1
2092,udp,dns,53,0,1,1,1,1,1,1,0
2093,udp,dns,53,0,1,1,1,1,1,1,0
2094,udp,dns,53,0,1,1,1,1,1,1,0
2095,udp,dns,53,0,1,1,1,1,1,1,0
2096,udp,dns,53,0,1,1,1,1,1,1,0
2097,udp,dns,53,0,1,1,1,1,1,1,0
2098,udp,quic,443,0,1,1,1,1,1,1,1
2099,,,443,,1,1,1,1,1,1,1
2100,udp,dns,53,0,1,1,1,1,1,1,0
2101,udp,quic,443,0,1,1,1,1,1,1,1
2102,,,443,,0,1,0,1,1,1,0
2103,udp,quic,443,0,1,1,1,1,1,1,1
2104,tcp,,2181,0,1,1,1,1,1,1,1
2105,udp,dns,53,0,1,1,1,1,1,1,0
2106,udp,dns,53,0,1,1,1,1,1,1,0
2107,udp,dns,53,0,1,1,1,1,1,1,0
2108,tcp,ssl,443,0,1,1,1,1,1,1,1
2109,,,443,,0,1,1,1,1,1,0
2110,tcp,ssl,443,0,1,1,1,1,1,1,1
2111,,,443,,1,1,1,1,1,1,1
2112,tcp,ssl,443,2880,1,1,1,1,1,1,0
2113,,,443,,1,1,1,1,1,1,1
2114,tcp,,34984,0,1,1,1,1,1,1,1
2115,tcp,,50912,0,1,1,1,1,1,1,1
2116,tcp,,50960,0,1,1,1,1,1,1,1
2117,tcp,,42773,0,1,1,1,1,1,1,1
2118,tcp,,58768,0,1,1,1,1,1,1,1
2119,tcp,,45903,0,1,1,1,1,1,1,1
2120,tcp,,9092,0,1,1,1,1,1,1,1
2121,tcp,,27017,0,1,1,1,1,1,1,1
2122,tcp,,9092,0,1,1,1,1,1,1,1
2123,tcp,,8081,0,1,1,1,1,1,1,1
2124,tcp,,56856,0,1,1,1,1,1,1,1
2125,tcp,,3306,0,1,1,1,1,1,1,1
2126,tcp,,8081,0,1,1,1,1,1,1,1
2127,tcp,,56860,0,1,1,1,1,1,1,1
2128,tcp,,36276,0,1,1,1,1,1,1,1
2129,tcp,,34984,0,1,1,1,1,1,1,1
2130,tcp,,50912,0,1,1,1,1,1,1,1
2131,tcp,,50960,0,1,1,1,1,1,1,1
2132,tcp,,3306,0,1,1,1,1,1,1,1
2133,tcp,,9092,0,1,1,1,1,1,1,1
2134,tcp,,9997,0,1,1,1,1,1,1,1
2135,tcp,,9997,0,1,1,1,1,1,1,1
2136,tcp,,2181,0,1,1,1,1,1,1,1
2137,tcp,,8081,0,1,1,1,1,1,1,1
2138,tcp,,56870,0,1,1,1,1,1,1,1
2139,tcp,,8081,0,1,1,1,1,1,1,1
2140,tcp,,56876,0,1,1,1,1,1,1,1
2141,tcp,,42773,0,1,1,1,1,1,1,1
2142,udp,dns,53,0,1,1,1,1,1,1,0
2143,udp,dns,53,0,1,1,1,1,1,1,0
2144,udp,dns,53,0,1,1,1,1,1,1,0
2145,udp,quic,443,0,1,1,1,1,1,1,1
2146,tcp,,9092,0,1,1,1,1,1,1,1
2147,tcp,,9092,0,1,1,1,1,1,1,1
2148,udp,dns,5353,0,1,1,1,1,1,1,1
2149,udp,dns,5353,0,1,1,1,1,1,1,1
2150,udp,dns,53,0,1,1,1,1,1,1,0
2151,udp,dns,53,0,1,1,1,1,1,1,0
2152,udp,dns,53,0,1,1,1,1,1,1,0
2153,udp,dns,53,0,1,1,1,1,1,1,0
2154,udp,dns,53,0,1,1,1,1,1,1,0
2155,udp,dns,53,0,1,1,1,1,1,1,0
2156,udp,dns,53,0,1,1,1,1,1,1,0
2157,udp,dns,53,0,1,1,1,1,1,1,0
2158,udp,dns,53,0,1,1,1,1,1,1,0
2159,udp,quic,443,0,1,1,1,1,1,1,1
2160,,,443,,1,1,1,1,1,1,1
2161,udp,quic,443,0,1,1,1,1,1,1,1
2162,,,443,,1,1,1,1,1,1,1
2163,udp,quic,443,0,1,1,1,1,1,1,1
2164,icmp,,3,0,1,1,1,1,1,1,1
2165,tcp,,3306,0,1,1,1,1,1,1,1
2166,tcp,,8081,0,1,1,1,1,1,1,1
2167,tcp,,8081,0,1,1,1,1,1,1,1
2168,tcp,,34984,0,1,1,1,1,1,1,1
2169,tcp,,50912,0,1,1,1,1,1,1,1
2170,tcp,,50960,0,1,1,1,1,1,1,1
2171,tcp,,58768,0,1,1,1,1,1,1,1
2172,tcp,,45903,0,1,1,1,1,1,1,1
2173,tcp,,42773,0,1,1,1,1,1,1,1
2174,tcp,,3306,0,1,1,1,1,1,1,1
2175,tcp,,8081,0,1,1,1,1,1,1,1
2176,tcp,,2181,0,1,1,1,1,1,1,1
2177,udp,dns,53,0,1,1,1,1,1,1,0
2178,udp,dns,53,0,1,1,1,1,1,1,0
2179,tcp,,27017,0,1,1,1,1,1,1,1
2180,udp,dns,53,0,1,1,1,1,1,1,0
2181,udp,quic,443,0,1,1,1,1,1,1,1
2182,tcp,,9092,0,1,1,1,1,1,1,1
2183,tcp,,9092,0,1,1,1,1,1,1,1
2184,tcp,,36276,0,1,1,1,1,1,1,1
2185,tcp,,34984,0,1,1,1,1,1,1,1
2186,tcp,,50912,0,1,1,1,1,1,1,1
2187,tcp,,50960,0,1,1,1,1,1,1,1
2188,tcp,,42773,0,1,1,1,1,1,1,1
2189,tcp,,2181,0,1,1,1,1,1,1,1
2190,tcp,,58768,0,1,1,1,1,1,1,1
2191,tcp,,45903,0,1,1,1,1,1,1,1
2192,tcp,,9092,0,1,1,1,1,1,1,1
2193,udp,quic,443,0,1,1,1,1,1,1,1
2194,,,443,,1,1,1,1,1,1,1
2195,tcp,,9092,0,1,1,1,1,1,1,1
2196,tcp,,34984,0,1,1,1,1,1,1,1
2197,tcp,,50912,0,1,1,1,1,1,1,1
2198,tcp,,50960,0,1,1,1,1,1,1,1
2199,tcp,,42773,0,1,1,1,1,1,1,1
2200,icmp,,0,0,1,1,1,1,1,1,1
2201,unknown_transport,,0,0,1,1,1,1,1,1,0
2202,udp,dns,5353,0,1,1,1,1,1,1,1
2203,udp,dns,5353,0,1,1,1,1,1,1,1
2204,tcp,,27017,0,1,1,1,1,1,1,1
2205,tcp,,2181,0,1,1,1,1,1,1,1
2206,tcp,,42803,0,1,1,1,1,1,1,1
2207,tcp,,55832,0,1,1,1,1,1,1,1
2208,tcp,,36276,0,1,1,1,1,1,1,1
2209,tcp,,34984,0,1,1,1,1,1,1,1
2210,tcp,,50912,0,1,1,1,1,1,1,1
2211,tcp,,50960,0,1,1,1,1,1,1,1
2212,tcp,,9092,0,1,1,1,1,1,1,1
2213,tcp,,42773,0,1,1,1,1,1,1,1
2214,tcp,,9092,0,1,1,1,1,1,1,1
2215,tcp,,58768,0,1,1,1,1,1,1,1
2216,tcp,,45903,0,1,1,1,1,1,1,1
2217,udp,dns,5353,0,1,1,1,1,1,1,1
2218,udp,dns,5353,0,1,1,1,1,1,1,1
2219,tcp,,2181,0,1,1,1,1,1,1,1
2220,tcp,,34984,0,1,1,1,1,1,1,1
2221,tcp,,50912,0,1,1,1,1,1,1,1
2222,tcp,,50960,0,1,1,1,1,1,1,1
2223,udp,quic,443,0,1,1,1,1,1,1,1
2224,,,443,,1,1,1,1,1,1,1
2225,tcp,,42773,0,1,1,1,1,1,1,1
2226,tcp,,9092,0,1,1,1,1,1,1,1
2227,tcp,,27017,0,1,1,1,1,1,1,1
2228,tcp,,9092,0,1,1,1,1,1,1,1
2229,udp,,5678,0,1,1,1,1,1,1,1
2230,udp,,5678,0,1,1,1,1,1,1,1
2231,tcp,,36276,0,1,1,1,1,1,1,1
2232,tcp,,34984,0,1,1,1,1,1,1,1
2233,tcp,,50912,0,1,1,1,1,1,1,1
2234,tcp,,50960,0,1,1,1,1,1,1,1
2235,tcp,,9092,0,1,1,1,1,1,1,1
2236,tcp,,9997,0,1,1,1,1,1,1,1
2237,tcp,,9997,0,1,1,1,1,1,1,1
2238,tcp,,2181,0,1,1,1,1,1,1,1
2239,tcp,,42773,0,1,1,1,1,1,1,1
2240,udp,dns,53,0,1,1,1,1,1,1,0
2241,udp,dns,53,0,1,1,1,1,1,1,0
2242,udp,dns,53,0,1,1,1,1,1,1,0
2243,udp,dns,53,0,1,1,1,1,1,1,0
2244,udp,dns,53,0,1,1,1,1,1,1,0
2245,,,80,,0,1,1,1,1,1,0
2246,,,80,,0,1,1,1,1,1,0
2247,udp,dns,53,0,1,1,1,1,1,1,0
2248,,,80,,0,1,1,1,1,1,0
2249,udp,dns,53,0,1,1,1,1,1,1,0
2250,udp,dns,53,0,1,1,1,1,1,1,0
2251,udp,dns,53,0,1,1,1,1,1,1,0
2252,udp,quic,443,0,1,1,1,1,1,1,1
2253,,,443,,1,1,1,1,1,1,1
2254,tcp,,58768,0,1,1,1,1,1,1,1
2255,tcp,,45903,0,1,1,1,1,1,1,1
2256,tcp,,9092,0,1,1,1,1,1,1,1
2257,tcp,,9092,0,1,1,1,1,1,1,1
2258,tcp,,42803,0,1,1,1,1,1,1,1
2259,icmp,,134,0,1,1,1,1,1,1,1
2260,icmp,,0,0,1,1,1,1,1,1,1
2261,udp,dhcp,67,0,1,1,1,1,1,1,0
2262,udp,dns,5353,0,1,1,1,1,1,1,1
2263,tcp,,34984,0,1,1,1,1,1,1,1
2264,tcp,,50912,0,1,1,1,1,1,1,1
2265,tcp,,50960,0,1,1,1,1,1,1,1
2266,tcp,,42773,0,1,1,1,1,1,1,1
2267,tcp,,2181,0,1,1,1,1,1,1,1
2268,tcp,,27017,0,1,1,1,1,1,1,1
2269,tcp,,9092,0,1,1,1,1,1,1,1
2270,tcp,,9092,0,1,1,1,1,1,1,1
2271,tcp,,36276,0,1,1,1,1,1,1,1
2272,tcp,,34984,0,1,1,1,1,1,1,1
2273,tcp,,50912,0,1,1,1,1,1,1,1
2274,tcp,,50960,0,1,1,1,1,1,1,1
2275,icmp,,134,0,1,1,1,1,1,1,1
2276,udp,dns,53,0,1,1,1,1,1,1,0
2277,udp,dns,53,0,1,1,1,1,1,1,0
2278,udp,dns,53,0,1,1,1,1,1,1,0
2279,udp,dns,53,0,1,1,1,1,1,1,0
2280,udp,quic,443,0,1,1,1,1,1,1,1
2281,tcp,ssl,443,0,1,1,1,1,1,1,1
2282,,,443,,0,1,1,1,1,1,0
2283,tcp,,42773,0,1,1,1,1,1,1,1
2284,tcp,,58768,0,1,1,1,1,1,1,1
2285,tcp,,45903,0,1,1,1,1,1,1,1
2286,udp,dns,53,0,1,1,1,1,1,1,0
2287,udp,dns,53,0,1,1,1,1,1,1,0
2288,udp,dns,53,0,1,1,1,1,1,1,0
2289,tcp,ssl,443,0,1,1,1,1,1,1,1
2290,,,443,,0,1,1,1,1,1,0
2291,tcp,,2181,0,1,1,1,1,1,1,1
2292,udp,dns,53,0,1,1,1,1,1,1,0
2293,udp,dns,53,0,1,1,1,1,1,1,0
2294,udp,dns,53,0,1,1,1,1,1,1,0
2295,tcp,ssl,443,0,1,1,1,1,1,1,1
2296,,,443,,0,1,0,1,1,1,0
2297,udp,dns,5353,0,1,1,1,1,1,1,1
2298,udp,dns,5353,0,1,1,1,1,1,1,1
2299,tcp,,9092,0,1,1,1,1,1,1,1
2300,tcp,,9092,0,1,1,1,1,1,1,1
2301,tcp,,34984,0,1,1,1,1,1,1,1
2302,tcp,,50912,0,1,1,1,1,1,1,1
2303,tcp,,50960,0,1,1,1,1,1,1,1
2304,tcp,,42773,0,1,1,1,1,1,1,1
2305,tcp,,27017,0,1,1,1,1,1,1,1
2306,tcp,,2181,0,1,1,1,1,1,1,1
2307,tcp,,36276,0,1,1,1,1,1,1,1
2308,tcp,,34984,0,1,1,1,1,1,1,1
2309,tcp,,50912,0,1,1,1,1,1,1,1
2310,tcp,,50960,0,1,1,1,1,1,1,1
2311,tcp,,58768,0,1,1,1,1,1,1,1
2312,tcp,,45903,0,1,1,1,1,1,1,1
2313,tcp,,9092,0,1,1,1,1,1,1,1
2314,udp,,1900,0,1,1,1,1,1,1,1
2315,tcp,,9092,0,1,1,1,1,1,1,1
2316,tcp,,42773,0,1,1,1,1,1,1,1
2317,tcp,,2181,0,1,1,1,1,1,1,1
2318,tcp,,34984,0,1,1,1,1,1,1,1
2319,tcp,,50912,0,1,1,1,1,1,1,1
2320,tcp,,50960,0,1,1,1,1,1,1,1
2321,tcp,,42773,0,1,1,1,1,1,1,1
2322,tcp,,9092,0,1,1,1,1,1,1,1
2323,tcp,,27017,0,1,1,1,1,1,1,1
2324,tcp,,9092,0,1,1,1,1,1,1,1
2325,udp,dns,53,0,1,1,1,1,1,1,0
2326,udp,dns,53,0,1,1,1,1,1,1,0
2327,udp,dns,53,0,1,1,1,1,1,1,0
2328,udp,dns,53,0,1,1,1,1,1,1,0
2329,udp,dns,53,0,1,1,1,1,1,1,0
2330,tcp,ssl,443,2880,1,1,1,1,1,1,0
2331,tcp,ssl,443,2880,1,1,1,1,1,1,0
2332,tcp,ssl,443,2880,1,1,1,1,1,1,0
2333,tcp,ssl,443,2832,1,1,1,1,1,1,0
2334,tcp,ssl,443,2831,1,1,1,1,1,1,0
2335,,,443,,1,1,1,1,1,1,1
2336,,,443,,1,1,1,1,1,1,1
2337,,,443,,1,1,1,1,1,1,1
2338,,,443,,1,1,1,1,1,1,1
2339,,,443,,1,1,1,1,1,1,1
2340,udp,dns,53,0,1,1,1,1,1,1,0
2341,udp,dns,53,0,1,1,1,1,1,1,0
2342,tcp,http,80,0,1,1,1,1,1,1,1
2343,tcp,http,80,0,1,1,1,1,1,1,1
2344,,,80,,0,1,1,1,1,1,0
2345,,,80,,0,1,1,1,1,1,0
2346,udp,dns,53,0,1,1,1,1,1,1,0
2347,udp,dns,53,0,1,1,1,1,1,1,0
2348,tcp,ssl,443,2844,1,1,1,1,1,1,0
2349,tcp,ssl,443,2844,1,1,1,1,1,1,0
2350,,,443,,1,1,1,1,1,1,1
2351,,,443,,1,1,1,1,1,1,1
2352,tcp,,58768,0,1,1,1,1,1,1,1
2353,tcp,,45903,0,1,1,1,1,1,1,1
2354,tcp,,36276,0,1,1,1,1,1,1,1
2355,tcp,,34984,0,1,1,1,1,1,1,1
2356,tcp,,50912,0,1,1,1,1,1,1,1
2357,tcp,,50960,0,1,1,1,1,1,1,1
2358,tcp,,9092,0,1,1,1,1,1,1,1
2359,tcp,,9997,0,1,1,1,1,1,1,1
2360,tcp,,9997,0,1,1,1,1,1,1,1
2361,tcp,,2181,0,1,1,1,1,1,1,1
2362,tcp,,42773,0,1,1,1,1,1,1,1
2363,tcp,,56876,0,1,1,1,1,1,1,1
2364,tcp,,9092,0,1,1,1,1,1,1,1
2365,tcp,,9092,0,1,1,1,1,1,1,1
2366,tcp,,34984,0,1,1,1,1,1,1,1
2367,tcp,,50912,0,1,1,1,1,1,1,1
2368,tcp,,50960,0,1,1,1,1,1,1,1
2369,tcp,,42773,0,1,1,1,1,1,1,1
2370,tcp,,56860,0,1,1,1,1,1,1,1
2371,tcp,,2181,0,1,1,1,1,1,1,1
2372,tcp,,27017,0,1,1,1,1,1,1,1
2373,tcp,,56870,0,1,1,1,1,1,1,1
2374,tcp,,56856,0,1,1,1,1,1,1,1
2375,tcp,,58768,0,1,1,1,1,1,1,1
2376,tcp,,45903,0,1,1,1,1,1,1,1
2377,tcp,,9092,0,1,1,1,1,1,1,1
2378,tcp,,9092,0,1,1,1,1,1,1,1
2379,tcp,,36276,0,1,1,1,1,1,1,1
2380,unknown_transport,,0,0,1,1,1,1,1,1,0
2381,tcp,,50912,0,1,1,1,1,1,1,1
2382,tcp,,34984,0,1,1,1,1,1,1,1
2383,tcp,,50960,0,1,1,1,1,1,1,1
2384,tcp,,42773,0,1,1,1,1,1,1,1
2385,tcp,,2181,0,1,1,1,1,1,1,1
2386,tcp,,9092,0,1,1,1,1,1,1,1
2387,tcp,,9092,0,1,1,1,1,1,1,1
2388,tcp,,50912,0,1,1,1,1,1,1,1
2389,tcp,,34984,0,1,1,1,1,1,1,1
2390,tcp,,50960,0,1,1,1,1,1,1,1
2391,tcp,,42773,0,1,1,1,1,1,1,1
2392,tcp,,27017,0,1,1,1,1,1,1,1
2393,udp,dns,53,0,1,1,1,1,1,1,0
2394,udp,dns,53,0,1,1,1,1,1,1,0
2395,udp,dns,53,0,1,1,1,1,1,1,0
2396,tcp,ssl,443,0,1,1,1,1,1,1,1
2397,,,443,,0,1,1,1,1,1,0
2398,tcp,,58768,0,1,1,1,1,1,1,1
2399,tcp,,45903,0,1,1,1,1,1,1,1
2400,tcp,,2181,0,1,1,1,1,1,1,1
2401,tcp,,36276,0,1,1,1,1,1,1,1
2402,tcp,,50912,0,1,1,1,1,1,1,1
2403,tcp,,34984,0,1,1,1,1,1,1,1
2404,tcp,,50960,0,1,1,1,1,1,1,1
2405,tcp,,9092,0,1,1,1,1,1,1,1
2406,tcp,,9092,0,1,1,1,1,1,1,1
2407,tcp,,42773,0,1,1,1,1,1,1,1
2408,unknown_transport,,0,0,1,1,1,1,1,1,0
2409,unknown_transport,,0,0,1,1,1,1,1,1,0
2410,tcp,,2181,0,1,1,1,1,1,1,1
2411,tcp,,50912,0,1,1,1,1,1,1,1
2412,tcp,,34984,0,1,1,1,1,1,1,1
2413,tcp,,50960,0,1,1,1,1,1,1,1
2414,tcp,,8081,0,1,1,1,1,1,1,1
2415,tcp,,37048,0,1,1,1,1,1,1,1
2416,tcp,,3306,0,1,1,1,1,1,1,1
2417,tcp,,8081,0,1,1,1,1,1,1,1
2418,tcp,,37058,0,1,1,1,1,1,1,1
2419,tcp,,3306,0,1,1,1,1,1,1,1
2420,tcp,,42773,0,1,1,1,1,1,1,1
2421,tcp,,58768,0,1,1,1,1,1,1,1
2422,tcp,,45903,0,1,1,1,1,1,1,1
2423,tcp,,9092,0,1,1,1,1,1,1,1
2424,tcp,,27017,0,1,1,1,1,1,1,1
2425,tcp,,9092,0,1,1,1,1,1,1,1
2426,udp,dns,53,0,1,1,1,1,1,1,0
2427,udp,dns,53,0,1,1,1,1,1,1,0
2428,udp,dns,53,0,1,1,1,1,1,1,0
2429,udp,quic,443,0,1,1,1,1,1,1,1
2430,udp,,5678,0,1,1,1,1,1,1,1
2431,udp,,5678,0,1,1,1,1,1,1,1
2432,tcp,,36276,0,1,1,1,1,1,1,1
2433,icmp,,0,0,1,1,1,1,1,1,1
2434,tcp,,50912,0,1,1,1,1,1,1,1
2435,tcp,,34984,0,1,1,1,1,1,1,1
2436,tcp,,9092,0,1,1,1,1,1,1,1
2437,tcp,,9997,0,1,1,1,1,1,1,1
2438,tcp,,9997,0,1,1,1,1,1,1,1
2439,tcp,,2181,0,1,1,1,1,1,1,1
2440,tcp,,50960,0,1,1,1,1,1,1,1
2441,tcp,,42773,0,1,1,1,1,1,1,1
2442,udp,dns,53,0,1,1,1,1,1,1,0
2443,udp,dns,53,0,1,1,1,1,1,1,0
2444,udp,dns,53,0,1,1,1,1,1,1,0
2445,udp,dns,53,0,1,1,1,1,1,1,0
2446,udp,dns,53,0,1,1,1,1,1,1,0
2447,,,80,,0,1,1,1,1,1,0
2448,udp,dns,53,0,1,1,1,1,1,1,0
2449,,,80,,0,1,1,1,1,1,0
2450,,,80,,0,1,1,1,1,1,0
2451,udp,dns,5353,0,1,1,1,1,1,1,1
2452,tcp,,9092,0,1,1,1,1,1,1,1
2453,tcp,,9092,0,1,1,1,1,1,1,1
2454,udp,dns,53,0,1,1,1,1,1,1,0
2455,udp,dns,53,0,1,1,1,1,1,1,0
2456,udp,dns,53,0,1,1,1,1,1,1,0
2457,udp,quic,443,0,1,1,1,1,1,1,1
2458,,,443,,1,1,1,1,1,1,1
2459,tcp,ssl,443,0,1,1,1,1,1,1,1
2460,,,443,,0,1,1,1,1,1,0
2461,tcp,,58768,0,1,1,1,1,1,1,1
2462,tcp,,45903,0,1,1,1,1,1,1,1
2463,tcp,,50912,0,1,1,1,1,1,1,1
2464,tcp,,34984,0,1,1,1,1,1,1,1
2465,tcp,,50960,0,1,1,1,1,1,1,1
2466,tcp,,42773,0,1,1,1,1,1,1,1
2467,tcp,,2181,0,1,1,1,1,1,1,1
2468,tcp,,27017,0,1,1,1,1,1,1,1
2469,tcp,,9092,0,1,1,1,1,1,1,1
2470,tcp,,9092,0,1,1,1,1,1,1,1
2471,udp,dns,5353,0,1,1,1,1,1,1,1
2472,udp,dns,5353,0,1,1,1,1,1,1,1
2473,tcp,,36276,0,1,1,1,1,1,1,1
2474,tcp,,50912,0,1,1,1,1,1,1,1
2475,tcp,,34984,0,1,1,1,1,1,1,1
2476,tcp,,50960,0,1,1,1,1,1,1,1
2477,tcp,,42773,0,1,1,1,1,1,1,1
2478,tcp,,2181,0,1,1,1,1,1,1,1
2479,tcp,,9092,0,1,1,1,1,1,1,1
2480,tcp,,9092,0,1,1,1,1,1,1,1
2481,tcp,,9092,0,1,1,1,1,1,1,1
2482,tcp,,58768,0,1,1,1,1,1,1,1
2483,tcp,,45903,0,1,1,1,1,1,1,1
2484,tcp,,9092,0,1,1,1,1,1,1,1
2485,tcp,,9092,0,1,1,1,1,1,1,1
2486,tcp,,50912,0,1,1,1,1,1,1,1
2487,tcp,,34984,0,1,1,1,1,1,1,1
2488,tcp,,50960,0,1,1,1,1,1,1,1
2489,tcp,,42773,0,1,1,1,1,1,1,1
2490,tcp,,27017,0,1,1,1,1,1,1,1
2491,tcp,,2181,0,1,1,1,1,1,1,1
2492,tcp,,36276,0,1,1,1,1,1,1,1
2493,tcp,,50912,0,1,1,1,1,1,1,1
2494,tcp,,34984,0,1,1,1,1,1,1,1
2495,tcp,,50960,0,1,1,1,1,1,1,1
2496,tcp,,9092,0,1,1,1,1,1,1,1
2497,udp,dns,53,0,1,1,1,1,1,1,0
2498,udp,dns,53,0,1,1,1,1,1,1,0
2499,udp,dns,53,0,1,1,1,1,1,1,0
2500,udp,quic,443,0,1,1,1,1,1,1,1
2501,tcp,,9092,0,1,1,1,1,1,1,1
2502,tcp,ssl,443,0,1,1,1,1,1,1,1
2503,,,443,,0,1,1,1,1,1,0
2504,tcp,,42773,0,1,1,1,1,1,1,1
2505,tcp,,58768,0,1,1,1,1,1,1,1
2506,tcp,,45903,0,1,1,1,1,1,1,1
2507,tcp,,9092,0,1,1,1,1,1,1,1
2508,tcp,,2181,0,1,1,1,1,1,1,1
2509,tcp,,9092,0,1,1,1,1,1,1,1
2510,tcp,,50912,0,1,1,1,1,1,1,1
2511,tcp,,34984,0,1,1,1,1,1,1,1
2512,tcp,,50960,0,1,1,1,1,1,1,1
2513,tcp,,42773,0,1,1,1,1,1,1,1
2514,tcp,,9092,0,1,1,1,1,1,1,1
2515,tcp,,27017,0,1,1,1,1,1,1,1
2516,tcp,,9092,0,1,1,1,1,1,1,1
2517,udp,dns,53,0,1,1,1,1,1,1,0
2518,udp,dns,53,0,1,1,1,1,1,1,0
2519,udp,dns,53,0,1,1,1,1,1,1,0
2520,udp,quic,443,0,1,1,1,1,1,1,1
2521,,,443,,1,1,1,1,1,1,1
2522,udp,dns,53,0,1,1,1,1,1,1,0
2523,tcp,ssl,443,0,1,1,1,1,1,1,1
2524,,,443,,0,1,1,1,1,1,0
2525,udp,dns,53,0,1,1,1,1,1,1,0
2526,udp,dns,53,0,1,1,1,1,1,1,0
2527,udp,dns,53,0,1,1,1,1,1,1,0
2528,udp,quic,443,0,1,1,1,1,1,1,1
2529,,,443,,1,1,1,1,1,1,1
2530,tcp,,36276,0,1,1,1,1,1,1,1
2531,tcp,,9092,0,1,1,1,1,1,1,1
2532,tcp,,9997,0,1,1,1,1,1,1,1
2533,tcp,,9997,0,1,1,1,1,1,1,1
2534,tcp,,2181,0,1,1,1,1,1,1,1
2535,tcp,,50912,0,1,1,1,1,1,1,1
2536,tcp,,34984,0,1,1,1,1,1,1,1
2537,tcp,,50960,0,1,1,1,1,1,1,1
2538,udp,dns,53,0,1,1,1,1,1,1,0
2539,udp,dns,53,0,1,1,1,1,1,1,0
2540,udp,dns,53,0,1,1,1,1,1,1,0
2541,udp,quic,443,0,1,1,1,1,1,1,1
2542,,,443,,0,1,0,1,1,1,0
2543,udp,quic,443,0,1,1,1,1,1,1,1
2544,tcp,ssl,443,0,1,1,1,1,1,1,1
2545,,,443,,0,1,0,1,1,1,0
2546,udp,dns,53,0,1,1,1,1,1,1,0
2547,tcp,ssl,443,0,1,1,1,1,1,1,1
2548,,,443,,0,1,0,1,1,1,0
2549,tcp,,42773,0,1,1,1,1,1,1,1
2550,udp,dns,53,0,1,1,1,1,1,1,0
2551,udp,quic,443,0,1,1,1,1,1,1,1
2552,,,443,,0,1,0,1,1,1,0
2553,tcp,,58768,0,1,1,1,1,1,1,1
2554,tcp,,45903,0,1,1,1,1,1,1,1
2555,udp,dns,53,0,1,1,1,1,1,1,0
2556,udp,dns,53,0,1,1,1,1,1,1,0
2557,tcp,,9092,0,1,1,1,1,1,1,1
2558,tcp,,9092,0,1,1,1,1,1,1,1
2559,udp,dns,53,0,1,1,1,1,1,1,0
2560,tcp,ssl,443,0,1,1,1,1,1,1,1
2561,,,443,,0,1,0,1,1,1,0
2562,tcp,,50912,0,1,1,1,1,1,1,1
2563,tcp,,34984,0,1,1,1,1,1,1,1
2564,tcp,,50960,0,1,1,1,1,1,1,1
2565,tcp,,42773,0,1,1,1,1,1,1,1
2566,tcp,,2181,0,1,1,1,1,1,1,1
2567,tcp,,27017,0,1,1,1,1,1,1,1
2568,udp,dns,53,0,1,1,1,1,1,1,0
2569,tcp,ssl,443,0,1,1,1,1,1,1,1
2570,,,443,,0,1,0,1,1,1,0
2571,tcp,ssl,443,0,1,1,1,1,1,1,1
2572,,,443,,0,1,0,1,1,1,0
2573,udp,dns,53,0,1,1,1,1,1,1,0
2574,tcp,ssl,443,2800,1,1,1,1,1,1,0
2575,,,443,,1,1,1,1,1,1,1
2576,tcp,,9092,0,1,1,1,1,1,1,1
2577,tcp,,9092,0,1,1,1,1,1,1,1
2578,udp,dns,5353,0,1,1,1,1,1,1,1
2579,udp,dns,5353,0,1,1,1,1,1,1,1
2580,tcp,,36276,0,1,1,1,1,1,1,1
2581,tcp,,50912,0,1,1,1,1,1,1,1
2582,tcp,,34984,0,1,1,1,1,1,1,1
2583,tcp,,50960,0,1,1,1,1,1,1,1
2584,tcp,,42773,0,1,1,1,1,1,1,1
2585,tcp,,58768,0,1,1,1,1,1,1,1
2586,tcp,,45903,0,1,1,1,1,1,1,1
2587,tcp,,2181,0,1,1,1,1,1,1,1
2588,udp,dns,53,0,1,1,1,1,1,1,0
2589,udp,dns,53,0,1,1,1,1,1,1,0
2590,tcp,,9092,0,1,1,1,1,1,1,1
2591,tcp,,9092,0,1,1,1,1,1,1,1
2592,udp,dns,53,0,1,1,1,1,1,1,0
2593,udp,quic,443,0,1,1,1,1,1,1,1
2594,tcp,,50912,0,1,1,1,1,1,1,1
2595,tcp,,34984,0,1,1,1,1,1,1,1
2596,tcp,,50960,0,1,1,1,1,1,1,1
2597,tcp,,8081,0,1,1,1,1,1,1,1
2598,tcp,,8081,0,1,1,1,1,1,1,1
2599,tcp,,8081,0,1,1,1,1,1,1,1
2600,tcp,,8081,0,1,1,1,1,1,1,1
2601,tcp,,42773,0,1,1,1,1,1,1,1
2602,tcp,,27017,0,1,1,1,1,1,1,1
2603,tcp,,2181,0,1,1,1,1,1,1,1
2604,udp,,1900,0,1,1,1,1,1,1,1
2605,tcp,,36276,0,1,1,1,1,1,1,1
2606,tcp,,58768,0,1,1,1,1,1,1,1
2607,tcp,,45903,0,1,1,1,1,1,1,1
2608,tcp,,50912,0,1,1,1,1,1,1,1
2609,tcp,,34984,0,1,1,1,1,1,1,1
2610,tcp,,50960,0,1,1,1,1,1,1,1
2611,tcp,,9092,0,1,1,1,1,1,1,1
2612,tcp,,9092,0,1,1,1,1,1,1,1
2613,tcp,,42773,0,1,1,1,1,1,1,1
2614,tcp,,2181,0,1,1,1,1,1,1,1
2615,tcp,,50912,0,1,1,1,1,1,1,1
2616,tcp,,34984,0,1,1,1,1,1,1,1
2617,tcp,,50960,0,1,1,1,1,1,1,1
2618,tcp,,42773,0,1,1,1,1,1,1,1
2619,tcp,,9092,0,1,1,1,1,1,1,1
2620,tcp,,27017,0,1,1,1,1,1,1,1
2621,tcp,,9092,0,1,1,1,1,1,1,1
2622,tcp,,58768,0,1,1,1,1,1,1,1
2623,tcp,,45903,0,1,1,1,1,1,1,1
2624,tcp,,37058,0,1,1,1,1,1,1,1
2625,tcp,,37048,0,1,1,1,1,1,1,1
2626,udp,,5678,0,1,1,1,1,1,1,1
2627,tcp,,36276,0,1,1,1,1,1,1,1
2628,tcp,,9092,0,1,1,1,1,1,1,1
2629,tcp,,9997,0,1,1,1,1,1,1,1
2630,tcp,,9997,0,1,1,1,1,1,1,1
2631,tcp,,2181,0,1,1,1,1,1,1,1
2632,tcp,,50912,0,1,1,1,1,1,1,1
2633,tcp,,34984,0,1,1,1,1,1,1,1
2634,icmp,,0,0,1,1,1,1,1,1,1
2635,tcp,,50960,0,1,1,1,1,1,1,1
2636,tcp,,42773,0,1,1,1,1,1,1,1
2637,udp,dns,53,0,1,1,1,1,1,1,0
2638,udp,dns,53,0,1,1,1,1,1,1,0
2639,udp,dns,53,0,1,1,1,1,1,1,0
2640,udp,dns,53,0,1,1,1,1,1,1,0
2641,udp,dns,53,0,1,1,1,1,1,1,0
2642,,,80,,0,1,1,1,1,1,0
2643,udp,dns,53,0,1,1,1,1,1,1,0
2644,,,80,,0,1,1,1,1,1,0
2645,,,80,,0,1,1,1,1,1,0
2646,tcp,,9092,0,1,1,1,1,1,1,1
2647,tcp,,9092,0,1,1,1,1,1,1,1
2648,tcp,,50912,0,1,1,1,1,1,1,1
2649,tcp,,34984,0,1,1,1,1,1,1,1
2650,tcp,,50960,0,1,1,1,1,1,1,1
2651,tcp,,42773,0,1,1,1,1,1,1,1
2652,tcp,,2181,0,1,1,1,1,1,1,1
2653,tcp,,27017,0,1,1,1,1,1,1,1
2654,tcp,,58768,0,1,1,1,1,1,1,1
2655,tcp,,45903,0,1,1,1,1,1,1,1
2656,tcp,,9092,0,1,1,1,1,1,1,1
2657,tcp,,9092,0,1,1,1,1,1,1,1
2658,udp,dns,5353,0,1,1,1,1,1,1,1
2659,udp,dns,5353,0,1,1,1,1,1,1,1
2660,tcp,,36276,0,1,1,1,1,1,1,1
2661,tcp,,50912,0,1,1,1,1,1,1,1
2662,tcp,,34984,0,1,1,1,1,1,1,1
2663,tcp,,50960,0,1,1,1,1,1,1,1
2664,tcp,,42773,0,1,1,1,1,1,1,1
2665,tcp,,2181,0,1,1,1,1,1,1,1
2666,tcp,,9092,0,1,1,1,1,1,1,1
2667,tcp,,9092,0,1,1,1,1,1,1,1
2668,tcp,,50912,0,1,1,1,1,1,1,1
2669,tcp,,34984,0,1,1,1,1,1,1,1
2670,tcp,,50960,0,1,1,1,1,1,1,1
2671,udp,dns,5353,0,1,1,1,1,1,1,1
2672,udp,dns,5353,0,1,1,1,1,1,1,1
2673,icmp,,0,0,1,1,1,1,1,1,1
2674,icmp,,134,0,1,1,1,1,1,1,1
2675,unknown_transport,,0,0,1,1,1,1,1,1,0
2676,tcp,,42773,0,1,1,1,1,1,1,1
2677,tcp,,27017,0,1,1,1,1,1,1,1
2678,tcp,,58768,0,1,1,1,1,1,1,1
2679,tcp,,45903,0,1,1,1,1,1,1,1
2680,tcp,,2181,0,1,1,1,1,1,1,1
2681,tcp,,36276,0,1,1,1,1,1,1,1
2682,tcp,,50912,0,1,1,1,1,1,1,1
2683,tcp,,34984,0,1,1,1,1,1,1,1
2684,tcp,,50960,0,1,1,1,1,1,1,1
2685,tcp,,9092,0,1,1,1,1,1,1,1
2686,tcp,,9092,0,1,1,1,1,1,1,1
2687,tcp,,42773,0,1,1,1,1,1,1,1
2688,udp,dns,53,0,1,1,1,1,1,1,0
2689,udp,dns,53,0,1,1,1,1,1,1,0
2690,udp,dns,53,0,1,1,1,1,1,1,0
2691,udp,quic,443,0,1,1,1,1,1,1,1
2692,,,443,,1,1,1,1,1,1,1
2693,tcp,,2181,0,1,1,1,1,1,1,1
2694,tcp,,50912,0,1,1,1,1,1,1,1
2695,tcp,,34984,0,1,1,1,1,1,1,1
2696,tcp,,50960,0,1,1,1,1,1,1,1
2697,tcp,,42773,0,1,1,1,1,1,1,1
2698,tcp,,58768,0,1,1,1,1,1,1,1
2699,tcp,,45903,0,1,1,1,1,1,1,1
2700,tcp,,9092,0,1,1,1,1,1,1,1
2701,tcp,,27017,0,1,1,1,1,1,1,1
2702,tcp,,9092,0,1,1,1,1,1,1,1
2703,udp,dns,53,0,1,1,1,1,1,1,0
2704,udp,dns,53,0,1,1,1,1,1,1,0
2705,tcp,,36276,0,1,1,1,1,1,1,1
2706,udp,dns,53,0,1,1,1,1,1,1,0
2707,udp,quic,443,0,1,1,1,1,1,1,1
2708,tcp,,9092,0,1,1,1,1,1,1,1
2709,tcp,,9997,0,1,1,1,1,1,1,1
2710,tcp,,9997,0,1,1,1,1,1,1,1
2711,tcp,,2181,0,1,1,1,1,1,1,1
2712,udp,dns,53,0,1,1,1,1,1,1,0
2713,tcp,ssl,443,0,1,1,1,1,1,1,1
2714,,,443,,0,1,1,1,1,1,0
2715,tcp,,50912,0,1,1,1,1,1,1,1
2716,tcp,,34984,0,1,1,1,1,1,1,1
2717,tcp,,50960,0,1,1,1,1,1,1,1
2718,udp,dns,53,0,1,1,1,1,1,1,0
2719,udp,dns,53,0,1,1,1,1,1,1,0
2720,tcp,,42773,0,1,1,1,1,1,1,1
2721,udp,dns,5353,0,1,1,1,1,1,1,1
2722,udp,dns,5353,0,1,1,1,1,1,1,1
2723,udp,dns,53,0,1,1,1,1,1,1,0
2724,udp,quic,443,0,1,1,1,1,1,1,1
2725,tcp,,9092,0,1,1,1,1,1,1,1
2726,tcp,,9092,0,1,1,1,1,1,1,1
2727,tcp,,58768,0,1,1,1,1,1,1,1
2728,tcp,,45903,0,1,1,1,1,1,1,1
2729,tcp,,50912,0,1,1,1,1,1,1,1
2730,tcp,,34984,0,1,1,1,1,1,1,1
2731,tcp,,50960,0,1,1,1,1,1,1,1
2732,tcp,,42773,0,1,1,1,1,1,1,1
2733,tcp,,2181,0,1,1,1,1,1,1,1
2734,tcp,,27017,0,1,1,1,1,1,1,1
2735,tcp,,9092,0,1,1,1,1,1,1,1
2736,tcp,,9092,0,1,1,1,1,1,1,1
2737,tcp,,36276,0,1,1,1,1,1,1,1
2738,tcp,,50912,0,1,1,1,1,1,1,1
2739,tcp,,34984,0,1,1,1,1,1,1,1
2740,tcp,,50960,0,1,1,1,1,1,1,1
2741,tcp,,42773,0,1,1,1,1,1,1,1
2742,tcp,,2181,0,1,1,1,1,1,1,1
2743,tcp,,58768,0,1,1,1,1,1,1,1
2744,tcp,,45903,0,1,1,1,1,1,1,1
2745,tcp,,9092,0,1,1,1,1,1,1,1
2746,tcp,,9092,0,1,1,1,1,1,1,1
2747,tcp,,50912,0,1,1,1,1,1,1,1
2748,tcp,,34984,0,1,1,1,1,1,1,1
2749,tcp,,50960,0,1,1,1,1,1,1,1
2750,tcp,,42773,0,1,1,1,1,1,1,1
2751,tcp,,27017,0,1,1,1,1,1,1,1
2752,udp,dns,53,0,1,1,1,1,1,1,0
2753,udp,dns,53,0,1,1,1,1,1,1,0
2754,udp,dns,53,0,1,1,1,1,1,1,0
2755,tcp,ssl,443,0,1,1,1,1,1,1,1
2756,,,443,,0,1,0,1,1,1,0
2757,udp,dns,53,0,1,1,1,1,1,1,0
2758,tcp,,2181,0,1,1,1,1,1,1,1
2759,tcp,,36276,0,1,1,1,1,1,1,1
2760,tcp,,50912,0,1,1,1,1,1,1,1
2761,tcp,,34984,0,1,1,1,1,1,1,1
2762,tcp,,50960,0,1,1,1,1,1,1,1
2763,tcp,,9092,0,1,1,1,1,1,1,1
2764,tcp,,9092,0,1,1,1,1,1,1,1
2765,tcp,,42773,0,1,1,1,1,1,1,1
2766,udp,dns,53,0,1,1,1,1,1,1,0
2767,udp,dns,53,0,1,1,1,1,1,1,0
2768,udp,dns,53,0,1,1,1,1,1,1,0
2769,udp,quic,443,0,1,1,1,1,1,1,1
2770,tcp,,58768,0,1,1,1,1,1,1,1
2771,tcp,,45903,0,1,1,1,1,1,1,1
2772,udp,dns,5353,0,1,1,1,1,1,1,1
2773,udp,dns,5353,0,1,1,1,1,1,1,1
2774,tcp,,2181,0,1,1,1,1,1,1,1
2775,tcp,,50912,0,1,1,1,1,1,1,1
2776,tcp,,34984,0,1,1,1,1,1,1,1
2777,tcp,,50960,0,1,1,1,1,1,1,1
2778,tcp,,42773,0,1,1,1,1,1,1,1
2779,tcp,,9092,0,1,1,1,1,1,1,1
2780,tcp,,27017,0,1,1,1,1,1,1,1
2781,tcp,,9092,0,1,1,1,1,1,1,1
2782,udp,,5678,0,1,1,1,1,1,1,1
2783,tcp,,36276,0,1,1,1,1,1,1,1
2784,tcp,,9092,0,1,1,1,1,1,1,1
2785,tcp,,9997,0,1,1,1,1,1,1,1
2786,tcp,,9997,0,1,1,1,1,1,1,1
2787,tcp,,2181,0,1,1,1,1,1,1,1
2788,udp,,1900,0,1,1,1,1,1,1,1
2789,tcp,,50912,0,1,1,1,1,1,1,1
2790,tcp,,34984,0,1,1,1,1,1,1,1
2791,icmp,,0,0,1,1,1,1,1,1,1
2792,tcp,,50960,0,1,1,1,1,1,1,1
2793,tcp,,42773,0,1,1,1,1,1,1,1
2794,udp,dns,53,0,1,1,1,1,1,1,0
2795,udp,dns,53,0,1,1,1,1,1,1,0
2796,udp,dns,53,0,1,1,1,1,1,1,0
2797,udp,dns,53,0,1,1,1,1,1,1,0
2798,udp,dns,53,0,1,1,1,1,1,1,0
2799,,,80,,0,1,1,1,1,1,0
2800,udp,dns,53,0,1,1,1,1,1,1,0
2801,,,80,,0,1,1,1,1,1,0
2802,udp,dns,53,0,1,1,1,1,1,1,0
2803,tcp,http,80,0,1,1,1,1,1,1,1
2804,,,80,,0,1,1,1,1,1,0
2805,tcp,,58768,0,1,1,1,1,1,1,1
2806,tcp,,45903,0,1,1,1,1,1,1,1
2807,tcp,,9092,0,1,1,1,1,1,1,1
2808,tcp,,9092,0,1,1,1,1,1,1,1
2809,udp,dns,53,0,1,1,1,1,1,1,0
2810,udp,dns,53,0,1,1,1,1,1,1,0
2811,udp,dns,53,0,1,1,1,1,1,1,0
2812,tcp,,50912,0,1,1,1,1,1,1,1
2813,tcp,,34984,0,1,1,1,1,1,1,1
2814,tcp,,50960,0,1,1,1,1,1,1,1
2815,udp,dns,53,0,1,1,1,1,1,1,0
2816,tcp,,2181,0,1,1,1,1,1,1,1
2817,tcp,,42773,0,1,1,1,1,1,1,1
2818,tcp,,27017,0,1,1,1,1,1,1,1
2819,tcp,,9092,0,1,1,1,1,1,1,1
2820,tcp,,9092,0,1,1,1,1,1,1,1
2821,udp,dns,53,0,1,1,1,1,1,1,0
2822,udp,dns,53,0,1,1,1,1,1,1,0
2823,udp,quic,443,0,1,1,1,1,1,1,1
2824,tcp,ssl,443,0,1,1,1,1,1,1,1
2825,,,443,,0,1,1,1,1,1,0
2826,udp,dns,5353,0,1,1,1,1,1,1,1
2827,udp,dns,5353,0,1,1,1,1,1,1,1
2828,tcp,,36276,0,1,1,1,1,1,1,1
2829,udp,dns,53,0,1,1,1,1,1,1,0
2830,tcp,,50912,0,1,1,1,1,1,1,1
2831,tcp,,34984,0,1,1,1,1,1,1,1
2832,tcp,,50960,0,1,1,1,1,1,1,1
2833,udp,dns,53,0,1,1,1,1,1,1,0
2834,tcp,,58768,0,1,1,1,1,1,1,1
2835,tcp,,45903,0,1,1,1,1,1,1,1
2836,tcp,,42773,0,1,1,1,1,1,1,1
2837,tcp,,2181,0,1,1,1,1,1,1,1
2838,icmp,,134,0,1,1,1,1,1,1,1
2839,udp,dns,53,0,1,1,1,1,1,1,0
2840,tcp,ssl,443,0,1,1,1,1,1,1,1
2841,,,443,,0,1,0,1,1,1,0
2842,tcp,,9092,0,1,1,1,1,1,1,1
2843,tcp,,9092,0,1,1,1,1,1,1,1
2844,tcp,,50912,0,1,1,1,1,1,1,1
2845,tcp,,34984,0,1,1,1,1,1,1,1
2846,tcp,,50960,0,1,1,1,1,1,1,1
2847,udp,dns,5353,0,1,1,1,1,1,1,1
2848,udp,dns,5353,0,1,1,1,1,1,1,1
2849,tcp,,42773,0,1,1,1,1,1,1,1
2850,tcp,,27017,0,1,1,1,1,1,1,1
2851,udp,dns,5353,0,1,1,1,1,1,1,1
2852,udp,dns,5353,0,1,1,1,1,1,1,1
2853,tcp,,2181,0,1,1,1,1,1,1,1
2854,tcp,,36276,0,1,1,1,1,1,1,1
2855,tcp,,58768,0,1,1,1,1,1,1,1
2856,tcp,,45903,0,1,1,1,1,1,1,1
2857,tcp,,50912,0,1,1,1,1,1,1,1
2858,tcp,,34984,0,1,1,1,1,1,1,1
2859,tcp,,50960,0,1,1,1,1,1,1,1
2860,tcp,,9092,0,1,1,1,1,1,1,1
2861,tcp,,9092,0,1,1,1,1,1,1,1
2862,tcp,,42773,0,1,1,1,1,1,1,1
2863,icmp,,0,0,1,1,1,1,1,1,1
2864,unknown_transport,,0,0,1,1,1,1,1,1,0
2865,udp,dns,5353,0,1,1,1,1,1,1,1
2866,udp,dns,5353,0,1,1,1,1,1,1,1
2867,udp,dhcp,67,0,1,1,1,1,1,1,0
2868,icmp,,134,0,1,1,1,1,1,1,1
2869,unknown_transport,,0,0,1,1,1,1,1,1,0
2870,tcp,,2181,0,1,1,1,1,1,1,1
2871,tcp,,50912,0,1,1,1,1,1,1,1
2872,tcp,,34984,0,1,1,1,1,1,1,1
2873,tcp,,50960,0,1,1,1,1,1,1,1
2874,tcp,,42773,0,1,1,1,1,1,1,1
2875,tcp,,9092,0,1,1,1,1,1,1,1
2876,tcp,,27017,0,1,1,1,1,1,1,1
2877,tcp,,9092,0,1,1,1,1,1,1,1
2878,tcp,,58768,0,1,1,1,1,1,1,1
2879,tcp,,45903,0,1,1,1,1,1,1,1
2880,tcp,,36276,0,1,1,1,1,1,1,1
2881,tcp,,9092,0,1,1,1,1,1,1,1
2882,tcp,,9997,0,1,1,1,1,1,1,1
2883,tcp,,9997,0,1,1,1,1,1,1,1
2884,tcp,,2181,0,1,1,1,1,1,1,1
2885,tcp,,50912,0,1,1,1,1,1,1,1
2886,tcp,,34984,0,1,1,1,1,1,1,1
2887,tcp,,50960,0,1,1,1,1,1,1,1
2888,tcp,,42773,0,1,1,1,1,1,1,1
2889,tcp,,9092,0,1,1,1,1,1,1,1
2890,tcp,,9092,0,1,1,1,1,1,1,1
2891,tcp,,50912,0,1,1,1,1,1,1,1
2892,tcp,,34984,0,1,1,1,1,1,1,1
2893,tcp,,50960,0,1,1,1,1,1,1,1
2894,tcp,,2181,0,1,1,1,1,1,1,1
2895,tcp,,42773,0,1,1,1,1,1,1,1
2896,tcp,,27017,0,1,1,1,1,1,1,1
2897,udp,dns,5353,0,1,1,1,1,1,1,1
2898,udp,dns,5353,0,1,1,1,1,1,1,1
2899,udp,dns,5353,0,1,1,1,1,1,1,1
2900,udp,dns,5353,0,1,1,1,1,1,1,1
2901,tcp,,58768,0,1,1,1,1,1,1,1
2902,tcp,,45903,0,1,1,1,1,1,1,1
2903,tcp,,9092,0,1,1,1,1,1,1,1
2904,tcp,,9092,0,1,1,1,1,1,1,1
2905,tcp,,36276,0,1,1,1,1,1,1,1
2906,tcp,,50912,0,1,1,1,1,1,1,1
2907,tcp,,34984,0,1,1,1,1,1,1,1
2908,tcp,,50960,0,1,1,1,1,1,1,1
2909,tcp,,42773,0,1,1,1,1,1,1,1
2910,tcp,,2181,0,1,1,1,1,1,1,1
2911,tcp,,9092,0,1,1,1,1,1,1,1
2912,tcp,,9092,0,1,1,1,1,1,1,1
2913,tcp,,50912,0,1,1,1,1,1,1,1
2914,tcp,,34984,0,1,1,1,1,1,1,1
2915,tcp,,50960,0,1,1,1,1,1,1,1
2916,tcp,,42773,0,1,1,1,1,1,1,1
2917,tcp,,27017,0,1,1,1,1,1,1,1
2918,tcp,,58768,0,1,1,1,1,1,1,1
2919,tcp,,45903,0,1,1,1,1,1,1,1
2920,tcp,,2181,0,1,1,1,1,1,1,1
2921,udp,dns,53,0,1,1,1,1,1,1,0
2922,udp,dns,53,0,1,1,1,1,1,1,0
2923,udp,dns,53,0,1,1,1,1,1,1,0
2924,tcp,ssl,443,2848,1,1,1,1,1,1,0
2925,tcp,,36276,0,1,1,1,1,1,1,1
2926,tcp,ssl,443,0,1,1,1,1,1,1,1
2927,,,443,,1,1,1,1,1,1,1
2928,tcp,,50912,0,1,1,1,1,1,1,1
2929,tcp,,34984,0,1,1,1,1,1,1,1
2930,,,443,,0,1,0,1,1,1,0
2931,tcp,,50960,0,1,1,1,1,1,1,1
2932,tcp,,9092,0,1,1,1,1,1,1,1
2933,tcp,,9092,0,1,1,1,1,1,1,1
2934,tcp,,42773,0,1,1,1,1,1,1,1
2935,icmp,,134,0,1,1,1,1,1,1,1
2936,tcp,,2181,0,1,1,1,1,1,1,1
2937,tcp,,50912,0,1,1,1,1,1,1,1
2938,tcp,,34984,0,1,1,1,1,1,1,1
2939,tcp,,50960,0,1,1,1,1,1,1,1
2940,tcp,,58768,0,1,1,1,1,1,1,1
2941,tcp,,45903,0,1,1,1,1,1,1,1
2942,tcp,,42773,0,1,1,1,1,1,1,1
2943,tcp,,9092,0,1,1,1,1,1,1,1
2944,tcp,,27017,0,1,1,1,1,1,1,1
2945,tcp,,9092,0,1,1,1,1,1,1,1
2946,udp,dns,5353,0,1,1,1,1,1,1,1
2947,udp,dns,5353,0,1,1,1,1,1,1,1
2948,udp,dns,5353,0,1,1,1,1,1,1,1
2949,udp,dns,5353,0,1,1,1,1,1,1,1
2950,udp,,5678,0,1,1,1,1,1,1,1
2951,tcp,,49232,0,1,1,1,1,1,1,1
2952,tcp,,8081,0,1,1,1,1,1,1,1
2953,tcp,,8081,0,1,1,1,1,1,1,1
2954,tcp,,36276,0,1,1,1,1,1,1,1
2955,tcp,,9092,0,1,1,1,1,1,1,1
2956,tcp,,9997,0,1,1,1,1,1,1,1
2957,tcp,,9997,0,1,1,1,1,1,1,1
2958,tcp,,2181,0,1,1,1,1,1,1,1
2959,udp,,1900,0,1,1,1,1,1,1,1
2960,tcp,,50912,0,1,1,1,1,1,1,1
2961,tcp,,34984,0,1,1,1,1,1,1,1
2962,tcp,,50960,0,1,1,1,1,1,1,1
2963,icmp,,0,0,1,1,1,1,1,1,1
2964,icmp,,0,0,1,1,1,1,1,1,1
2965,tcp,,42773,0,1,1,1,1,1,1,1
2966,udp,dns,53,0,1,1,1,1,1,1,0
2967,udp,dns,53,0,1,1,1,1,1,1,0
2968,udp,dns,53,0,1,1,1,1,1,1,0
2969,udp,dns,53,0,1,1,1,1,1,1,0
2970,udp,dns,53,0,1,1,1,1,1,1,0
2971,,,80,,0,1,1,1,1,1,0
2972,udp,dns,53,0,1,1,1,1,1,1,0
2973,,,80,,0,1,1,1,1,1,0
2974,udp,dns,53,0,1,1,1,1,1,1,0
2975,tcp,http,80,0,1,1,1,1,1,1,1
2976,,,80,,0,1,1,1,1,1,0
2977,tcp,,9092,0,1,1,1,1,1,1,1
2978,tcp,,9092,0,1,1,1,1,1,1,1
2979,udp,dns,5353,0,1,1,1,1,1,1,1
2980,udp,dns,5353,0,1,1,1,1,1,1,1
2981,tcp,,58768,0,1,1,1,1,1,1,1
2982,tcp,,45903,0,1,1,1,1,1,1,1
2983,tcp,,50912,0,1,1,1,1,1,1,1
2984,tcp,,34984,0,1,1,1,1,1,1,1
2985,tcp,,50960,0,1,1,1,1,1,1,1
2986,tcp,,2181,0,1,1,1,1,1,1,1
2987,tcp,,42773,0,1,1,1,1,1,1,1
2988,tcp,,27017,0,1,1,1,1,1,1,1
2989,tcp,,9092,0,1,1,1,1,1,1,1
2990,tcp,,9092,0,1,1,1,1,1,1,1
2991,tcp,,36276,0,1,1,1,1,1,1,1
2992,tcp,,50912,0,1,1,1,1,1,1,1
2993,tcp,,34984,0,1,1,1,1,1,1,1
2994,tcp,,50960,0,1,1,1,1,1,1,1
2995,tcp,,42773,0,1,1,1,1,1,1,1
2996,tcp,,2181,0,1,1,1,1,1,1,1
2997,udp,dns,5353,0,1,1,1,1,1,1,1
2998,udp,dns,5353,0,1,1,1,1,1,1,1
2999,tcp,,58768,0,1,1,1,1,1,1,1
3000,tcp,,45903,0,1,1,1,1,1,1,1
3001,tcp,,9092,0,1,1,1,1,1,1,1
3002,tcp,,9092,0,1,1,1,1,1,1,1
3003,tcp,,50912,0,1,1,1,1,1,1,1
3004,tcp,,34984,0,1,1,1,1,1,1,1
3005,tcp,,50960,0,1,1,1,1,1,1,1
3006,tcp,,42773,0,1,1,1,1,1,1,1
3007,tcp,,27017,0,1,1,1,1,1,1,1
3008,udp,dns,53,0,1,1,1,1,1,1,0
3009,tcp,http,80,0,1,1,1,1,1,1,1
3010,,,80,,0,1,1,1,1,1,0
3011,udp,dns,5353,0,1,1,1,1,1,1,1
3012,udp,dns,5353,0,1,1,1,1,1,1,1
3013,tcp,,2181,0,1,1,1,1,1,1,1
3014,udp,dns,53,0,1,1,1,1,1,1,0
3015,udp,dns,53,0,1,1,1,1,1,1,0
3016,udp,dns,53,0,1,1,1,1,1,1,0
3017,tcp,ssl,443,2683,1,1,1,1,1,1,0
3018,,,443,,0,1,0,1,1,1,0
3019,tcp,,36276,0,1,1,1,1,1,1,1
3020,tcp,,9092,0,1,1,1,1,1,1,1
3021,tcp,,50912,0,1,1,1,1,1,1,1
3022,tcp,,34984,0,1,1,1,1,1,1,1
3023,tcp,,50960,0,1,1,1,1,1,1,1
3024,tcp,,9092,0,1,1,1,1,1,1,1
3025,tcp,,42773,0,1,1,1,1,1,1,1
3026,udp,dns,5353,0,1,1,1,1,1,1,1
3027,udp,dns,5353,0,1,1,1,1,1,1,1
3028,icmp,,134,0,1,1,1,1,1,1,1
3029,tcp,,58768,0,1,1,1,1,1,1,1
3030,tcp,,45903,0,1,1,1,1,1,1,1
3031,tcp,,50872,0,1,1,1,1,1,1,1
3032,tcp,,2181,0,1,1,1,1,1,1,1
3033,tcp,,50912,0,1,1,1,1,1,1,1
3034,tcp,,34984,0,1,1,1,1,1,1,1
3035,tcp,,50960,0,1,1,1,1,1,1,1
3036,tcp,,42773,0,1,1,1,1,1,1,1
3037,tcp,,9092,0,1,1,1,1,1,1,1
3038,tcp,,27017,0,1,1,1,1,1,1,1
3039,tcp,,9092,0,1,1,1,1,1,1,1
3040,udp,dns,53,0,1,1,1,1,1,1,0
3041,udp,dns,53,0,1,1,1,1,1,1,0
3042,udp,dns,53,0,1,1,1,1,1,1,0
3043,udp,dns,53,0,1,1,1,1,1,1,0
3044,udp,dns,53,0,1,1,1,1,1,1,0
3045,,,80,,0,1,1,1,1,1,0
3046,udp,dns,53,0,1,1,1,1,1,1,0
3047,,,80,,0,1,1,1,1,1,0
3048,,,80,,0,1,1,1,1,1,0
3049,tcp,,50872,0,1,1,1,1,1,1,1
3050,tcp,,36276,0,1,1,1,1,1,1,1
3051,tcp,,9092,0,1,1,1,1,1,1,1
3052,tcp,,9997,0,1,1,1,1,1,1,1
3053,tcp,,9997,0,1,1,1,1,1,1,1
3054,tcp,,2181,0,1,1,1,1,1,1,1
3055,tcp,,50912,0,1,1,1,1,1,1,1
3056,tcp,,34984,0,1,1,1,1,1,1,1
3057,tcp,,50960,0,1,1,1,1,1,1,1
3058,tcp,,42773,0,1,1,1,1,1,1,1
3059,udp,dns,53,0,1,1,1,1,1,1,0
3060,tcp,ssl,443,4533,1,1,1,1,1,1,0
3061,,,443,,0,1,0,1,1,1,0
3062,tcp,,58768,0,1,1,1,1,1,1,1
3063,tcp,,45903,0,1,1,1,1,1,1,1
3064,tcp,,9092,0,1,1,1,1,1,1,1
3065,udp,dns,53,0,1,1,1,1,1,1,0
3066,tcp,ssl,443,3925,1,1,1,1,1,1,0
3067,tcp,,9092,0,1,1,1,1,1,1,1
3068,,,443,,0,1,0,1,1,1,0
3069,icmp,,0,0,1,1,1,1,1,1,1
3070,tcp,,50872,0,1,1,1,1,1,1,1
3071,udp,dns,53,0,1,1,1,1,1,1,0
3072,udp,dns,53,0,1,1,1,1,1,1,0
3073,udp,dns,53,0,1,1,1,1,1,1,0
3074,udp,dns,53,0,1,1,1,1,1,1,0
3075,udp,dns,53,0,1,1,1,1,1,1,0
3076,,,80,,0,1,1,1,1,1,0
3077,udp,dns,53,0,1,1,1,1,1,1,0
3078,,,80,,0,1,1,1,1,1,0
3079,,,80,,0,1,1,1,1,1,0
3080,udp,,5353,0,1,1,1,1,1,1,1
3081,icmp,,136,0,1,1,1,1,1,1,1
3082,icmp,,136,0,1,1,1,1,1,1,1
3083,unknown_transport,,0,0,1,1,1,1,1,1,0
3084,tcp,,50912,0,1,1,1,1,1,1,1
3085,tcp,,34984,0,1,1,1,1,1,1,1
3086,tcp,,50960,0,1,1,1,1,1,1,1
3087,icmp,,0,0,1,1,1,1,1,1,1
3088,icmp,,134,0,1,1,1,1,1,1,1
3089,icmp,,0,0,1,1,1,1,1,1,1
3090,udp,,5353,0,1,1,1,1,1,1,1
3091,udp,,5353,0,1,1,1,1,1,1,1
3092,tcp,,2181,0,1,1,1,1,1,1,1
3093,udp,dns,53,0,1,1,1,1,1,1,0
3094,tcp,,42773,0,1,1,1,1,1,1,1
3095,tcp,,27017,0,1,1,1,1,1,1,1
3096,udp,dns,53,0,1,1,1,1,1,1,0
3097,udp,dns,53,0,1,1,1,1,1,1,0
3098,udp,dns,53,0,1,1,1,1,1,1,0
3099,udp,dns,53,0,1,1,1,1,1,1,0
3100,udp,dns,53,0,1,1,1,1,1,1,0
3101,,,80,,0,1,1,1,1,1,0
3102,udp,dns,53,0,1,1,1,1,1,1,0
3103,,,80,,0,1,1,1,1,1,0
3104,,,80,,0,1,1,1,1,1,0
3105,udp,dns,5353,0,1,1,1,1,1,1,1
3106,udp,dns,5353,0,1,1,1,1,1,1,1
3107,tcp,,9092,0,1,1,1,1,1,1,1
3108,tcp,,9092,0,1,1,1,1,1,1,1
3109,tcp,,50872,0,1,1,1,1,1,1,1
3110,tcp,,36276,0,1,1,1,1,1,1,1
3111,udp,dns,53,0,1,1,1,1,1,1,0
3112,tcp,,50912,0,1,1,1,1,1,1,1
3113,tcp,,34984,0,1,1,1,1,1,1,1
3114,tcp,,50960,0,1,1,1,1,1,1,1
3115,tcp,,58768,0,1,1,1,1,1,1,1
3116,tcp,,45903,0,1,1,1,1,1,1,1
3117,tcp,,42773,0,1,1,1,1,1,1,1
3118,tcp,,2181,0,1,1,1,1,1,1,1
3119,udp,dns,5353,0,1,1,1,1,1,1,1
3120,udp,dns,5353,0,1,1,1,1,1,1,1
3121,tcp,,50872,0,1,1,1,1,1,1,1
3122,tcp,,9092,0,1,1,1,1,1,1,1
3123,tcp,,9092,0,1,1,1,1,1,1,1
3124,tcp,,50912,0,1,1,1,1,1,1,1
3125,tcp,,34984,0,1,1,1,1,1,1,1
3126,tcp,,50960,0,1,1,1,1,1,1,1
3127,tcp,,42773,0,1,1,1,1,1,1,1
3128,tcp,,27017,0,1,1,1,1,1,1,1
3129,tcp,,2181,0,1,1,1,1,1,1,1
3130,udp,dns,53,0,1,1,1,1,1,1,0
3131,tcp,,42803,0,1,1,1,1,1,1,1
3132,tcp,,35394,0,1,1,1,1,1,1,1
3133,tcp,,50872,0,1,1,1,1,1,1,1
3134,tcp,,58768,0,1,1,1,1,1,1,1
3135,tcp,,45903,0,1,1,1,1,1,1,1
3136,tcp,,36276,0,1,1,1,1,1,1,1
3137,tcp,,9092,0,1,1,1,1,1,1,1
3138,tcp,,50912,0,1,1,1,1,1,1,1
3139,tcp,,34984,0,1,1,1,1,1,1,1
3140,tcp,,50960,0,1,1,1,1,1,1,1
3141,tcp,,9092,0,1,1,1,1,1,1,1
3142,tcp,,42773,0,1,1,1,1,1,1,1
3143,tcp,,50872,0,1,1,1,1,1,1,1
3144,tcp,,2181,0,1,1,1,1,1,1,1
3145,tcp,,50912,0,1,1,1,1,1,1,1
3146,tcp,,34984,0,1,1,1,1,1,1,1
3147,tcp,,50960,0,1,1,1,1,1,1,1
3148,tcp,,9092,0,1,1,1,1,1,1,1
3149,tcp,,42773,0,1,1,1,1,1,1,1
3150,tcp,,27017,0,1,1,1,1,1,1,1
3151,tcp,,9092,0,1,1,1,1,1,1,1
3152,tcp,,50872,0,1,1,1,1,1,1,1
3153,tcp,,58768,0,1,1,1,1,1,1,1
3154,tcp,,45903,0,1,1,1,1,1,1,1
3155,udp,,5678,0,1,1,1,1,1,1,1
3156,udp,,5678,0,1,1,1,1,1,1,1
3157,tcp,,9092,0,1,1,1,1,1,1,1
3158,tcp,,9997,0,1,1,1,1,1,1,1
3159,tcp,,9997,0,1,1,1,1,1,1,1
3160,tcp,,2181,0,1,1,1,1,1,1,1
3161,tcp,,36276,0,1,1,1,1,1,1,1
3162,udp,,1900,0,1,1,1,1,1,1,1
3163,tcp,,50912,0,1,1,1,1,1,1,1
3164,tcp,,34984,0,1,1,1,1,1,1,1
3165,tcp,,50960,0,1,1,1,1,1,1,1
3166,tcp,,42773,0,1,1,1,1,1,1,1
3167,tcp,,9092,0,1,1,1,1,1,1,1
3168,tcp,,9092,0,1,1,1,1,1,1,1
3169,tcp,,42803,0,1,1,1,1,1,1,1
3170,tcp,,50872,0,1,1,1,1,1,1,1
3171,udp,dns,53,0,1,1,1,1,1,1,0
3172,icmp,,134,0,1,1,1,1,1,1,1
3173,tcp,,50912,0,1,1,1,1,1,1,1
3174,tcp,,34984,0,1,1,1,1,1,1,1
3175,tcp,,50960,0,1,1,1,1,1,1,1
3176,udp,dns,5353,0,1,1,1,1,1,1,1
3177,udp,dns,5353,0,1,1,1,1,1,1,1
3178,icmp,,0,0,1,1,1,1,1,1,1
3179,unknown_transport,,0,0,1,1,1,1,1,1,0
3180,udp,dns,5355,0,1,1,1,1,1,1,1
3181,udp,dns,5355,0,1,1,1,1,1,1,1
3182,tcp,,2181,0,1,1,1,1,1,1,1
3183,tcp,,27017,0,1,1,1,1,1,1,1
3184,tcp,,42773,0,1,1,1,1,1,1,1
3185,tcp,,58768,0,1,1,1,1,1,1,1
3186,tcp,,45903,0,1,1,1,1,1,1,1
3187,tcp,,9092,0,1,1,1,1,1,1,1
3188,tcp,,9092,0,1,1,1,1,1,1,1
3189,tcp,,50872,0,1,1,1,1,1,1,1
3190,tcp,,36276,0,1,1,1,1,1,1,1
3191,udp,dns,5353,0,1,1,1,1,1,1,1
3192,udp,dns,5353,0,1,1,1,1,1,1,1
3193,tcp,,50912,0,1,1,1,1,1,1,1
3194,tcp,,34984,0,1,1,1,1,1,1,1
3195,tcp,,50960,0,1,1,1,1,1,1,1
3196,tcp,,42773,0,1,1,1,1,1,1,1
3197,tcp,,2181,0,1,1,1,1,1,1,1
3198,udp,dns,53,0,1,1,1,1,1,1,0
3199,udp,dns,53,0,1,1,1,1,1,1,0
3200,udp,dns,53,0,1,1,1,1,1,1,0
3201,udp,quic,443,0,1,1,1,1,1,1,1
3202,,,443,,1,1,1,1,1,1,1
3203,udp,dns,53,0,1,1,1,1,1,1,0
3204,tcp,ssl,443,0,1,1,1,1,1,1,1
3205,,,443,,0,1,1,1,1,1,0
3206,tcp,,50872,0,1,1,1,1,1,1,1
3207,udp,dns,53,0,1,1,1,1,1,1,0
3208,tcp,ssl,443,0,1,1,1,1,1,1,1
3209,,,443,,0,1,0,1,1,1,0
3210,tcp,,9092,0,1,1,1,1,1,1,1
3211,tcp,,9092,0,1,1,1,1,1,1,1
3212,tcp,,50912,0,1,1,1,1,1,1,1
3213,tcp,,34984,0,1,1,1,1,1,1,1
3214,tcp,,50960,0,1,1,1,1,1,1,1
3215,tcp,,27017,0,1,1,1,1,1,1,1
3216,tcp,,42773,0,1,1,1,1,1,1,1
3217,tcp,,58768,0,1,1,1,1,1,1,1
3218,tcp,,45903,0,1,1,1,1,1,1,1
3219,udp,dns,53,0,1,1,1,1,1,1,0
3220,udp,dns,53,0,1,1,1,1,1,1,0
3221,udp,dns,53,0,1,1,1,1,1,1,0
3222,udp,quic,443,0,1,1,1,1,1,1,1
3223,icmp,,0,0,1,1,1,1,1,1,1
3224,udp,dhcp,67,0,1,1,1,1,1,1,0
3225,icmp,,134,0,1,1,1,1,1,1,1
3226,tcp,ssl,443,0,1,1,1,1,1,1,1
3227,,,443,,0,1,1,1,1,1,0
3228,unknown_transport,,0,0,1,1,1,1,1,1,0
3229,unknown_transport,,0,0,1,1,1,1,1,1,0
3230,udp,dns,5353,0,1,1,1,1,1,1,1
3231,udp,dns,5353,0,1,1,1,1,1,1,1
3232,tcp,,2181,0,1,1,1,1,1,1,1
3233,tcp,,50872,0,1,1,1,1,1,1,1
3234,tcp,,36276,0,1,1,1,1,1,1,1
3235,tcp,,9092,0,1,1,1,1,1,1,1
3236,tcp,,50912,0,1,1,1,1,1,1,1
3237,tcp,,34984,0,1,1,1,1,1,1,1
3238,tcp,,50960,0,1,1,1,1,1,1,1
3239,tcp,,9092,0,1,1,1,1,1,1,1
3240,tcp,,42773,0,1,1,1,1,1,1,1
3241,tcp,,50872,0,1,1,1,1,1,1,1
3242,tcp,,2181,0,1,1,1,1,1,1,1
3243,tcp,,50912,0,1,1,1,1,1,1,1
3244,tcp,,34984,0,1,1,1,1,1,1,1
3245,tcp,,50960,0,1,1,1,1,1,1,1
3246,tcp,,58768,0,1,1,1,1,1,1,1
3247,tcp,,45903,0,1,1,1,1,1,1,1
3248,tcp,,9092,0,1,1,1,1,1,1,1
3249,tcp,,27017,0,1,1,1,1,1,1,1
3250,tcp,,42773,0,1,1,1,1,1,1,1
3251,tcp,,9092,0,1,1,1,1,1,1,1
3252,udp,dns,5353,0,1,1,1,1,1,1,1
3253,udp,dns,5353,0,1,1,1,1,1,1,1
3254,tcp,,50872,0,1,1,1,1,1,1,1
3255,tcp,,9092,0,1,1,1,1,1,1,1
3256,tcp,,9997,0,1,1,1,1,1,1,1
3257,tcp,,9997,0,1,1,1,1,1,1,1
3258,tcp,,2181,0,1,1,1,1,1,1,1
3259,tcp,,36276,0,1,1,1,1,1,1,1
3260,tcp,,50912,0,1,1,1,1,1,1,1
3261,tcp,,34984,0,1,1,1,1,1,1,1
3262,tcp,,50960,0,1,1,1,1,1,1,1
3263,tcp,,42773,0,1,1,1,1,1,1,1
3264,tcp,,9092,0,1,1,1,1,1,1,1
3265,tcp,,9092,0,1,1,1,1,1,1,1
3266,tcp,,50872,0,1,1,1,1,1,1,1
3267,tcp,,58768,0,1,1,1,1,1,1,1
3268,tcp,,45903,0,1,1,1,1,1,1,1
3269,tcp,,50912,0,1,1,1,1,1,1,1
3270,tcp,,34984,0,1,1,1,1,1,1,1
3271,tcp,,50960,0,1,1,1,1,1,1,1
3272,tcp,,2181,0,1,1,1,1,1,1,1
3273,udp,dns,53,0,1,1,1,1,1,1,0
3274,tcp,,27017,0,1,1,1,1,1,1,1
3275,tcp,,42773,0,1,1,1,1,1,1,1
3276,tcp,,9092,0,1,1,1,1,1,1,1
3277,tcp,,9092,0,1,1,1,1,1,1,1
3278,tcp,,50872,0,1,1,1,1,1,1,1
3279,tcp,,36276,0,1,1,1,1,1,1,1
3280,tcp,,50912,0,1,1,1,1,1,1,1
3281,tcp,,34984,0,1,1,1,1,1,1,1
3282,tcp,,50960,0,1,1,1,1,1,1,1
3283,tcp,,42773,0,1,1,1,1,1,1,1
3284,tcp,,2181,0,1,1,1,1,1,1,1
3285,udp,dns,53,0,1,1,1,1,1,1,0
3286,udp,dns,53,0,1,1,1,1,1,1,0
3287,udp,dns,53,0,1,1,1,1,1,1,0
3288,udp,dns,53,0,1,1,1,1,1,1,0
3289,udp,dns,53,0,1,1,1,1,1,1,0
3290,tcp,ssl,443,5955840,1,1,1,1,1,1,0
3291,tcp,ssl,443,2880,1,1,1,1,1,1,0
3292,tcp,ssl,443,2880,1,1,1,1,1,1,0
3293,tcp,ssl,443,2831,1,1,1,1,1,1,0
3294,tcp,ssl,443,2831,1,1,1,1,1,1,0
3295,,,443,,1,1,1,1,1,1,1
3296,,,443,,1,1,1,1,1,1,1
3297,,,443,,1,1,1,1,1,1,1
3298,,,443,,1,1,1,1,1,1,1
3299,,,443,,1,1,1,1,1,1,1
3300,udp,dns,53,0,1,1,1,1,1,1,0
3301,udp,dns,53,0,1,1,1,1,1,1,0
3302,tcp,,50872,0,1,1,1,1,1,1,1
3303,tcp,http,80,0,1,1,1,1,1,1,1
3304,tcp,http,80,0,1,1,1,1,1,1,1
3305,,,80,,0,1,1,1,1,1,0
3306,,,80,,0,1,1,1,1,1,0
3307,tcp,,58768,0,1,1,1,1,1,1,1
3308,tcp,,45903,0,1,1,1,1,1,1,1
3309,udp,dns,53,0,1,1,1,1,1,1,0
3310,udp,dns,53,0,1,1,1,1,1,1,0
3311,tcp,ssl,443,518001,1,1,1,1,1,1,0
3312,tcp,ssl,443,0,1,1,1,1,1,1,1
3313,,,443,,0,1,0,1,1,1,0
3314,,,443,,1,1,1,1,1,1,1
3315,tcp,,9092,0,1,1,1,1,1,1,1
3316,tcp,,9092,0,1,1,1,1,1,1,1
3317,tcp,,50912,0,1,1,1,1,1,1,1
3318,tcp,,34984,0,1,1,1,1,1,1,1
3319,tcp,,50960,0,1,1,1,1,1,1,1
3320,tcp,,27017,0,1,1,1,1,1,1,1
3321,tcp,,42773,0,1,1,1,1,1,1,1
3322,tcp,,2181,0,1,1,1,1,1,1,1
3323,tcp,,50872,0,1,1,1,1,1,1,1
3324,udp,dns,5353,0,1,1,1,1,1,1,1
3325,udp,dns,5353,0,1,1,1,1,1,1,1
3326,tcp,,36276,0,1,1,1,1,1,1,1
3327,tcp,,9092,0,1,1,1,1,1,1,1
3328,udp,quic,443,0,1,1,1,1,1,1,1
3329,,,443,,1,1,1,1,1,1,1
3330,tcp,,50912,0,1,1,1,1,1,1,1
3331,tcp,,34984,0,1,1,1,1,1,1,1
3332,tcp,,50960,0,1,1,1,1,1,1,1
3333,tcp,,9092,0,1,1,1,1,1,1,1
3334,tcp,,42773,0,1,1,1,1,1,1,1
3335,icmp,,0,0,1,1,1,1,1,1,1
3336,icmp,,0,0,1,1,1,1,1,1,1
3337,icmp,,134,0,1,1,1,1,1,1,1
3338,unknown_transport,,0,0,1,1,1,1,1,1,0
3339,unknown_transport,,0,0,1,1,1,1,1,1,0
3340,udp,dns,5353,0,1,1,1,1,1,1,1
3341,udp,dns,5353,0,1,1,1,1,1,1,1
3342,tcp,,58768,0,1,1,1,1,1,1,1
3343,tcp,,45903,0,1,1,1,1,1,1,1
3344,udp,dns,53,0,1,1,1,1,1,1,0
3345,udp,dns,53,0,1,1,1,1,1,1,0
3346,tcp,,50872,0,1,1,1,1,1,1,1
3347,udp,dns,53,0,1,1,1,1,1,1,0
3348,tcp,,2181,0,1,1,1,1,1,1,1
3349,udp,quic,443,0,1,1,1,1,1,1,1
3350,udp,dns,53,0,1,1,1,1,1,1,0
3351,udp,dns,53,0,1,1,1,1,1,1,0
3352,udp,dns,53,0,1,1,1,1,1,1,0
3353,udp,dns,53,0,1,1,1,1,1,1,0
3354,udp,dns,53,0,1,1,1,1,1,1,0
3355,udp,dns,53,0,1,1,1,1,1,1,0
3356,udp,dns,53,0,1,1,1,1,1,1,0
3357,udp,dns,53,0,1,1,1,1,1,1,0
3358,udp,quic,443,0,1,1,1,1,1,1,1
3359,,,443,,1,1,1,1,1,1,1
3360,tcp,ssl,443,1541,1,1,1,1,1,1,0
3361,,,443,,1,1,1,1,1,1,1
3362,tcp,,50912,0,1,1,1,1,1,1,1
3363,tcp,,34984,0,1,1,1,1,1,1,1
3364,tcp,,50960,0,1,1,1,1,1,1,1
3365,tcp,,9092,0,1,1,1,1,1,1,1
3366,tcp,,27017,0,1,1,1,1,1,1,1
3367,tcp,,42773,0,1,1,1,1,1,1,1
3368,tcp,,9092,0,1,1,1,1,1,1,1
3369,tcp,,50872,0,1,1,1,1,1,1,1
3370,udp,,5678,0,1,1,1,1,1,1,1
3371,udp,,5678,0,1,1,1,1,1,1,1
3372,tcp,,9092,0,1,1,1,1,1,1,1
3373,tcp,,9997,0,1,1,1,1,1,1,1
3374,tcp,,9997,0,1,1,1,1,1,1,1
3375,tcp,,2181,0,1,1,1,1,1,1,1
3376,tcp,,36276,0,1,1,1,1,1,1,1
3377,udp,,1900,0,1,1,1,1,1,1,1
3378,udp,dns,53,0,1,1,1,1,1,1,0
3379,udp,dns,53,0,1,1,1,1,1,1,0
3380,tcp,,50912,0,1,1,1,1,1,1,1
3381,tcp,,34984,0,1,1,1,1,1,1,1
3382,tcp,,50960,0,1,1,1,1,1,1,1
3383,udp,dns,53,0,1,1,1,1,1,1,0
3384,tcp,ssl,443,1541,1,1,1,1,1,1,0
3385,,,443,,1,1,1,1,1,1,1
3386,tcp,,42773,0,1,1,1,1,1,1,1
3387,tcp,,58768,0,1,1,1,1,1,1,1
3388,tcp,,45903,0,1,1,1,1,1,1,1
3389,tcp,,9092,0,1,1,1,1,1,1,1
3390,tcp,,9092,0,1,1,1,1,1,1,1
3391,tcp,,3306,0,1,1,1,1,1,1,1
3392,tcp,,50872,0,1,1,1,1,1,1,1
3393,udp,dns,53,0,1,1,1,1,1,1,0
3394,udp,dns,53,0,1,1,1,1,1,1,0
3395,tcp,,50912,0,1,1,1,1,1,1,1
3396,tcp,,34984,0,1,1,1,1,1,1,1
3397,tcp,,50960,0,1,1,1,1,1,1,1
3398,udp,dns,53,0,1,1,1,1,1,1,0
3399,udp,quic,443,0,1,1,1,1,1,1,1
3400,tcp,,2181,0,1,1,1,1,1,1,1
3401,tcp,,27017,0,1,1,1,1,1,1,1
3402,tcp,,42773,0,1,1,1,1,1,1,1
3403,tcp,,9092,0,1,1,1,1,1,1,1
3404,tcp,,9092,0,1,1,1,1,1,1,1
3405,tcp,,50872,0,1,1,1,1,1,1,1
3406,tcp,,36276,0,1,1,1,1,1,1,1
3407,tcp,,50912,0,1,1,1,1,1,1,1
3408,tcp,,34984,0,1,1,1,1,1,1,1
3409,tcp,,50960,0,1,1,1,1,1,1,1
3410,tcp,,58768,0,1,1,1,1,1,1,1
3411,tcp,,45903,0,1,1,1,1,1,1,1
3412,tcp,,42773,0,1,1,1,1,1,1,1
3413,udp,dns,5353,0,1,1,1,1,1,1,1
3414,udp,dns,5353,0,1,1,1,1,1,1,1
3415,tcp,,2181,0,1,1,1,1,1,1,1
3416,tcp,,9092,0,1,1,1,1,1,1,1
3417,tcp,,9092,0,1,1,1,1,1,1,1
3418,tcp,,9092,0,1,1,1,1,1,1,1
3419,tcp,,50872,0,1,1,1,1,1,1,1
3420,tcp,,9092,0,1,1,1,1,1,1,1
3421,tcp,,9092,0,1,1,1,1,1,1,1
3422,tcp,,50912,0,1,1,1,1,1,1,1
3423,tcp,,34984,0,1,1,1,1,1,1,1
3424,tcp,,50960,0,1,1,1,1,1,1,1
3425,udp,dns,53,0,1,1,1,1,1,1,0
3426,udp,dns,53,0,1,1,1,1,1,1,0
3427,udp,dns,53,0,1,1,1,1,1,1,0
3428,tcp,,27017,0,1,1,1,1,1,1,1
3429,tcp,ssl,443,0,1,1,1,1,1,1,1
3430,,,443,,0,1,1,1,1,1,0
3431,tcp,,42773,0,1,1,1,1,1,1,1
3432,tcp,,2181,0,1,1,1,1,1,1,1
3433,tcp,,50872,0,1,1,1,1,1,1,1
3434,tcp,ssl,443,0,1,1,1,1,1,1,1
3435,,,443,,0,1,1,1,1,1,0
3436,tcp,,58768,0,1,1,1,1,1,1,1
3437,tcp,,45903,0,1,1,1,1,1,1,1
3438,tcp,,36276,0,1,1,1,1,1,1,1
3439,tcp,,9092,0,1,1,1,1,1,1,1
3440,tcp,,9092,0,1,1,1,1,1,1,1
3441,tcp,,50912,0,1,1,1,1,1,1,1
3442,tcp,,34984,0,1,1,1,1,1,1,1
3443,tcp,,50960,0,1,1,1,1,1,1,1
3444,tcp,,42773,0,1,1,1,1,1,1,1
3445,tcp,,9092,0,1,1,1,1,1,1,1
3446,tcp,,2181,0,1,1,1,1,1,1,1
3447,tcp,,50872,0,1,1,1,1,1,1,1
3448,tcp,,9092,0,1,1,1,1,1,1,1
3449,tcp,,50912,0,1,1,1,1,1,1,1
3450,tcp,,34984,0,1,1,1,1,1,1,1
3451,tcp,,50960,0,1,1,1,1,1,1,1
3452,udp,dns,53,0,1,1,1,1,1,1,0
3453,udp,dns,53,0,1,1,1,1,1,1,0
3454,udp,dns,53,0,1,1,1,1,1,1,0
3455,tcp,ssl,443,2848,1,1,1,1,1,1,0
3456,,,443,,1,1,1,1,1,1,1
3457,tcp,,8088,0,1,1,1,1,1,1,1
3458,tcp,,57566,0,1,1,1,1,1,1,1
3459,tcp,,8080,0,1,1,1,1,1,1,1
3460,tcp,,8080,0,1,1,1,1,1,1,1
3461,tcp,,8080,0,1,1,1,1,1,1,1
3462,tcp,,8080,0,1,1,1,1,1,1,1
3463,tcp,,9092,0,1,1,1,1,1,1,1
3464,tcp,,27017,0,1,1,1,1,1,1,1
3465,tcp,,9092,0,1,1,1,1,1,1,1
3466,tcp,,42773,0,1,1,1,1,1,1,1
3467,tcp,,8088,0,1,1,1,1,1,1,1
3468,tcp,,57574,0,1,1,1,1,1,1,1
3469,tcp,,8088,0,1,1,1,1,1,1,1
3470,tcp,,57582,0,1,1,1,1,1,1,1
3471,tcp,,8080,0,1,1,1,1,1,1,1
3472,tcp,,8080,0,1,1,1,1,1,1,1
3473,tcp,,8080,0,1,1,1,1,1,1,1
3474,tcp,,8080,0,1,1,1,1,1,1,1
3475,tcp,,8080,0,1,1,1,1,1,1,1
3476,tcp,,8080,0,1,1,1,1,1,1,1
3477,tcp,,8080,0,1,1,1,1,1,1,1
3478,tcp,,8080,0,1,1,1,1,1,1,1
3479,tcp,,8088,0,1,1,1,1,1,1,1
3480,tcp,,57596,0,1,1,1,1,1,1,1
3481,tcp,,8088,0,1,1,1,1,1,1,1
3482,tcp,,57606,0,1,1,1,1,1,1,1
3483,tcp,,8080,0,1,1,1,1,1,1,1
3484,tcp,,8080,0,1,1,1,1,1,1,1
3485,tcp,,8080,0,1,1,1,1,1,1,1
3486,tcp,,8080,0,1,1,1,1,1,1,1
3487,tcp,,8088,0,1,1,1,1,1,1,1
3488,tcp,,57620,0,1,1,1,1,1,1,1
3489,tcp,,8080,0,1,1,1,1,1,1,1
3490,tcp,,8080,0,1,1,1,1,1,1,1
3491,tcp,,8080,0,1,1,1,1,1,1,1
3492,tcp,,8080,0,1,1,1,1,1,1,1
3493,tcp,,8080,0,1,1,1,1,1,1,1
3494,tcp,,8080,0,1,1,1,1,1,1,1
3495,tcp,,8080,0,1,1,1,1,1,1,1
3496,tcp,,8080,0,1,1,1,1,1,1,1
3497,tcp,,9092,0,1,1,1,1,1,1,1
3498,tcp,,58768,0,1,1,1,1,1,1,1
3499,tcp,,45903,0,1,1,1,1,1,1,1
3500,tcp,,50872,0,1,1,1,1,1,1,1
3501,tcp,,9997,0,1,1,1,1,1,1,1
3502,tcp,,9997,0,1,1,1,1,1,1,1
3503,tcp,,2181,0,1,1,1,1,1,1,1
3504,tcp,,36276,0,1,1,1,1,1,1,1
3505,udp,dns,53,0,1,1,1,1,1,1,0
3506,udp,dns,53,0,1,1,1,1,1,1,0
3507,udp,dns,53,0,1,1,1,1,1,1,0
3508,udp,dns,53,0,1,1,1,1,1,1,0
3509,tcp,,50912,0,1,1,1,1,1,1,1
3510,tcp,,34984,0,1,1,1,1,1,1,1
3511,tcp,,50960,0,1,1,1,1,1,1,1
3512,tcp,,42773,0,1,1,1,1,1,1,1
3513,tcp,,9092,0,1,1,1,1,1,1,1
3514,tcp,,9092,0,1,1,1,1,1,1,1
3515,udp,dns,5353,0,1,1,1,1,1,1,1
3516,udp,dns,5353,0,1,1,1,1,1,1,1
3517,tcp,,50872,0,1,1,1,1,1,1,1
3518,udp,,138,0,1,1,1,1,1,1,1
3519,tcp,,50912,0,1,1,1,1,1,1,1
3520,tcp,,50960,0,1,1,1,1,1,1,1
3521,tcp,,34984,0,1,1,1,1,1,1,1
3522,tcp,,2181,0,1,1,1,1,1,1,1
3523,tcp,,27017,0,1,1,1,1,1,1,1
3524,tcp,,42773,0,1,1,1,1,1,1,1
3525,tcp,,58768,0,1,1,1,1,1,1,1
3526,tcp,,45903,0,1,1,1,1,1,1,1
3527,tcp,,9092,0,1,1,1,1,1,1,1
3528,tcp,,9092,0,1,1,1,1,1,1,1
3529,tcp,,8088,0,1,1,1,1,1,1,1
3530,tcp,,8088,0,1,1,1,1,1,1,1
3531,tcp,,9092,0,1,1,1,1,1,1,1
3532,tcp,,50872,0,1,1,1,1,1,1,1
3533,icmp,,134,0,1,1,1,1,1,1,1
3534,udp,dns,53,0,1,1,1,1,1,1,0
3535,tcp,,36276,0,1,1,1,1,1,1,1
3536,tcp,,50912,0,1,1,1,1,1,1,1
3537,tcp,,50960,0,1,1,1,1,1,1,1
3538,tcp,,34984,0,1,1,1,1,1,1,1
3539,tcp,,42773,0,1,1,1,1,1,1,1
3540,tcp,,8080,0,1,1,1,1,1,1,1
3541,tcp,,8080,0,1,1,1,1,1,1,1
3542,tcp,,57606,0,1,1,1,1,1,1,1
3543,tcp,,57596,0,1,1,1,1,1,1,1
3544,tcp,,50872,0,1,1,1,1,1,1,1
3545,tcp,,9092,0,1,1,1,1,1,1,1
3546,tcp,,9092,0,1,1,1,1,1,1,1
3547,tcp,,2181,0,1,1,1,1,1,1,1
3548,tcp,,50912,0,1,1,1,1,1,1,1
3549,tcp,,50960,0,1,1,1,1,1,1,1
3550,tcp,,34984,0,1,1,1,1,1,1,1
3551,tcp,,27017,0,1,1,1,1,1,1,1
3552,tcp,,42773,0,1,1,1,1,1,1,1
3553,tcp,,58768,0,1,1,1,1,1,1,1
3554,tcp,,45903,0,1,1,1,1,1,1,1
3555,tcp,,8088,0,1,1,1,1,1,1,1
3556,tcp,,8088,0,1,1,1,1,1,1,1
3557,tcp,,9092,0,1,1,1,1,1,1,1
3558,tcp,,50872,0,1,1,1,1,1,1,1
3559,tcp,,36276,0,1,1,1,1,1,1,1
3560,tcp,,9092,0,1,1,1,1,1,1,1
3561,tcp,,9092,0,1,1,1,1,1,1,1
3562,tcp,,50912,0,1,1,1,1,1,1,1
3563,tcp,,50960,0,1,1,1,1,1,1,1
3564,tcp,,34984,0,1,1,1,1,1,1,1
3565,tcp,,8083,0,1,1,1,1,1,1,1
3566,tcp,,8083,0,1,1,1,1,1,1,1
3567,tcp,,33526,0,1,1,1,1,1,1,1
3568,tcp,,33526,0,1,1,1,1,1,1,1
3569,tcp,,8083,0,1,1,1,1,1,1,1
3570,tcp,,8083,0,1,1,1,1,1,1,1
3571,tcp,,33528,0,1,1,1,1,1,1,1
3572,tcp,,33528,0,1,1,1,1,1,1,1
3573,tcp,,8083,0,1,1,1,1,1,1,1
3574,tcp,,8083,0,1,1,1,1,1,1,1
3575,tcp,,33540,0,1,1,1,1,1,1,1
3576,tcp,,33540,0,1,1,1,1,1,1,1
3577,tcp,,8083,0,1,1,1,1,1,1,1
3578,tcp,,8083,0,1,1,1,1,1,1,1
3579,tcp,,33556,0,1,1,1,1,1,1,1
3580,tcp,,33556,0,1,1,1,1,1,1,1
3581,tcp,,8083,0,1,1,1,1,1,1,1
3582,tcp,,8083,0,1,1,1,1,1,1,1
3583,tcp,,33572,0,1,1,1,1,1,1,1
3584,tcp,,33572,0,1,1,1,1,1,1,1
3585,tcp,,8083,0,1,1,1,1,1,1,1
3586,tcp,,8083,0,1,1,1,1,1,1,1
3587,tcp,,33586,0,1,1,1,1,1,1,1
3588,tcp,,33586,0,1,1,1,1,1,1,1
3589,tcp,,8083,0,1,1,1,1,1,1,1
3590,tcp,,8083,0,1,1,1,1,1,1,1
3591,tcp,,33596,0,1,1,1,1,1,1,1
3592,tcp,,33596,0,1,1,1,1,1,1,1
3593,tcp,,8083,0,1,1,1,1,1,1,1
3594,tcp,,8083,0,1,1,1,1,1,1,1
3595,tcp,,33600,0,1,1,1,1,1,1,1
3596,tcp,,33600,0,1,1,1,1,1,1,1
3597,tcp,,8083,0,1,1,1,1,1,1,1
3598,tcp,,8083,0,1,1,1,1,1,1,1
3599,tcp,,33606,0,1,1,1,1,1,1,1
3600,tcp,,33606,0,1,1,1,1,1,1,1
3601,tcp,,42773,0,1,1,1,1,1,1,1
3602,tcp,,50872,0,1,1,1,1,1,1,1
3603,tcp,,2181,0,1,1,1,1,1,1,1
3604,udp,dns,5353,0,1,1,1,1,1,1,1
3605,udp,dns,5353,0,1,1,1,1,1,1,1
3606,tcp,,50912,0,1,1,1,1,1,1,1
3607,tcp,,50960,0,1,1,1,1,1,1,1
3608,tcp,,34984,0,1,1,1,1,1,1,1
3609,tcp,,58768,0,1,1,1,1,1,1,1
3610,tcp,,45903,0,1,1,1,1,1,1,1
3611,tcp,,9092,0,1,1,1,1,1,1,1
3612,tcp,,27017,0,1,1,1,1,1,1,1
3613,tcp,,9092,0,1,1,1,1,1,1,1
3614,tcp,,42773,0,1,1,1,1,1,1,1
3615,tcp,,8080,0,1,1,1,1,1,1,1
3616,tcp,,8080,0,1,1,1,1,1,1,1
3617,tcp,,57596,0,1,1,1,1,1,1,1
3618,tcp,,8088,0,1,1,1,1,1,1,1
3619,tcp,,50872,0,1,1,1,1,1,1,1
3620,tcp,,9092,0,1,1,1,1,1,1,1
3621,tcp,,9997,0,1,1,1,1,1,1,1
3622,tcp,,9997,0,1,1,1,1,1,1,1
3623,udp,,1900,0,1,1,1,1,1,1,1
3624,tcp,,36276,0,1,1,1,1,1,1,1
3625,tcp,,50912,0,1,1,1,1,1,1,1
3626,tcp,,34984,0,1,1,1,1,1,1,1
3627,tcp,,50960,0,1,1,1,1,1,1,1
3628,tcp,,42773,0,1,1,1,1,1,1,1
3629,tcp,,8083,0,1,1,1,1,1,1,1
3630,tcp,,9092,0,1,1,1,1,1,1,1
3631,tcp,,9092,0,1,1,1,1,1,1,1
3632,tcp,,9092,0,1,1,1,1,1,1,1
3633,tcp,,9092,0,1,1,1,1,1,1,1
3634,tcp,,8083,0,1,1,1,1,1,1,1
3635,tcp,,8083,0,1,1,1,1,1,1,1
3636,tcp,,8083,0,1,1,1,1,1,1,1
3637,tcp,,8083,0,1,1,1,1,1,1,1
3638,tcp,,8083,0,1,1,1,1,1,1,1
3639,tcp,,8083,0,1,1,1,1,1,1,1
3640,tcp,,8083,0,1,1,1,1,1,1,1
3641,tcp,,9092,0,1,1,1,1,1,1,1
3642,tcp,,50872,0,1,1,1,1,1,1,1
3643,tcp,,58768,0,1,1,1,1,1,1,1
3644,tcp,,45903,0,1,1,1,1,1,1,1
3645,tcp,,34984,0,1,1,1,1,1,1,1
3646,tcp,,2181,0,1,1,1,1,1,1,1
3647,tcp,,50960,0,1,1,1,1,1,1,1
3648,tcp,,50912,0,1,1,1,1,1,1,1
3649,tcp,,27017,0,1,1,1,1,1,1,1
3650,tcp,,42773,0,1,1,1,1,1,1,1
3651,tcp,,9092,0,1,1,1,1,1,1,1
3652,tcp,,9092,0,1,1,1,1,1,1,1
3653,tcp,,50872,0,1,1,1,1,1,1,1
3654,tcp,,8088,0,1,1,1,1,1,1,1
3655,tcp,,8088,0,1,1,1,1,1,1,1
3656,unknown_transport,,0,0,1,1,1,1,1,1,0
3657,udp,dns,5353,0,1,1,1,1,1,1,1
3658,udp,dns,5353,0,1,1,1,1,1,1,1
3659,tcp,,36276,0,1,1,1,1,1,1,1
3660,tcp,,34984,0,1,1,1,1,1,1,1
3661,udp,dns,5353,0,1,1,1,1,1,1,1
3662,udp,dns,5353,0,1,1,1,1,1,1,1
3663,tcp,,50960,0,1,1,1,1,1,1,1
3664,tcp,,50912,0,1,1,1,1,1,1,1
3665,tcp,,42773,0,1,1,1,1,1,1,1
3666,tcp,,2181,0,1,1,1,1,1,1,1
3667,udp,dns,5353,0,1,1,1,1,1,1,1
3668,udp,dns,5353,0,1,1,1,1,1,1,1
3669,tcp,,58768,0,1,1,1,1,1,1,1
3670,tcp,,45903,0,1,1,1,1,1,1,1
3671,tcp,,9092,0,1,1,1,1,1,1,1
3672,tcp,,50872,0,1,1,1,1,1,1,1
3673,tcp,,8080,0,1,1,1,1,1,1,1
3674,tcp,,8080,0,1,1,1,1,1,1,1
3675,tcp,,57596,0,1,1,1,1,1,1,1
3676,tcp,,57606,0,1,1,1,1,1,1,1
3677,tcp,,9092,0,1,1,1,1,1,1,1
3678,tcp,,34984,0,1,1,1,1,1,1,1
3679,tcp,,50960,0,1,1,1,1,1,1,1
3680,tcp,,50912,0,1,1,1,1,1,1,1
3681,tcp,,27017,0,1,1,1,1,1,1,1
3682,tcp,,42773,0,1,1,1,1,1,1,1
3683,udp,dns,5353,0,1,1,1,1,1,1,1
3684,udp,dns,5353,0,1,1,1,1,1,1,1
3685,tcp,,2181,0,1,1,1,1,1,1,1
3686,tcp,,8083,0,1,1,1,1,1,1,1
3687,tcp,,8083,0,1,1,1,1,1,1,1
3688,tcp,,8083,0,1,1,1,1,1,1,1
3689,tcp,,8083,0,1,1,1,1,1,1,1
3690,tcp,,8083,0,1,1,1,1,1,1,1
3691,tcp,,8083,0,1,1,1,1,1,1,1
3692,tcp,,8083,0,1,1,1,1,1,1,1
3693,tcp,,50872,0,1,1,1,1,1,1,1
3694,udp,quic,443,0,1,1,1,1,1,1,1
3695,tcp,,8088,0,1,1,1,1,1,1,1
3696,tcp,,8088,0,1,1,1,1,1,1,1
3697,tcp,,9092,0,1,1,1,1,1,1,1
3698,tcp,,36276,0,1,1,1,1,1,1,1
3699,tcp,,9092,0,1,1,1,1,1,1,1
3700,udp,dns,53,0,1,1,1,1,1,1,0
3701,udp,dns,53,0,1,1,1,1,1,1,0
3702,udp,dns,53,0,1,1,1,1,1,1,0
3703,udp,dns,53,0,1,1,1,1,1,1,0
3704,udp,dns,53,0,1,1,1,1,1,1,0
3705,udp,quic,443,0,1,1,1,1,1,1,1
3706,udp,dns,53,0,1,1,1,1,1,1,0
3707,udp,quic,443,0,1,1,1,1,1,1,1
3708,udp,quic,443,0,1,1,1,1,1,1,1
3709,,,443,,1,1,1,1,1,1,1
3710,tcp,,34984,0,1,1,1,1,1,1,1
3711,tcp,,50960,0,1,1,1,1,1,1,1
3712,tcp,,50912,0,1,1,1,1,1,1,1
3713,icmp,,3,0,1,1,1,1,1,1,1
3714,tcp,,42773,0,1,1,1,1,1,1,1
3715,udp,dns,53,0,1,1,1,1,1,1,0
3716,udp,dns,53,0,1,1,1,1,1,1,0
3717,udp,dns,53,0,1,1,1,1,1,1,0
3718,udp,quic,443,0,1,1,1,1,1,1,1
3719,,,443,,1,1,1,1,1,1,1
3720,tcp,,58768,0,1,1,1,1,1,1,1
3721,tcp,,45903,0,1,1,1,1,1,1,1
3722,tcp,,2181,0,1,1,1,1,1,1,1
3723,tcp,,50872,0,1,1,1,1,1,1,1
3724,tcp,,34984,0,1,1,1,1,1,1,1
3725,tcp,,9092,0,1,1,1,1,1,1,1
3726,tcp,,50960,0,1,1,1,1,1,1,1
3727,tcp,,50912,0,1,1,1,1,1,1,1
3728,tcp,,27017,0,1,1,1,1,1,1,1
3729,tcp,,9092,0,1,1,1,1,1,1,1
3730,tcp,,42773,0,1,1,1,1,1,1,1
3731,tcp,,50872,0,1,1,1,1,1,1,1
3732,tcp,,8080,0,1,1,1,1,1,1,1
3733,tcp,,8080,0,1,1,1,1,1,1,1
3734,tcp,,57606,0,1,1,1,1,1,1,1
3735,tcp,,57596,0,1,1,1,1,1,1,1
3736,tcp,,9092,0,1,1,1,1,1,1,1
3737,tcp,,9997,0,1,1,1,1,1,1,1
3738,tcp,,9997,0,1,1,1,1,1,1,1
3739,tcp,,2181,0,1,1,1,1,1,1,1
3740,tcp,,36276,0,1,1,1,1,1,1,1
3741,tcp,,34984,0,1,1,1,1,1,1,1
3742,tcp,,50960,0,1,1,1,1,1,1,1
3743,tcp,,50912,0,1,1,1,1,1,1,1
3744,tcp,,42773,0,1,1,1,1,1,1,1
3745,tcp,,58768,0,1,1,1,1,1,1,1
3746,tcp,,45903,0,1,1,1,1,1,1,1
3747,tcp,,9092,0,1,1,1,1,1,1,1
3748,tcp,,33606,0,1,1,1,1,1,1,1
3749,tcp,,33540,0,1,1,1,1,1,1,1
3750,tcp,,9092,0,1,1,1,1,1,1,1
3751,tcp,,50872,0,1,1,1,1,1,1,1
3752,tcp,,34984,0,1,1,1,1,1,1,1
3753,tcp,,2181,0,1,1,1,1,1,1,1
3754,tcp,,50960,0,1,1,1,1,1,1,1
3755,tcp,,50912,0,1,1,1,1,1,1,1
3756,tcp,,27017,0,1,1,1,1,1,1,1
3757,tcp,,42773,0,1,1,1,1,1,1,1
3758,tcp,,9092,0,1,1,1,1,1,1,1
3759,tcp,,9092,0,1,1,1,1,1,1,1
3760,udp,dns,53,0,1,1,1,1,1,1,0
3761,udp,dns,53,0,1,1,1,1,1,1,0
3762,tcp,,50872,0,1,1,1,1,1,1,1
3763,udp,dns,53,0,1,1,1,1,1,1,0
3764,udp,quic,443,0,1,1,1,1,1,1,1
3765,udp,dns,5353,0,1,1,1,1,1,1,1
3766,udp,dns,5353,0,1,1,1,1,1,1,1
3767,tcp,,8088,0,1,1,1,1,1,1,1
3768,tcp,,8088,0,1,1,1,1,1,1,1
3769,tcp,,36276,0,1,1,1,1,1,1,1
3770,tcp,,34984,0,1,1,1,1,1,1,1
3771,tcp,,58768,0,1,1,1,1,1,1,1
3772,tcp,,45903,0,1,1,1,1,1,1,1
3773,tcp,,50960,0,1,1,1,1,1,1,1
3774,tcp,,50912,0,1,1,1,1,1,1,1
3775,tcp,,42773,0,1,1,1,1,1,1,1
3776,tcp,,2181,0,1,1,1,1,1,1,1
3777,tcp,,9092,0,1,1,1,1,1,1,1
3778,tcp,,50872,0,1,1,1,1,1,1,1
3779,tcp,,9092,0,1,1,1,1,1,1,1
3780,tcp,,8080,0,1,1,1,1,1,1,1
3781,tcp,,57606,0,1,1,1,1,1,1,1
3782,tcp,,8080,0,1,1,1,1,1,1,1
3783,tcp,,57596,0,1,1,1,1,1,1,1
3784,icmp,,0,0,1,1,1,1,1,1,1
3785,unknown_transport,,0,0,1,1,1,1,1,1,0
3786,udp,dns,5353,0,1,1,1,1,1,1,1
3787,udp,dns,5353,0,1,1,1,1,1,1,1
3788,tcp,,8083,0,1,1,1,1,1,1,1
3789,tcp,,59894,0,1,1,1,1,1,1,1
3790,tcp,,8083,0,1,1,1,1,1,1,1
3791,tcp,,8083,0,1,1,1,1,1,1,1
3792,tcp,,58440,0,1,1,1,1,1,1,1
3793,tcp,,58440,0,1,1,1,1,1,1,1
3794,tcp,,9092,0,1,1,1,1,1,1,1
3795,tcp,,9092,0,1,1,1,1,1,1,1
3796,tcp,,9092,0,1,1,1,1,1,1,1
3797,tcp,,9092,0,1,1,1,1,1,1,1
3798,tcp,,60388,0,1,1,1,1,1,1,1
3799,tcp,,60388,0,1,1,1,1,1,1,1
3800,tcp,,34984,0,1,1,1,1,1,1,1
3801,tcp,,50960,0,1,1,1,1,1,1,1
3802,tcp,,50912,0,1,1,1,1,1,1,1
3803,tcp,,9092,0,1,1,1,1,1,1,1
3804,tcp,,9092,0,1,1,1,1,1,1,1
3805,tcp,,60404,0,1,1,1,1,1,1,1
3806,tcp,,60404,0,1,1,1,1,1,1,1
3807,tcp,,27017,0,1,1,1,1,1,1,1
3808,tcp,,9092,0,1,1,1,1,1,1,1
3809,tcp,,9092,0,1,1,1,1,1,1,1
3810,tcp,,60414,0,1,1,1,1,1,1,1
3811,tcp,,60414,0,1,1,1,1,1,1,1
3812,tcp,,42773,0,1,1,1,1,1,1,1
3813,udp,dns,53,0,1,1,1,1,1,1,0
3814,tcp,,2181,0,1,1,1,1,1,1,1
3815,tcp,,33572,0,1,1,1,1,1,1,1
3816,tcp,,33586,0,1,1,1,1,1,1,1
3817,tcp,,33596,0,1,1,1,1,1,1,1
3818,tcp,,33528,0,1,1,1,1,1,1,1
3819,tcp,,33556,0,1,1,1,1,1,1,1
3820,tcp,,33600,0,1,1,1,1,1,1,1
3821,tcp,,33526,0,1,1,1,1,1,1,1
3822,tcp,,50872,0,1,1,1,1,1,1,1
3823,tcp,,9092,0,1,1,1,1,1,1,1
3824,tcp,,8083,0,1,1,1,1,1,1,1
3825,tcp,,8083,0,1,1,1,1,1,1,1
3826,tcp,,60348,0,1,1,1,1,1,1,1
3827,tcp,,60348,0,1,1,1,1,1,1,1
3828,tcp,,8083,0,1,1,1,1,1,1,1
3829,tcp,,8083,0,1,1,1,1,1,1,1
3830,tcp,,60360,0,1,1,1,1,1,1,1
3831,tcp,,60360,0,1,1,1,1,1,1,1
3832,tcp,,8083,0,1,1,1,1,1,1,1
3833,tcp,,8083,0,1,1,1,1,1,1,1
3834,tcp,,60362,0,1,1,1,1,1,1,1
3835,tcp,,60362,0,1,1,1,1,1,1,1
3836,tcp,,8083,0,1,1,1,1,1,1,1
3837,tcp,,8083,0,1,1,1,1,1,1,1
3838,tcp,,60372,0,1,1,1,1,1,1,1
3839,tcp,,60372,0,1,1,1,1,1,1,1
3840,tcp,,8083,0,1,1,1,1,1,1,1
3841,tcp,,8083,0,1,1,1,1,1,1,1
3842,tcp,,60374,0,1,1,1,1,1,1,1
3843,tcp,,60374,0,1,1,1,1,1,1,1
3844,tcp,,8083,0,1,1,1,1,1,1,1
3845,tcp,,8083,0,1,1,1,1,1,1,1
3846,tcp,,60386,0,1,1,1,1,1,1,1
3847,tcp,,60386,0,1,1,1,1,1,1,1
3848,tcp,,8083,0,1,1,1,1,1,1,1
3849,tcp,,8083,0,1,1,1,1,1,1,1
3850,tcp,,60394,0,1,1,1,1,1,1,1
3851,tcp,,60394,0,1,1,1,1,1,1,1
3852,tcp,,8083,0,1,1,1,1,1,1,1
3853,tcp,,8083,0,1,1,1,1,1,1,1
3854,tcp,,60400,0,1,1,1,1,1,1,1
3855,tcp,,60400,0,1,1,1,1,1,1,1
3856,tcp,,8083,0,1,1,1,1,1,1,1
3857,tcp,,8083,0,1,1,1,1,1,1,1
3858,tcp,,60404,0,1,1,1,1,1,1,1
3859,tcp,,60404,0,1,1,1,1,1,1,1
3860,tcp,,58768,0,1,1,1,1,1,1,1
3861,tcp,,45903,0,1,1,1,1,1,1,1
3862,tcp,,36276,0,1,1,1,1,1,1,1
3863,tcp,,8088,0,1,1,1,1,1,1,1
3864,tcp,,8088,0,1,1,1,1,1,1,1
3865,udp,dhcp,67,0,1,1,1,1,1,1,0
3866,tcp,,9092,0,1,1,1,1,1,1,1
3867,tcp,,34984,0,1,1,1,1,1,1,1
3868,tcp,,50960,0,1,1,1,1,1,1,1
3869,tcp,,50912,0,1,1,1,1,1,1,1
3870,tcp,,42773,0,1,1,1,1,1,1,1
3871,unknown_transport,,0,0,1,1,1,1,1,1,0
3872,udp,dns,5353,0,1,1,1,1,1,1,1
3873,udp,dns,5353,0,1,1,1,1,1,1,1
3874,tcp,,2181,0,1,1,1,1,1,1,1
3875,tcp,,9092,0,1,1,1,1,1,1,1
3876,tcp,,50872,0,1,1,1,1,1,1,1
3877,tcp,,9092,0,1,1,1,1,1,1,1
3878,tcp,,34984,0,1,1,1,1,1,1,1
3879,tcp,,50960,0,1,1,1,1,1,1,1
3880,tcp,,50912,0,1,1,1,1,1,1,1
3881,tcp,,27017,0,1,1,1,1,1,1,1
3882,tcp,,9092,0,1,1,1,1,1,1,1
3883,tcp,,42773,0,1,1,1,1,1,1,1
3884,tcp,,58768,0,1,1,1,1,1,1,1
3885,tcp,,45903,0,1,1,1,1,1,1,1
3886,tcp,,9092,0,1,1,1,1,1,1,1
3887,tcp,,2181,0,1,1,1,1,1,1,1
3888,tcp,,50872,0,1,1,1,1,1,1,1
3889,udp,,5678,0,1,1,1,1,1,1,1
3890,tcp,,9997,0,1,1,1,1,1,1,1
3891,tcp,,9997,0,1,1,1,1,1,1,1
3892,udp,,1900,0,1,1,1,1,1,1,1
3893,tcp,,36276,0,1,1,1,1,1,1,1
3894,tcp,,8080,0,1,1,1,1,1,1,1
3895,tcp,,8080,0,1,1,1,1,1,1,1
3896,tcp,,57606,0,1,1,1,1,1,1,1
3897,tcp,,8088,0,1,1,1,1,1,1,1
3898,tcp,,34984,0,1,1,1,1,1,1,1
3899,tcp,,9092,0,1,1,1,1,1,1,1
3900,tcp,,50960,0,1,1,1,1,1,1,1
3901,tcp,,50912,0,1,1,1,1,1,1,1
3902,udp,dns,5353,0,1,1,1,1,1,1,1
3903,udp,dns,5353,0,1,1,1,1,1,1,1
3904,tcp,,9092,0,1,1,1,1,1,1,1
3905,tcp,,9092,0,1,1,1,1,1,1,1
3906,tcp,,43956,0,1,1,1,1,1,1,1
3907,tcp,,43956,0,1,1,1,1,1,1,1
3908,tcp,,9092,0,1,1,1,1,1,1,1
3909,tcp,,9092,0,1,1,1,1,1,1,1
3910,tcp,,43962,0,1,1,1,1,1,1,1
3911,tcp,,43962,0,1,1,1,1,1,1,1
3912,tcp,,42773,0,1,1,1,1,1,1,1
3913,tcp,,9092,0,1,1,1,1,1,1,1
3914,tcp,,50872,0,1,1,1,1,1,1,1
3915,udp,dns,53,0,1,1,1,1,1,1,0
3916,tcp,,34984,0,1,1,1,1,1,1,1
3917,tcp,,50960,0,1,1,1,1,1,1,1
3918,tcp,,50912,0,1,1,1,1,1,1,1
3919,tcp,,27017,0,1,1,1,1,1,1,1
3920,tcp,,42773,0,1,1,1,1,1,1,1
3921,tcp,,9092,0,1,1,1,1,1,1,1
3922,tcp,,2181,0,1,1,1,1,1,1,1
3923,tcp,,58768,0,1,1,1,1,1,1,1
3924,tcp,,45903,0,1,1,1,1,1,1,1
3925,tcp,,9092,0,1,1,1,1,1,1,1
3926,tcp,,50872,0,1,1,1,1,1,1,1
3927,udp,dns,53,0,1,1,1,1,1,1,0
3928,udp,dns,53,0,1,1,1,1,1,1,0
3929,tcp,,36276,0,1,1,1,1,1,1,1
3930,udp,dns,53,0,1,1,1,1,1,1,0
3931,udp,quic,443,0,1,1,1,1,1,1,1
3932,,,443,,1,1,1,1,1,1,1
3933,tcp,,8088,0,1,1,1,1,1,1,1
3934,tcp,,8088,0,1,1,1,1,1,1,1
3935,tcp,,34984,0,1,1,1,1,1,1,1
3936,tcp,,50960,0,1,1,1,1,1,1,1
3937,tcp,,50912,0,1,1,1,1,1,1,1
3938,tcp,,42773,0,1,1,1,1,1,1,1
3939,tcp,,9092,0,1,1,1,1,1,1,1
3940,tcp,,2181,0,1,1,1,1,1,1,1
3941,tcp,,9092,0,1,1,1,1,1,1,1
3942,tcp,,50872,0,1,1,1,1,1,1,1
3943,tcp,,9092,0,1,1,1,1,1,1,1
3944,tcp,,9092,0,1,1,1,1,1,1,1
3945,tcp,,9092,0,1,1,1,1,1,1,1
3946,tcp,,59730,0,1,1,1,1,1,1,1
3947,tcp,,59730,0,1,1,1,1,1,1,1
3948,tcp,,9092,0,1,1,1,1,1,1,1
3949,tcp,,9092,0,1,1,1,1,1,1,1
3950,tcp,,59740,0,1,1,1,1,1,1,1
3951,tcp,,59740,0,1,1,1,1,1,1,1
3952,tcp,,8080,0,1,1,1,1,1,1,1
3953,tcp,,57606,0,1,1,1,1,1,1,1
3954,tcp,,8080,0,1,1,1,1,1,1,1
3955,tcp,,57596,0,1,1,1,1,1,1,1
3956,tcp,,34984,0,1,1,1,1,1,1,1
3957,tcp,,50960,0,1,1,1,1,1,1,1
3958,tcp,,27017,0,1,1,1,1,1,1,1
3959,tcp,,50912,0,1,1,1,1,1,1,1
3960,tcp,ssl,443,0,1,1,1,1,1,1,1
3961,,,443,,0,1,0,1,1,1,0
3962,tcp,,42773,0,1,1,1,1,1,1,1
3963,tcp,,58768,0,1,1,1,1,1,1,1
3964,tcp,,45903,0,1,1,1,1,1,1,1
3965,tcp,,8083,0,1,1,1,1,1,1,1
3966,tcp,,8083,0,1,1,1,1,1,1,1
3967,tcp,,8083,0,1,1,1,1,1,1,1
3968,tcp,,8083,0,1,1,1,1,1,1,1
3969,tcp,,8083,0,1,1,1,1,1,1,1
3970,tcp,,8083,0,1,1,1,1,1,1,1
3971,tcp,,8083,0,1,1,1,1,1,1,1
3972,tcp,,8083,0,1,1,1,1,1,1,1
3973,tcp,,8083,0,1,1,1,1,1,1,1
3974,tcp,,50872,0,1,1,1,1,1,1,1
3975,tcp,,9092,0,1,1,1,1,1,1,1
3976,tcp,,36276,0,1,1,1,1,1,1,1
3977,tcp,,9092,0,1,1,1,1,1,1,1
3978,tcp,,8088,0,1,1,1,1,1,1,1
3979,tcp,,8088,0,1,1,1,1,1,1,1
3980,tcp,,2181,0,1,1,1,1,1,1,1
3981,tcp,,34984,0,1,1,1,1,1,1,1
3982,tcp,,50960,0,1,1,1,1,1,1,1
3983,tcp,,50912,0,1,1,1,1,1,1,1
3984,tcp,,42773,0,1,1,1,1,1,1,1
3985,tcp,,8080,0,1,1,1,1,1,1,1
3986,tcp,,8080,0,1,1,1,1,1,1,1
3987,udp,dns,5353,0,1,1,1,1,1,1,1
3988,udp,dns,5353,0,1,1,1,1,1,1,1
3989,tcp,,50872,0,1,1,1,1,1,1,1
3990,tcp,,9092,0,1,1,1,1,1,1,1
3991,tcp,,58768,0,1,1,1,1,1,1,1
3992,tcp,,45903,0,1,1,1,1,1,1,1
3993,tcp,,34984,0,1,1,1,1,1,1,1
3994,tcp,,27017,0,1,1,1,1,1,1,1
3995,tcp,,50960,0,1,1,1,1,1,1,1
3996,tcp,,50912,0,1,1,1,1,1,1,1
3997,tcp,,9092,0,1,1,1,1,1,1,1
3998,tcp,,2181,0,1,1,1,1,1,1,1
3999,tcp,,42773,0,1,1,1,1,1,1,1
4000,tcp,,50872,0,1,1,1,1,1,1,1
4001,tcp,,9092,0,1,1,1,1,1,1,1
4002,tcp,,9997,0,1,1,1,1,1,1,1
4003,tcp,,9997,0,1,1,1,1,1,1,1
4004,tcp,,36276,0,1,1,1,1,1,1,1
4005,tcp,,8083,0,1,1,1,1,1,1,1
4006,tcp,,8083,0,1,1,1,1,1,1,1
4007,tcp,,8083,0,1,1,1,1,1,1,1
4008,tcp,,8083,0,1,1,1,1,1,1,1
4009,tcp,,8083,0,1,1,1,1,1,1,1
4010,tcp,,8083,0,1,1,1,1,1,1,1
4011,tcp,,8083,0,1,1,1,1,1,1,1
4012,tcp,,8083,0,1,1,1,1,1,1,1
4013,tcp,,8083,0,1,1,1,1,1,1,1
4014,tcp,,34984,0,1,1,1,1,1,1,1
4015,tcp,,9092,0,1,1,1,1,1,1,1
4016,tcp,,50960,0,1,1,1,1,1,1,1
4017,tcp,,50912,0,1,1,1,1,1,1,1
4018,tcp,,42773,0,1,1,1,1,1,1,1
4019,tcp,,9092,0,1,1,1,1,1,1,1
4020,tcp,,50872,0,1,1,1,1,1,1,1
4021,tcp,,58768,0,1,1,1,1,1,1,1
4022,tcp,,45903,0,1,1,1,1,1,1,1
4023,tcp,,2181,0,1,1,1,1,1,1,1
4024,tcp,,34984,0,1,1,1,1,1,1,1
4025,tcp,,27017,0,1,1,1,1,1,1,1
4026,tcp,,50960,0,1,1,1,1,1,1,1
4027,tcp,,50912,0,1,1,1,1,1,1,1
4028,tcp,,42773,0,1,1,1,1,1,1,1
4029,tcp,,9092,0,1,1,1,1,1,1,1
4030,tcp,,9092,0,1,1,1,1,1,1,1
4031,tcp,,50872,0,1,1,1,1,1,1,1
4032,tcp,,36276,0,1,1,1,1,1,1,1
4033,tcp,,34984,0,1,1,1,1,1,1,1
4034,tcp,,50960,0,1,1,1,1,1,1,1
4035,tcp,,50912,0,1,1,1,1,1,1,1
4036,tcp,,2181,0,1,1,1,1,1,1,1
4037,tcp,,42773,0,1,1,1,1,1,1,1
4038,tcp,,9092,0,1,1,1,1,1,1,1
4039,tcp,,58768,0,1,1,1,1,1,1,1
4040,tcp,,45903,0,1,1,1,1,1,1,1
4041,tcp,,50872,0,1,1,1,1,1,1,1
4042,tcp,,9092,0,1,1,1,1,1,1,1
4043,udp,quic,443,0,1,1,1,1,1,1,1
4044,tcp,,8083,0,1,1,1,1,1,1,1
4045,tcp,,8083,0,1,1,1,1,1,1,1
4046,tcp,,8083,0,1,1,1,1,1,1,1
4047,tcp,,8083,0,1,1,1,1,1,1,1
4048,tcp,,8083,0,1,1,1,1,1,1,1
4049,tcp,,8083,0,1,1,1,1,1,1,1
4050,tcp,,8083,0,1,1,1,1,1,1,1
4051,tcp,,8083,0,1,1,1,1,1,1,1
4052,tcp,,8083,0,1,1,1,1,1,1,1
4053,udp,dns,53,0,1,1,1,1,1,1,0
4054,udp,dns,53,0,1,1,1,1,1,1,0
4055,udp,dns,5353,0,1,1,1,1,1,1,1
4056,udp,dns,5353,0,1,1,1,1,1,1,1
4057,tcp,,34984,0,1,1,1,1,1,1,1
4058,tcp,,9092,0,1,1,1,1,1,1,1
4059,tcp,,27017,0,1,1,1,1,1,1,1
4060,tcp,,50960,0,1,1,1,1,1,1,1
4061,icmp,,134,0,1,1,1,1,1,1,1
4062,tcp,,50912,0,1,1,1,1,1,1,1
4063,tcp,,42773,0,1,1,1,1,1,1,1
4064,tcp,,2181,0,1,1,1,1,1,1,1
4065,udp,dns,53,0,1,1,1,1,1,1,0
4066,tcp,,9092,0,1,1,1,1,1,1,1
4067,tcp,,50872,0,1,1,1,1,1,1,1
4068,tcp,,36276,0,1,1,1,1,1,1,1
4069,tcp,,9092,0,1,1,1,1,1,1,1
4070,tcp,,34984,0,1,1,1,1,1,1,1
4071,tcp,,50960,0,1,1,1,1,1,1,1
4072,tcp,,50912,0,1,1,1,1,1,1,1
4073,tcp,,42773,0,1,1,1,1,1,1,1
4074,tcp,,58768,0,1,1,1,1,1,1,1
4075,tcp,,45903,0,1,1,1,1,1,1,1
4076,tcp,,2181,0,1,1,1,1,1,1,1
4077,udp,quic,443,0,1,1,1,1,1,1,1
4078,tcp,,50872,0,1,1,1,1,1,1,1
4079,tcp,,9092,0,1,1,1,1,1,1,1
4080,udp,quic,443,0,1,1,1,1,1,1,1
4081,tcp,,8088,0,1,1,1,1,1,1,1
4082,tcp,,50342,0,1,1,1,1,1,1,1
4083,tcp,,8080,0,1,1,1,1,1,1,1
4084,tcp,,8080,0,1,1,1,1,1,1,1
4085,tcp,,8080,0,1,1,1,1,1,1,1
4086,tcp,,8080,0,1,1,1,1,1,1,1
4087,tcp,,8083,0,1,1,1,1,1,1,1
4088,tcp,,8083,0,1,1,1,1,1,1,1
4089,tcp,,8083,0,1,1,1,1,1,1,1
4090,tcp,,8083,0,1,1,1,1,1,1,1
4091,tcp,,8083,0,1,1,1,1,1,1,1
4092,tcp,,9092,0,1,1,1,1,1,1,1
4093,tcp,,34984,0,1,1,1,1,1,1,1
4094,tcp,,27017,0,1,1,1,1,1,1,1
4095,tcp,,50960,0,1,1,1,1,1,1,1
4096,tcp,,50912,0,1,1,1,1,1,1,1
4097,tcp,,9092,0,1,1,1,1,1,1,1
4098,tcp,,42773,0,1,1,1,1,1,1,1
4099,tcp,,2181,0,1,1,1,1,1,1,1
4100,udp,,5678,0,1,1,1,1,1,1,1
4101,tcp,,50872,0,1,1,1,1,1,1,1
4102,tcp,,9997,0,1,1,1,1,1,1,1
4103,tcp,,9997,0,1,1,1,1,1,1,1
4104,udp,,1900,0,1,1,1,1,1,1,1
4105,tcp,,36276,0,1,1,1,1,1,1,1
4106,tcp,ssl,443,0,1,1,1,1,1,1,1
4107,,,443,,0,1,1,1,1,1,0
4108,tcp,,34984,0,1,1,1,1,1,1,1
4109,tcp,,9092,0,1,1,1,1,1,1,1
4110,tcp,,50960,0,1,1,1,1,1,1,1
4111,tcp,,50912,0,1,1,1,1,1,1,1
4112,tcp,,9092,0,1,1,1,1,1,1,1
4113,tcp,,9092,0,1,1,1,1,1,1,1
4114,tcp,,9092,0,1,1,1,1,1,1,1
4115,tcp,,43220,0,1,1,1,1,1,1,1
4116,tcp,,43220,0,1,1,1,1,1,1,1
4117,tcp,,9092,0,1,1,1,1,1,1,1
4118,tcp,,9092,0,1,1,1,1,1,1,1
4119,tcp,,43224,0,1,1,1,1,1,1,1
4120,tcp,,43224,0,1,1,1,1,1,1,1
4121,tcp,,58768,0,1,1,1,1,1,1,1
4122,tcp,,45903,0,1,1,1,1,1,1,1
4123,tcp,,42773,0,1,1,1,1,1,1,1
4124,tcp,,9092,0,1,1,1,1,1,1,1
4125,tcp,,9092,0,1,1,1,1,1,1,1
4126,tcp,,9092,0,1,1,1,1,1,1,1
4127,tcp,,59414,0,1,1,1,1,1,1,1
4128,tcp,,59414,0,1,1,1,1,1,1,1
4129,tcp,,9092,0,1,1,1,1,1,1,1
4130,tcp,,9092,0,1,1,1,1,1,1,1
4131,tcp,,59420,0,1,1,1,1,1,1,1
4132,tcp,,59420,0,1,1,1,1,1,1,1
4133,tcp,,50872,0,1,1,1,1,1,1,1
4134,tcp,,8088,0,1,1,1,1,1,1,1
4135,tcp,,34984,0,1,1,1,1,1,1,1
4136,tcp,,27017,0,1,1,1,1,1,1,1
4137,tcp,,50912,0,1,1,1,1,1,1,1
4138,tcp,,50960,0,1,1,1,1,1,1,1
4139,tcp,,42773,0,1,1,1,1,1,1,1
4140,tcp,,9092,0,1,1,1,1,1,1,1
4141,tcp,,2181,0,1,1,1,1,1,1,1
4142,udp,dns,5353,0,1,1,1,1,1,1,1
4143,udp,dns,5353,0,1,1,1,1,1,1,1
4144,tcp,,9092,0,1,1,1,1,1,1,1
4145,tcp,,50872,0,1,1,1,1,1,1,1
4146,tcp,,36276,0,1,1,1,1,1,1,1
4147,tcp,,59420,0,1,1,1,1,1,1,1
4148,tcp,,58768,0,1,1,1,1,1,1,1
4149,tcp,,45903,0,1,1,1,1,1,1,1
4150,tcp,,8080,0,1,1,1,1,1,1,1
4151,tcp,,50342,0,1,1,1,1,1,1,1
4152,tcp,,34984,0,1,1,1,1,1,1,1
4153,tcp,,50960,0,1,1,1,1,1,1,1
4154,tcp,,50912,0,1,1,1,1,1,1,1
4155,udp,dns,5353,0,1,1,1,1,1,1,1
4156,udp,dns,5353,0,1,1,1,1,1,1,1
4157,tcp,,42773,0,1,1,1,1,1,1,1
4158,tcp,,9092,0,1,1,1,1,1,1,1
4159,tcp,,2181,0,1,1,1,1,1,1,1
4160,tcp,,9092,0,1,1,1,1,1,1,1
4161,tcp,,50872,0,1,1,1,1,1,1,1
4162,tcp,,59420,0,1,1,1,1,1,1,1
4163,tcp,,8088,0,1,1,1,1,1,1,1
4164,tcp,,34984,0,1,1,1,1,1,1,1
4165,tcp,,27017,0,1,1,1,1,1,1,1
4166,tcp,,50960,0,1,1,1,1,1,1,1
4167,tcp,,50912,0,1,1,1,1,1,1,1
4168,udp,dns,53,0,1,1,1,1,1,1,0
4169,tcp,http,80,0,1,1,1,1,1,1,1
4170,,,80,,0,1,1,1,1,1,0
4171,tcp,,42773,0,1,1,1,1,1,1,1
4172,tcp,,60372,0,1,1,1,1,1,1,1
4173,tcp,,60394,0,1,1,1,1,1,1,1
4174,tcp,,60386,0,1,1,1,1,1,1,1
4175,tcp,,9092,0,1,1,1,1,1,1,1
4176,tcp,,2181,0,1,1,1,1,1,1,1
4177,tcp,,60374,0,1,1,1,1,1,1,1
4178,tcp,,58768,0,1,1,1,1,1,1,1
4179,tcp,,45903,0,1,1,1,1,1,1,1
4180,tcp,,50872,0,1,1,1,1,1,1,1
4181,tcp,,36276,0,1,1,1,1,1,1,1
4182,tcp,,59420,0,1,1,1,1,1,1,1
4183,tcp,,9092,0,1,1,1,1,1,1,1
4184,tcp,,34984,0,1,1,1,1,1,1,1
4185,tcp,,50912,0,1,1,1,1,1,1,1
4186,tcp,,50960,0,1,1,1,1,1,1,1
4187,tcp,,42773,0,1,1,1,1,1,1,1
4188,tcp,,50872,0,1,1,1,1,1,1,1
4189,tcp,,9092,0,1,1,1,1,1,1,1
4190,tcp,,2181,0,1,1,1,1,1,1,1
4191,tcp,,60400,0,1,1,1,1,1,1,1
4192,tcp,,60404,0,1,1,1,1,1,1,1
4193,tcp,,60348,0,1,1,1,1,1,1,1
4194,tcp,,60362,0,1,1,1,1,1,1,1
4195,tcp,,60360,0,1,1,1,1,1,1,1
4196,tcp,,59420,0,1,1,1,1,1,1,1
4197,tcp,,34984,0,1,1,1,1,1,1,1
4198,tcp,,27017,0,1,1,1,1,1,1,1
4199,tcp,,8080,0,1,1,1,1,1,1,1
4200,tcp,,50342,0,1,1,1,1,1,1,1
4201,tcp,,50960,0,1,1,1,1,1,1,1
4202,tcp,,50912,0,1,1,1,1,1,1,1
4203,tcp,,9092,0,1,1,1,1,1,1,1
4204,tcp,,42773,0,1,1,1,1,1,1,1
4205,tcp,,49232,0,1,1,1,1,1,1,1
4206,tcp,,58768,0,1,1,1,1,1,1,1
4207,tcp,,45903,0,1,1,1,1,1,1,1
4208,udp,dns,5353,0,1,1,1,1,1,1,1
4209,udp,dns,5353,0,1,1,1,1,1,1,1
4210,tcp,,9092,0,1,1,1,1,1,1,1
4211,tcp,,9997,0,1,1,1,1,1,1,1
4212,tcp,,9997,0,1,1,1,1,1,1,1
4213,tcp,,50872,0,1,1,1,1,1,1,1
4214,tcp,,36276,0,1,1,1,1,1,1,1
4215,tcp,,59420,0,1,1,1,1,1,1,1
4216,tcp,,34984,0,1,1,1,1,1,1,1
4217,tcp,,9092,0,1,1,1,1,1,1,1
4218,tcp,,50960,0,1,1,1,1,1,1,1
4219,tcp,,50912,0,1,1,1,1,1,1,1
4220,tcp,,42773,0,1,1,1,1,1,1,1
4221,tcp,,9092,0,1,1,1,1,1,1,1
4222,icmp,,134,0,1,1,1,1,1,1,1
4223,tcp,,50872,0,1,1,1,1,1,1,1
4224,tcp,,2181,0,1,1,1,1,1,1,1
4225,tcp,,9092,0,1,1,1,1,1,1,1
4226,tcp,,34984,0,1,1,1,1,1,1,1
4227,tcp,,27017,0,1,1,1,1,1,1,1
4228,tcp,,50960,0,1,1,1,1,1,1,1
4229,tcp,,50912,0,1,1,1,1,1,1,1
4230,tcp,,8088,0,1,1,1,1,1,1,1
4231,tcp,,42773,0,1,1,1,1,1,1,1
4232,tcp,,9092,0,1,1,1,1,1,1,1
4233,tcp,,58768,0,1,1,1,1,1,1,1
4234,tcp,,45903,0,1,1,1,1,1,1,1
4235,tcp,,9092,0,1,1,1,1,1,1,1
4236,udp,quic,443,0,1,1,1,1,1,1,1
4237,,,443,,1,1,1,1,1,1,1
4238,tcp,,50872,0,1,1,1,1,1,1,1
4239,tcp,,36276,0,1,1,1,1,1,1,1
4240,tcp,,59420,0,1,1,1,1,1,1,1
4241,tcp,,34984,0,1,1,1,1,1,1,1
4242,tcp,,50960,0,1,1,1,1,1,1,1
4243,tcp,,50912,0,1,1,1,1,1,1,1
4244,tcp,,8080,0,1,1,1,1,1,1,1
4245,tcp,,50342,0,1,1,1,1,1,1,1
4246,tcp,,2181,0,1,1,1,1,1,1,1
4247,tcp,,42773,0,1,1,1,1,1,1,1
4248,tcp,,9092,0,1,1,1,1,1,1,1
4249,tcp,,9092,0,1,1,1,1,1,1,1
4250,tcp,,50872,0,1,1,1,1,1,1,1
4251,tcp,,59420,0,1,1,1,1,1,1,1
4252,tcp,,34984,0,1,1,1,1,1,1,1
4253,tcp,,9092,0,1,1,1,1,1,1,1
4254,tcp,,27017,0,1,1,1,1,1,1,1
4255,tcp,,50960,0,1,1,1,1,1,1,1
4256,tcp,,50912,0,1,1,1,1,1,1,1
4257,tcp,,8088,0,1,1,1,1,1,1,1
4258,tcp,,58768,0,1,1,1,1,1,1,1
4259,tcp,,45903,0,1,1,1,1,1,1,1
4260,tcp,,42773,0,1,1,1,1,1,1,1
4261,tcp,,2181,0,1,1,1,1,1,1,1
4262,tcp,,42803,0,1,1,1,1,1,1,1
4263,tcp,,35476,0,1,1,1,1,1,1,1
4264,unknown_transport,,0,0,1,1,1,1,1,1,0
4265,unknown_transport,,0,0,1,1,1,1,1,1,0
4266,udp,dns,5353,0,1,1,1,1,1,1,1
4267,udp,dns,5353,0,1,1,1,1,1,1,1
4268,tcp,,9092,0,1,1,1,1,1,1,1
4269,tcp,,36276,0,1,1,1,1,1,1,1
4270,tcp,,50872,0,1,1,1,1,1,1,1
4271,tcp,,9092,0,1,1,1,1,1,1,1
4272,tcp,,59420,0,1,1,1,1,1,1,1
4273,tcp,,34984,0,1,1,1,1,1,1,1
4274,tcp,,50960,0,1,1,1,1,1,1,1
4275,tcp,,50912,0,1,1,1,1,1,1,1
4276,udp,dns,5353,0,1,1,1,1,1,1,1
4277,udp,dns,5353,0,1,1,1,1,1,1,1
4278,tcp,,42773,0,1,1,1,1,1,1,1
4279,udp,dns,53,0,1,1,1,1,1,1,0
4280,tcp,ssl,443,2880,1,1,1,1,1,1,0
4281,,,443,,1,1,1,1,1,1,1
4282,tcp,,46024,0,1,1,1,1,1,1,1
4283,tcp,,42769,0,1,1,1,1,1,1,1
4284,tcp,,60400,0,1,1,1,1,1,1,1
4285,tcp,,2181,0,1,1,1,1,1,1,1
4286,tcp,,9092,0,1,1,1,1,1,1,1
4287,tcp,,50872,0,1,1,1,1,1,1,1
4288,tcp,,58768,0,1,1,1,1,1,1,1
4289,tcp,,45903,0,1,1,1,1,1,1,1
4290,tcp,,59420,0,1,1,1,1,1,1,1
4291,tcp,,34984,0,1,1,1,1,1,1,1
4292,tcp,,27017,0,1,1,1,1,1,1,1
4293,tcp,,50960,0,1,1,1,1,1,1,1
4294,tcp,,50912,0,1,1,1,1,1,1,1
4295,tcp,,9092,0,1,1,1,1,1,1,1
4296,tcp,,50342,0,1,1,1,1,1,1,1
4297,tcp,,8080,0,1,1,1,1,1,1,1
4298,tcp,,42773,0,1,1,1,1,1,1,1
4299,udp,,5678,0,1,1,1,1,1,1,1
4300,tcp,,9092,0,1,1,1,1,1,1,1
4301,tcp,,9997,0,1,1,1,1,1,1,1
4302,tcp,,9997,0,1,1,1,1,1,1,1
4303,tcp,,2181,0,1,1,1,1,1,1,1
4304,udp,,1900,0,1,1,1,1,1,1,1
4305,tcp,,36276,0,1,1,1,1,1,1,1
4306,tcp,,50872,0,1,1,1,1,1,1,1
4307,tcp,,59420,0,1,1,1,1,1,1,1
4308,tcp,,34984,0,1,1,1,1,1,1,1
4309,tcp,,9092,0,1,1,1,1,1,1,1
4310,tcp,,50960,0,1,1,1,1,1,1,1
4311,tcp,,50912,0,1,1,1,1,1,1,1
4312,tcp,,42773,0,1,1,1,1,1,1,1
4313,tcp,,9092,0,1,1,1,1,1,1,1
4314,udp,quic,443,0,1,1,1,1,1,1,1
4315,,,443,,1,1,1,1,1,1,1
4316,tcp,,42803,0,1,1,1,1,1,1,1
4317,tcp,,58768,0,1,1,1,1,1,1,1
4318,tcp,,45903,0,1,1,1,1,1,1,1
4319,tcp,,50872,0,1,1,1,1,1,1,1
4320,tcp,,59420,0,1,1,1,1,1,1,1
4321,tcp,,34984,0,1,1,1,1,1,1,1
4322,tcp,,27017,0,1,1,1,1,1,1,1
4323,tcp,,50960,0,1,1,1,1,1,1,1
4324,tcp,,50912,0,1,1,1,1,1,1,1
4325,tcp,,42773,0,1,1,1,1,1,1,1
4326,tcp,,9092,0,1,1,1,1,1,1,1
4327,tcp,,2181,0,1,1,1,1,1,1,1
4328,tcp,,9092,0,1,1,1,1,1,1,1
4329,tcp,,36276,0,1,1,1,1,1,1,1
4330,tcp,,50872,0,1,1,1,1,1,1,1
4331,tcp,,59420,0,1,1,1,1,1,1,1
4332,tcp,,34984,0,1,1,1,1,1,1,1
4333,tcp,,8088,0,1,1,1,1,1,1,1
4334,tcp,,50960,0,1,1,1,1,1,1,1
4335,tcp,,50912,0,1,1,1,1,1,1,1
4336,tcp,,42773,0,1,1,1,1,1,1,1
4337,tcp,,9092,0,1,1,1,1,1,1,1
4338,tcp,,2181,0,1,1,1,1,1,1,1
4339,udp,dns,5353,0,1,1,1,1,1,1,1
4340,udp,dns,5353,0,1,1,1,1,1,1,1
4341,udp,quic,443,0,1,1,1,1,1,1,1
4342,,,443,,1,1,1,1,1,1,1
4343,tcp,,58768,0,1,1,1,1,1,1,1
4344,tcp,,45903,0,1,1,1,1,1,1,1
4345,tcp,,9092,0,1,1,1,1,1,1,1
4346,udp,quic,443,0,1,1,1,1,1,1,1
4347,tcp,,50872,0,1,1,1,1,1,1,1
4348,tcp,,59420,0,1,1,1,1,1,1,1
4349,tcp,,34984,0,1,1,1,1,1,1,1
4350,tcp,,8080,0,1,1,1,1,1,1,1
4351,tcp,,27017,0,1,1,1,1,1,1,1
4352,tcp,ssl,443,0,1,1,1,1,1,1,1
4353,,,443,,0,1,1,1,1,1,0
4354,tcp,,50960,0,1,1,1,1,1,1,1
4355,tcp,,50912,0,1,1,1,1,1,1,1
4356,tcp,,42773,0,1,1,1,1,1,1,1
4357,tcp,,9092,0,1,1,1,1,1,1,1
4358,tcp,,2181,0,1,1,1,1,1,1,1
4359,tcp,,36276,0,1,1,1,1,1,1,1
4360,tcp,,50872,0,1,1,1,1,1,1,1
4361,tcp,,9092,0,1,1,1,1,1,1,1
4362,tcp,,59420,0,1,1,1,1,1,1,1
4363,tcp,,34984,0,1,1,1,1,1,1,1
4364,tcp,,8088,0,1,1,1,1,1,1,1
4365,tcp,,50960,0,1,1,1,1,1,1,1
4366,tcp,,50912,0,1,1,1,1,1,1,1
4367,tcp,,42773,0,1,1,1,1,1,1,1
4368,tcp,,58768,0,1,1,1,1,1,1,1
4369,tcp,,45903,0,1,1,1,1,1,1,1
4370,tcp,,9092,0,1,1,1,1,1,1,1
4371,tcp,,2181,0,1,1,1,1,1,1,1
4372,tcp,,50872,0,1,1,1,1,1,1,1
4373,tcp,,34984,0,1,1,1,1,1,1,1
4374,tcp,,27017,0,1,1,1,1,1,1,1
4375,tcp,,59420,0,1,1,1,1,1,1,1
4376,tcp,,9092,0,1,1,1,1,1,1,1
4377,tcp,,50960,0,1,1,1,1,1,1,1
4378,tcp,,50912,0,1,1,1,1,1,1,1
4379,tcp,,42773,0,1,1,1,1,1,1,1
4380,tcp,,9092,0,1,1,1,1,1,1,1
4381,tcp,,9997,0,1,1,1,1,1,1,1
4382,tcp,,9997,0,1,1,1,1,1,1,1
4383,tcp,,36276,0,1,1,1,1,1,1,1
4384,tcp,,50872,0,1,1,1,1,1,1,1
4385,tcp,,9092,0,1,1,1,1,1,1,1
4386,tcp,,34984,0,1,1,1,1,1,1,1
4387,tcp,,50342,0,1,1,1,1,1,1,1
4388,tcp,,8080,0,1,1,1,1,1,1,1
4389,tcp,,59420,0,1,1,1,1,1,1,1
4390,tcp,,50960,0,1,1,1,1,1,1,1
4391,tcp,,50912,0,1,1,1,1,1,1,1
4392,tcp,,58768,0,1,1,1,1,1,1,1
4393,tcp,,45903,0,1,1,1,1,1,1,1
4394,tcp,,42773,0,1,1,1,1,1,1,1
4395,tcp,,9092,0,1,1,1,1,1,1,1
4396,tcp,,50872,0,1,1,1,1,1,1,1
4397,udp,dns,5353,0,1,1,1,1,1,1,1
4398,udp,dns,5353,0,1,1,1,1,1,1,1
4399,tcp,,2181,0,1,1,1,1,1,1,1
4400,tcp,,27017,0,1,1,1,1,1,1,1
4401,tcp,,34984,0,1,1,1,1,1,1,1
4402,tcp,,59420,0,1,1,1,1,1,1,1
4403,tcp,,50960,0,1,1,1,1,1,1,1
4404,tcp,,50912,0,1,1,1,1,1,1,1
4405,tcp,,9092,0,1,1,1,1,1,1,1
4406,tcp,,42773,0,1,1,1,1,1,1,1
4407,tcp,,9092,0,1,1,1,1,1,1,1
4408,tcp,,36276,0,1,1,1,1,1,1,1
4409,tcp,,50872,0,1,1,1,1,1,1,1
4410,tcp,,58768,0,1,1,1,1,1,1,1
4411,tcp,,45903,0,1,1,1,1,1,1,1
4412,tcp,,34984,0,1,1,1,1,1,1,1
4413,tcp,,59420,0,1,1,1,1,1,1,1
4414,tcp,,50960,0,1,1,1,1,1,1,1
4415,tcp,,50912,0,1,1,1,1,1,1,1
4416,tcp,,2181,0,1,1,1,1,1,1,1
4417,tcp,,8088,0,1,1,1,1,1,1,1
4418,tcp,,42773,0,1,1,1,1,1,1,1
4419,tcp,,9092,0,1,1,1,1,1,1,1
4420,tcp,,9092,0,1,1,1,1,1,1,1
4421,tcp,,50872,0,1,1,1,1,1,1,1
4422,tcp,,9092,0,1,1,1,1,1,1,1
4423,tcp,,27017,0,1,1,1,1,1,1,1
4424,tcp,,34984,0,1,1,1,1,1,1,1
4425,tcp,,9092,0,1,1,1,1,1,1,1
4426,tcp,,50960,0,1,1,1,1,1,1,1
4427,tcp,,50912,0,1,1,1,1,1,1,1
4428,tcp,,8080,0,1,1,1,1,1,1,1
4429,tcp,,42773,0,1,1,1,1,1,1,1
4430,tcp,,2181,0,1,1,1,1,1,1,1
4431,tcp,,9092,0,1,1,1,1,1,1,1
4432,tcp,,58768,0,1,1,1,1,1,1,1
4433,tcp,,45903,0,1,1,1,1,1,1,1
4434,tcp,,36276,0,1,1,1,1,1,1,1
4435,tcp,,9092,0,1,1,1,1,1,1,1
4436,tcp,,50872,0,1,1,1,1,1,1,1
4437,tcp,,34984,0,1,1,1,1,1,1,1
4438,tcp,,59420,0,1,1,1,1,1,1,1
4439,tcp,,50960,0,1,1,1,1,1,1,1
4440,tcp,,50912,0,1,1,1,1,1,1,1
4441,tcp,,8088,0,1,1,1,1,1,1,1
4442,tcp,,42773,0,1,1,1,1,1,1,1
4443,tcp,,2181,0,1,1,1,1,1,1,1
4444,tcp,,9092,0,1,1,1,1,1,1,1
4445,tcp,,50872,0,1,1,1,1,1,1,1
4446,tcp,,27017,0,1,1,1,1,1,1,1
4447,tcp,,34984,0,1,1,1,1,1,1,1
4448,tcp,,9092,0,1,1,1,1,1,1,1
4449,tcp,,59420,0,1,1,1,1,1,1,1
4450,tcp,,50960,0,1,1,1,1,1,1,1
4451,tcp,,50912,0,1,1,1,1,1,1,1
4452,tcp,,42773,0,1,1,1,1,1,1,1
4453,udp,dns,5353,0,1,1,1,1,1,1,1
4454,udp,dns,5353,0,1,1,1,1,1,1,1
4455,tcp,,58768,0,1,1,1,1,1,1,1
4456,tcp,,45903,0,1,1,1,1,1,1,1
4457,udp,,5678,0,1,1,1,1,1,1,1
4458,tcp,,9092,0,1,1,1,1,1,1,1
4459,tcp,,9997,0,1,1,1,1,1,1,1
4460,tcp,,9997,0,1,1,1,1,1,1,1
4461,tcp,,2181,0,1,1,1,1,1,1,1
4462,udp,,1900,0,1,1,1,1,1,1,1
4463,tcp,,36276,0,1,1,1,1,1,1,1
4464,tcp,,50872,0,1,1,1,1,1,1,1
4465,tcp,,9092,0,1,1,1,1,1,1,1
4466,tcp,,34984,0,1,1,1,1,1,1,1
4467,tcp,,59420,0,1,1,1,1,1,1,1
4468,tcp,,50960,0,1,1,1,1,1,1,1
4469,tcp,,50912,0,1,1,1,1,1,1,1
4470,udp,dns,53,0,1,1,1,1,1,1,0
4471,udp,dns,53,0,1,1,1,1,1,1,0
4472,udp,dns,53,0,1,1,1,1,1,1,0
4473,udp,dns,53,0,1,1,1,1,1,1,0
4474,udp,dns,53,0,1,1,1,1,1,1,0
4475,tcp,ssl,443,2880,1,1,1,1,1,1,0
4476,tcp,ssl,443,2880,1,1,1,1,1,1,0
4477,tcp,ssl,443,2880,1,1,1,1,1,1,0
4478,tcp,ssl,443,2832,1,1,1,1,1,1,0
4479,tcp,ssl,443,2833,1,1,1,1,1,1,0
4480,,,443,,1,1,1,1,1,1,1
4481,,,443,,1,1,1,1,1,1,1
4482,,,443,,1,1,1,1,1,1,1
4483,,,443,,1,1,1,1,1,1,1
4484,,,443,,1,1,1,1,1,1,1
4485,tcp,,8080,0,1,1,1,1,1,1,1
4486,tcp,,50342,0,1,1,1,1,1,1,1
4487,udp,dns,53,0,1,1,1,1,1,1,0
4488,udp,dns,53,0,1,1,1,1,1,1,0
4489,tcp,http,80,0,1,1,1,1,1,1,1
4490,tcp,http,80,0,1,1,1,1,1,1,1
4491,,,80,,0,1,1,1,1,1,0
4492,,,80,,0,1,1,1,1,1,0
4493,tcp,,42773,0,1,1,1,1,1,1,1
4494,udp,dns,53,0,1,1,1,1,1,1,0
4495,udp,dns,53,0,1,1,1,1,1,1,0
4496,tcp,ssl,443,477847,1,1,1,1,1,1,0
4497,tcp,ssl,443,2843,1,1,1,1,1,1,0
4498,,,443,,1,1,1,1,1,1,1
4499,,,443,,1,1,1,1,1,1,1
4500,tcp,,9092,0,1,1,1,1,1,1,1
4501,tcp,,50872,0,1,1,1,1,1,1,1
4502,tcp,,27017,0,1,1,1,1,1,1,1
4503,tcp,,34984,0,1,1,1,1,1,1,1
4504,tcp,,50960,0,1,1,1,1,1,1,1
4505,tcp,,50912,0,1,1,1,1,1,1,1
4506,udp,dns,53,0,1,1,1,1,1,1,0
4507,udp,dns,53,0,1,1,1,1,1,1,0
4508,tcp,ssl,443,5331,1,1,1,1,1,1,0
4509,tcp,ssl,443,2451,1,1,1,1,1,1,0
4510,tcp,,59420,0,1,1,1,1,1,1,1
4511,,,443,,1,1,1,1,1,1,1
4512,,,443,,1,1,1,1,1,1,1
4513,tcp,,9092,0,1,1,1,1,1,1,1
4514,tcp,,42773,0,1,1,1,1,1,1,1
4515,tcp,,58768,0,1,1,1,1,1,1,1
4516,tcp,,45903,0,1,1,1,1,1,1,1
4517,tcp,,2181,0,1,1,1,1,1,1,1
4518,tcp,,9092,0,1,1,1,1,1,1,1
4519,tcp,,36276,0,1,1,1,1,1,1,1
4520,tcp,,50872,0,1,1,1,1,1,1,1
4521,tcp,,34984,0,1,1,1,1,1,1,1
4522,tcp,,50960,0,1,1,1,1,1,1,1
4523,tcp,,50912,0,1,1,1,1,1,1,1
4524,tcp,,59420,0,1,1,1,1,1,1,1
4525,tcp,,42773,0,1,1,1,1,1,1,1
4526,udp,dns,5353,0,1,1,1,1,1,1,1
4527,udp,dns,5353,0,1,1,1,1,1,1,1
4528,tcp,,8088,0,1,1,1,1,1,1,1
4529,tcp,,9092,0,1,1,1,1,1,1,1
4530,tcp,,9092,0,1,1,1,1,1,1,1
4531,tcp,,9092,0,1,1,1,1,1,1,1
4532,tcp,,9092,0,1,1,1,1,1,1,1
4533,tcp,,2181,0,1,1,1,1,1,1,1
4534,tcp,,9092,0,1,1,1,1,1,1,1
4535,tcp,,50872,0,1,1,1,1,1,1,1
4536,tcp,,27017,0,1,1,1,1,1,1,1
4537,tcp,,34984,0,1,1,1,1,1,1,1
4538,tcp,,50960,0,1,1,1,1,1,1,1
4539,tcp,,50912,0,1,1,1,1,1,1,1
4540,tcp,,58768,0,1,1,1,1,1,1,1
4541,tcp,,45903,0,1,1,1,1,1,1,1
4542,tcp,,59420,0,1,1,1,1,1,1,1
4543,tcp,,8080,0,1,1,1,1,1,1,1
4544,tcp,,42773,0,1,1,1,1,1,1,1
4545,tcp,,9092,0,1,1,1,1,1,1,1
4546,udp,dns,5353,0,1,1,1,1,1,1,1
4547,udp,dns,5353,0,1,1,1,1,1,1,1
4548,tcp,,36276,0,1,1,1,1,1,1,1
4549,tcp,,2181,0,1,1,1,1,1,1,1
4550,tcp,,9092,0,1,1,1,1,1,1,1
4551,tcp,,50872,0,1,1,1,1,1,1,1
4552,tcp,,34984,0,1,1,1,1,1,1,1
4553,tcp,,50960,0,1,1,1,1,1,1,1
4554,tcp,,50912,0,1,1,1,1,1,1,1
4555,tcp,,42773,0,1,1,1,1,1,1,1
4556,tcp,,59420,0,1,1,1,1,1,1,1
4557,tcp,,8088,0,1,1,1,1,1,1,1
4558,tcp,,9092,0,1,1,1,1,1,1,1
4559,tcp,,9092,0,1,1,1,1,1,1,1
4560,tcp,,50872,0,1,1,1,1,1,1,1
4561,tcp,,58768,0,1,1,1,1,1,1,1
4562,tcp,,45903,0,1,1,1,1,1,1,1
4563,tcp,,27017,0,1,1,1,1,1,1,1
4564,tcp,,2181,0,1,1,1,1,1,1,1
4565,tcp,,34984,0,1,1,1,1,1,1,1
4566,tcp,,9092,0,1,1,1,1,1,1,1
4567,tcp,,50960,0,1,1,1,1,1,1,1
4568,tcp,,50912,0,1,1,1,1,1,1,1
4569,tcp,,8080,0,1,1,1,1,1,1,1
4570,tcp,,9092,0,1,1,1,1,1,1,1
4571,tcp,,42773,0,1,1,1,1,1,1,1
4572,tcp,,59420,0,1,1,1,1,1,1,1
4573,tcp,,8080,0,1,1,1,1,1,1,1
4574,tcp,,9997,0,1,1,1,1,1,1,1
4575,tcp,,9997,0,1,1,1,1,1,1,1
4576,tcp,,36276,0,1,1,1,1,1,1,1
4577,tcp,,50872,0,1,1,1,1,1,1,1
4578,tcp,,9092,0,1,1,1,1,1,1,1
4579,tcp,,34984,0,1,1,1,1,1,1,1
4580,tcp,,50960,0,1,1,1,1,1,1,1
4581,tcp,,50912,0,1,1,1,1,1,1,1
4582,tcp,,42773,0,1,1,1,1,1,1,1
4583,tcp,,9092,0,1,1,1,1,1,1,1
4584,tcp,,59420,0,1,1,1,1,1,1,1
4585,tcp,,8080,0,1,1,1,1,1,1,1
4586,tcp,,58768,0,1,1,1,1,1,1,1
4587,tcp,,45903,0,1,1,1,1,1,1,1
4588,tcp,,2181,0,1,1,1,1,1,1,1
4589,tcp,,50872,0,1,1,1,1,1,1,1
4590,tcp,,27017,0,1,1,1,1,1,1,1
4591,tcp,,34984,0,1,1,1,1,1,1,1
4592,tcp,,50960,0,1,1,1,1,1,1,1
4593,tcp,,50912,0,1,1,1,1,1,1,1
4594,tcp,,443,0,1,1,1,1,1,1,1
4595,tcp,ssl,443,0,1,1,1,1,1,1,1
4596,,,443,,0,1,1,1,1,1,0
4597,tcp,,9092,0,1,1,1,1,1,1,1
4598,tcp,,42773,0,1,1,1,1,1,1,1
4599,tcp,,59420,0,1,1,1,1,1,1,1
4600,tcp,,8088,0,1,1,1,1,1,1,1
4601,tcp,,9092,0,1,1,1,1,1,1,1
4602,tcp,,8080,0,1,1,1,1,1,1,1
4603,tcp,,36276,0,1,1,1,1,1,1,1
4604,tcp,,50872,0,1,1,1,1,1,1,1
4605,tcp,,34984,0,1,1,1,1,1,1,1
4606,tcp,,50960,0,1,1,1,1,1,1,1
4607,udp,dns,5353,0,1,1,1,1,1,1,1
4608,udp,dns,5353,0,1,1,1,1,1,1,1
4609,tcp,,50912,0,1,1,1,1,1,1,1
4610,tcp,,2181,0,1,1,1,1,1,1,1
4611,tcp,,8080,0,1,1,1,1,1,1,1
4612,tcp,,8080,0,1,1,1,1,1,1,1
4613,tcp,,42773,0,1,1,1,1,1,1,1
4614,tcp,,59420,0,1,1,1,1,1,1,1
4615,tcp,,9092,0,1,1,1,1,1,1,1
4616,tcp,,58768,0,1,1,1,1,1,1,1
4617,tcp,,45903,0,1,1,1,1,1,1,1
4618,tcp,,9092,0,1,1,1,1,1,1,1
4619,tcp,,50872,0,1,1,1,1,1,1,1
4620,tcp,,8080,0,1,1,1,1,1,1,1
4621,udp,dns,53,0,1,1,1,1,1,1,0
4622,udp,dns,53,0,1,1,1,1,1,1,0
4623,tcp,,9092,0,1,1,1,1,1,1,1
4624,tcp,,27017,0,1,1,1,1,1,1,1
4625,tcp,,34984,0,1,1,1,1,1,1,1
4626,udp,dns,53,0,1,1,1,1,1,1,0
4627,udp,quic,443,0,1,1,1,1,1,1,1
4628,,,443,,1,1,1,1,1,1,1
4629,tcp,,50960,0,1,1,1,1,1,1,1
4630,tcp,,50912,0,1,1,1,1,1,1,1
4631,tcp,,42773,0,1,1,1,1,1,1,1
4632,tcp,,59420,0,1,1,1,1,1,1,1
4633,tcp,,2181,0,1,1,1,1,1,1,1
4634,tcp,,8088,0,1,1,1,1,1,1,1
4635,tcp,,9092,0,1,1,1,1,1,1,1
4636,tcp,,36276,0,1,1,1,1,1,1,1
4637,tcp,,9092,0,1,1,1,1,1,1,1
4638,tcp,,8080,0,1,1,1,1,1,1,1
4639,tcp,,50872,0,1,1,1,1,1,1,1
4640,tcp,,34984,0,1,1,1,1,1,1,1
4641,tcp,,50960,0,1,1,1,1,1,1,1
4642,tcp,,50912,0,1,1,1,1,1,1,1
4643,tcp,,42773,0,1,1,1,1,1,1,1
4644,tcp,,59420,0,1,1,1,1,1,1,1
4645,tcp,,58768,0,1,1,1,1,1,1,1
4646,tcp,,45903,0,1,1,1,1,1,1,1
4647,tcp,,2181,0,1,1,1,1,1,1,1
4648,tcp,,9092,0,1,1,1,1,1,1,1
4649,tcp,,8080,0,1,1,1,1,1,1,1
4650,tcp,,50872,0,1,1,1,1,1,1,1
4651,tcp,,27017,0,1,1,1,1,1,1,1
4652,tcp,,34984,0,1,1,1,1,1,1,1
4653,tcp,,9092,0,1,1,1,1,1,1,1
4654,tcp,,50960,0,1,1,1,1,1,1,1
4655,tcp,,50912,0,1,1,1,1,1,1,1
4656,tcp,,42773,0,1,1,1,1,1,1,1
4657,tcp,,59420,0,1,1,1,1,1,1,1
4658,tcp,,8080,0,1,1,1,1,1,1,1
4659,tcp,,8080,0,1,1,1,1,1,1,1
4660,tcp,,50342,0,1,1,1,1,1,1,1
4661,tcp,,57582,0,1,1,1,1,1,1,1
4662,udp,,5678,0,1,1,1,1,1,1,1
4663,udp,,5678,0,1,1,1,1,1,1,1
4664,tcp,,9092,0,1,1,1,1,1,1,1
4665,tcp,,9997,0,1,1,1,1,1,1,1
4666,tcp,,9997,0,1,1,1,1,1,1,1
4667,tcp,,2181,0,1,1,1,1,1,1,1
4668,udp,,1900,0,1,1,1,1,1,1,1
4669,tcp,,36276,0,1,1,1,1,1,1,1
4670,tcp,,8080,0,1,1,1,1,1,1,1
4671,tcp,,9092,0,1,1,1,1,1,1,1
4672,tcp,,50872,0,1,1,1,1,1,1,1
4673,tcp,,34984,0,1,1,1,1,1,1,1
4674,tcp,,50960,0,1,1,1,1,1,1,1
4675,tcp,,50912,0,1,1,1,1,1,1,1
4676,tcp,,58768,0,1,1,1,1,1,1,1
4677,tcp,,45903,0,1,1,1,1,1,1,1
4678,tcp,,9092,0,1,1,1,1,1,1,1
4679,tcp,,42773,0,1,1,1,1,1,1,1
4680,tcp,,59420,0,1,1,1,1,1,1,1
4681,udp,dns,5353,0,1,1,1,1,1,1,1
4682,udp,dns,5353,0,1,1,1,1,1,1,1
4683,tcp,,2181,0,1,1,1,1,1,1,1
4684,tcp,,8080,0,1,1,1,1,1,1,1
4685,tcp,,50872,0,1,1,1,1,1,1,1
4686,tcp,,27017,0,1,1,1,1,1,1,1
4687,tcp,,34984,0,1,1,1,1,1,1,1
4688,tcp,,50960,0,1,1,1,1,1,1,1
4689,tcp,,50912,0,1,1,1,1,1,1,1
4690,tcp,,9092,0,1,1,1,1,1,1,1
4691,tcp,,42773,0,1,1,1,1,1,1,1
4692,tcp,,59420,0,1,1,1,1,1,1,1
4693,tcp,,9092,0,1,1,1,1,1,1,1
4694,tcp,,8088,0,1,1,1,1,1,1,1
4695,tcp,,8088,0,1,1,1,1,1,1,1
4696,icmp,,0,0,1,1,1,1,1,1,1
4697,udp,dhcp,67,0,1,1,1,1,1,1,0
4698,unknown_transport,,0,0,1,1,1,1,1,1,0
4699,icmp,,0,0,1,1,1,1,1,1,1
4700,tcp,,36276,0,1,1,1,1,1,1,1
4701,tcp,,58768,0,1,1,1,1,1,1,1
4702,tcp,,45903,0,1,1,1,1,1,1,1
4703,tcp,,50872,0,1,1,1,1,1,1,1
4704,tcp,,34984,0,1,1,1,1,1,1,1
4705,tcp,,2181,0,1,1,1,1,1,1,1
4706,tcp,,50960,0,1,1,1,1,1,1,1
4707,tcp,,50912,0,1,1,1,1,1,1,1
4708,tcp,,8080,0,1,1,1,1,1,1,1
4709,udp,dns,5353,0,1,1,1,1,1,1,1
4710,udp,dns,5353,0,1,1,1,1,1,1,1
4711,tcp,,42773,0,1,1,1,1,1,1,1
4712,tcp,,59420,0,1,1,1,1,1,1,1
4713,tcp,,8080,0,1,1,1,1,1,1,1
4714,tcp,,8080,0,1,1,1,1,1,1,1
4715,tcp,,9092,0,1,1,1,1,1,1,1
4716,icmp,,134,0,1,1,1,1,1,1,1
4717,tcp,,9092,0,1,1,1,1,1,1,1
4718,tcp,,27017,0,1,1,1,1,1,1,1
4719,tcp,,50872,0,1,1,1,1,1,1,1
4720,tcp,,34984,0,1,1,1,1,1,1,1
4721,tcp,,50960,0,1,1,1,1,1,1,1
4722,tcp,,50912,0,1,1,1,1,1,1,1
4723,tcp,,42773,0,1,1,1,1,1,1,1
4724,tcp,,2181,0,1,1,1,1,1,1,1
4725,tcp,,59420,0,1,1,1,1,1,1,1
4726,tcp,,8080,0,1,1,1,1,1,1,1
4727,tcp,,8088,0,1,1,1,1,1,1,1
4728,tcp,,8088,0,1,1,1,1,1,1,1
4729,tcp,,9092,0,1,1,1,1,1,1,1
4730,tcp,,58768,0,1,1,1,1,1,1,1
4731,tcp,,45903,0,1,1,1,1,1,1,1
4732,tcp,,36276,0,1,1,1,1,1,1,1
4733,tcp,,9092,0,1,1,1,1,1,1,1
4734,tcp,,50872,0,1,1,1,1,1,1,1
4735,tcp,,34984,0,1,1,1,1,1,1,1
4736,tcp,,50960,0,1,1,1,1,1,1,1
4737,tcp,,50912,0,1,1,1,1,1,1,1
4738,tcp,,42773,0,1,1,1,1,1,1,1
4739,tcp,,59420,0,1,1,1,1,1,1,1
4740,tcp,,8080,0,1,1,1,1,1,1,1
4741,tcp,,2181,0,1,1,1,1,1,1,1
4742,tcp,,9092,0,1,1,1,1,1,1,1
4743,udp,dns,5353,0,1,1,1,1,1,1,1
4744,tcp,,27017,0,1,1,1,1,1,1,1
4745,tcp,,50872,0,1,1,1,1,1,1,1
4746,tcp,,9092,0,1,1,1,1,1,1,1
4747,tcp,,34984,0,1,1,1,1,1,1,1
4748,udp,dns,5353,0,1,1,1,1,1,1,1
4749,tcp,,50960,0,1,1,1,1,1,1,1
4750,tcp,,50912,0,1,1,1,1,1,1,1
4751,tcp,,42773,0,1,1,1,1,1,1,1
4752,tcp,,59420,0,1,1,1,1,1,1,1
4753,tcp,,8080,0,1,1,1,1,1,1,1
4754,tcp,,8080,0,1,1,1,1,1,1,1
4755,tcp,,8080,0,1,1,1,1,1,1,1
4756,tcp,,57582,0,1,1,1,1,1,1,1
4757,tcp,,50342,0,1,1,1,1,1,1,1
4758,tcp,,58768,0,1,1,1,1,1,1,1
4759,tcp,,45903,0,1,1,1,1,1,1,1
4760,tcp,,9092,0,1,1,1,1,1,1,1
4761,tcp,,9997,0,1,1,1,1,1,1,1
4762,tcp,,9997,0,1,1,1,1,1,1,1
4763,tcp,,2181,0,1,1,1,1,1,1,1
4764,tcp,,36276,0,1,1,1,1,1,1,1
4765,tcp,,9092,0,1,1,1,1,1,1,1
4766,tcp,,50872,0,1,1,1,1,1,1,1
4767,tcp,,34984,0,1,1,1,1,1,1,1
4768,tcp,,50960,0,1,1,1,1,1,1,1
4769,tcp,,50912,0,1,1,1,1,1,1,1
4770,tcp,,9092,0,1,1,1,1,1,1,1
4771,tcp,,42773,0,1,1,1,1,1,1,1
4772,tcp,,59420,0,1,1,1,1,1,1,1
4773,tcp,,8080,0,1,1,1,1,1,1,1
4774,tcp,,2181,0,1,1,1,1,1,1,1
4775,tcp,,27017,0,1,1,1,1,1,1,1
4776,tcp,,50872,0,1,1,1,1,1,1,1
4777,tcp,,34984,0,1,1,1,1,1,1,1
4778,tcp,,50960,0,1,1,1,1,1,1,1
4779,tcp,,50912,0,1,1,1,1,1,1,1
4780,tcp,,9092,0,1,1,1,1,1,1,1
4781,tcp,,42773,0,1,1,1,1,1,1,1
4782,tcp,,58768,0,1,1,1,1,1,1,1
4783,tcp,,45903,0,1,1,1,1,1,1,1
4784,tcp,,59420,0,1,1,1,1,1,1,1
4785,tcp,,8080,0,1,1,1,1,1,1,1
4786,tcp,,9092,0,1,1,1,1,1,1,1
4787,tcp,,8088,0,1,1,1,1,1,1,1
4788,tcp,,8088,0,1,1,1,1,1,1,1
4789,tcp,,36276,0,1,1,1,1,1,1,1
4790,tcp,,50872,0,1,1,1,1,1,1,1
4791,udp,dns,53,0,1,1,1,1,1,1,0
4792,udp,quic,443,0,1,1,1,1,1,1,1
4793,tcp,,34984,0,1,1,1,1,1,1,1
4794,tcp,,2181,0,1,1,1,1,1,1,1
4795,tcp,,50960,0,1,1,1,1,1,1,1
4796,tcp,,50912,0,1,1,1,1,1,1,1
4797,udp,dns,53,0,1,1,1,1,1,1,0
4798,tcp,,42773,0,1,1,1,1,1,1,1
4799,udp,quic,443,0,1,1,1,1,1,1,1
4800,tcp,,59420,0,1,1,1,1,1,1,1
4801,tcp,,8080,0,1,1,1,1,1,1,1
4802,tcp,,9092,0,1,1,1,1,1,1,1
4803,tcp,,8080,0,1,1,1,1,1,1,1
4804,tcp,,8080,0,1,1,1,1,1,1,1
4805,tcp,,9092,0,1,1,1,1,1,1,1
4806,udp,dns,53,0,1,1,1,1,1,1,0
4807,udp,dns,53,0,1,1,1,1,1,1,0
4808,udp,quic,443,0,1,1,1,1,1,1,1
4809,udp,dns,53,0,1,1,1,1,1,1,0
4810,tcp,ssl,443,0,1,1,1,1,1,1,1
4811,,,443,,0,1,1,1,1,1,0
4812,tcp,,9092,0,1,1,1,1,1,1,1
4813,tcp,,27017,0,1,1,1,1,1,1,1
4814,tcp,,34984,0,1,1,1,1,1,1,1
4815,tcp,,50872,0,1,1,1,1,1,1,1
4816,udp,dns,53,0,1,1,1,1,1,1,0
4817,tcp,,58768,0,1,1,1,1,1,1,1
4818,tcp,,45903,0,1,1,1,1,1,1,1
4819,tcp,,50960,0,1,1,1,1,1,1,1
4820,tcp,,50912,0,1,1,1,1,1,1,1
4821,udp,dns,53,0,1,1,1,1,1,1,0
4822,udp,quic,443,0,1,1,1,1,1,1,1
4823,,,443,,1,1,1,1,1,1,1
4824,tcp,,42773,0,1,1,1,1,1,1,1
4825,udp,dns,5353,0,1,1,1,1,1,1,1
4826,udp,dns,5353,0,1,1,1,1,1,1,1
4827,tcp,,2181,0,1,1,1,1,1,1,1
4828,tcp,,9092,0,1,1,1,1,1,1,1
4829,tcp,,59420,0,1,1,1,1,1,1,1
4830,tcp,,8080,0,1,1,1,1,1,1,1
4831,tcp,,9092,0,1,1,1,1,1,1,1
4832,tcp,,8088,0,1,1,1,1,1,1,1
4833,tcp,,8088,0,1,1,1,1,1,1,1
4834,tcp,,36276,0,1,1,1,1,1,1,1
4835,tcp,,9092,0,1,1,1,1,1,1,1
4836,tcp,,34984,0,1,1,1,1,1,1,1
4837,tcp,,50872,0,1,1,1,1,1,1,1
4838,tcp,,50960,0,1,1,1,1,1,1,1
4839,tcp,,50912,0,1,1,1,1,1,1,1
4840,tcp,,42773,0,1,1,1,1,1,1,1
4841,tcp,,9092,0,1,1,1,1,1,1,1
4842,tcp,,59420,0,1,1,1,1,1,1,1
4843,tcp,,8080,0,1,1,1,1,1,1,1
4844,tcp,,2181,0,1,1,1,1,1,1,1
4845,udp,dns,5353,0,1,1,1,1,1,1,1
4846,udp,dns,5353,0,1,1,1,1,1,1,1
4847,tcp,,9092,0,1,1,1,1,1,1,1
4848,udp,dns,53,0,1,1,1,1,1,1,0
4849,tcp,,58768,0,1,1,1,1,1,1,1
4850,tcp,,45903,0,1,1,1,1,1,1,1
4851,udp,quic,443,0,1,1,1,1,1,1,1
4852,tcp,,27017,0,1,1,1,1,1,1,1
4853,tcp,,9092,0,1,1,1,1,1,1,1
4854,tcp,,34984,0,1,1,1,1,1,1,1
4855,tcp,,50872,0,1,1,1,1,1,1,1
4856,tcp,,50960,0,1,1,1,1,1,1,1
4857,tcp,,50912,0,1,1,1,1,1,1,1
4858,tcp,,42773,0,1,1,1,1,1,1,1
4859,tcp,,9092,0,1,1,1,1,1,1,1
4860,tcp,,59420,0,1,1,1,1,1,1,1
4861,tcp,,8080,0,1,1,1,1,1,1,1
4862,tcp,,50342,0,1,1,1,1,1,1,1
4863,tcp,,57582,0,1,1,1,1,1,1,1
4864,tcp,,8080,0,1,1,1,1,1,1,1
4865,tcp,,8080,0,1,1,1,1,1,1,1
4866,tcp,,9092,0,1,1,1,1,1,1,1
4867,tcp,,9997,0,1,1,1,1,1,1,1
4868,tcp,,9997,0,1,1,1,1,1,1,1
4869,tcp,,2181,0,1,1,1,1,1,1,1
4870,tcp,,36276,0,1,1,1,1,1,1,1
4871,tcp,,9092,0,1,1,1,1,1,1,1
4872,tcp,,34984,0,1,1,1,1,1,1,1
4873,tcp,,50872,0,1,1,1,1,1,1,1
4874,tcp,,50960,0,1,1,1,1,1,1,1
4875,tcp,,50912,0,1,1,1,1,1,1,1
4876,tcp,,9092,0,1,1,1,1,1,1,1
4877,tcp,,42773,0,1,1,1,1,1,1,1
4878,tcp,,59420,0,1,1,1,1,1,1,1
4879,tcp,,8080,0,1,1,1,1,1,1,1
4880,udp,dns,53,0,1,1,1,1,1,1,0
4881,tcp,,9092,0,1,1,1,1,1,1,1
4882,icmp,,134,0,1,1,1,1,1,1,1
4883,tcp,,58768,0,1,1,1,1,1,1,1
4884,tcp,,45903,0,1,1,1,1,1,1,1
4885,udp,dns,53,0,1,1,1,1,1,1,0
4886,tcp,,2181,0,1,1,1,1,1,1,1
4887,tcp,,27017,0,1,1,1,1,1,1,1
4888,tcp,,34984,0,1,1,1,1,1,1,1
4889,tcp,,50872,0,1,1,1,1,1,1,1
4890,tcp,,50960,0,1,1,1,1,1,1,1
4891,tcp,,50912,0,1,1,1,1,1,1,1
4892,tcp,,9092,0,1,1,1,1,1,1,1
4893,icmp,,0,0,1,1,1,1,1,1,1
4894,udp,dhcp,67,0,1,1,1,1,1,1,0
4895,tcp,,42773,0,1,1,1,1,1,1,1
4896,icmp,,3,0,1,1,1,1,1,1,1
4897,tcp,,9092,0,1,1,1,1,1,1,1
4898,tcp,,59420,0,1,1,1,1,1,1,1
4899,tcp,,9092,0,1,1,1,1,1,1,1
4900,tcp,,8080,0,1,1,1,1,1,1,1
4901,udp,dns,5353,0,1,1,1,1,1,1,1
4902,udp,dns,5353,0,1,1,1,1,1,1,1
4903,tcp,,8088,0,1,1,1,1,1,1,1
4904,tcp,,8088,0,1,1,1,1,1,1,1
4905,tcp,,36276,0,1,1,1,1,1,1,1
4906,udp,quic,443,0,1,1,1,1,1,1,1
4907,tcp,ssl,443,0,1,1,1,1,1,1,1
4908,,,443,,0,1,1,1,1,1,0
4909,tcp,,34984,0,1,1,1,1,1,1,1
4910,tcp,,50872,0,1,1,1,1,1,1,1
4911,tcp,,2181,0,1,1,1,1,1,1,1
4912,tcp,,50960,0,1,1,1,1,1,1,1
4913,tcp,,50912,0,1,1,1,1,1,1,1
4914,tcp,,42773,0,1,1,1,1,1,1,1
4915,tcp,,9092,0,1,1,1,1,1,1,1
4916,udp,dns,53,0,1,1,1,1,1,1,0
4917,tcp,,59420,0,1,1,1,1,1,1,1
4918,tcp,ssl,443,0,1,1,1,1,1,1,1
4919,,,443,,0,1,0,1,1,1,0
4920,tcp,,58768,0,1,1,1,1,1,1,1
4921,tcp,,45903,0,1,1,1,1,1,1,1
4922,tcp,,9092,0,1,1,1,1,1,1,1
4923,tcp,,8080,0,1,1,1,1,1,1,1
4924,tcp,,9092,0,1,1,1,1,1,1,1
4925,tcp,,8080,0,1,1,1,1,1,1,1
4926,tcp,,8080,0,1,1,1,1,1,1,1
4927,tcp,,27017,0,1,1,1,1,1,1,1
4928,tcp,,34984,0,1,1,1,1,1,1,1
4929,tcp,,50872,0,1,1,1,1,1,1,1
4930,tcp,,50960,0,1,1,1,1,1,1,1
4931,tcp,,50912,0,1,1,1,1,1,1,1
4932,tcp,,42773,0,1,1,1,1,1,1,1
4933,tcp,,2181,0,1,1,1,1,1,1,1
4934,tcp,,59420,0,1,1,1,1,1,1,1
4935,tcp,,9092,0,1,1,1,1,1,1,1
4936,tcp,,8080,0,1,1,1,1,1,1,1
4937,tcp,,9092,0,1,1,1,1,1,1,1
4938,tcp,,8088,0,1,1,1,1,1,1,1
4939,tcp,,8088,0,1,1,1,1,1,1,1
4940,tcp,,36276,0,1,1,1,1,1,1,1
4941,tcp,,9092,0,1,1,1,1,1,1,1
4942,udp,dns,5353,0,1,1,1,1,1,1,1
4943,udp,dns,5353,0,1,1,1,1,1,1,1
4944,tcp,,34984,0,1,1,1,1,1,1,1
4945,tcp,,50872,0,1,1,1,1,1,1,1
4946,tcp,,50960,0,1,1,1,1,1,1,1
4947,tcp,,50912,0,1,1,1,1,1,1,1
4948,tcp,,8080,0,1,1,1,1,1,1,1
4949,tcp,,8080,0,1,1,1,1,1,1,1
4950,tcp,,42773,0,1,1,1,1,1,1,1
4951,tcp,,58768,0,1,1,1,1,1,1,1
4952,tcp,,45903,0,1,1,1,1,1,1,1
4953,tcp,,59420,0,1,1,1,1,1,1,1
4954,tcp,,2181,0,1,1,1,1,1,1,1
4955,tcp,,9092,0,1,1,1,1,1,1,1
4956,tcp,,8080,0,1,1,1,1,1,1,1
4957,tcp,,9092,0,1,1,1,1,1,1,1
4958,tcp,,27017,0,1,1,1,1,1,1,1
4959,tcp,,9092,0,1,1,1,1,1,1,1
4960,tcp,,34984,0,1,1,1,1,1,1,1
4961,tcp,,50872,0,1,1,1,1,1,1,1
4962,udp,quic,443,0,1,1,1,1,1,1,1
4963,,,443,,1,1,1,1,1,1,1
4964,tcp,ssl,443,0,1,1,1,1,1,1,1
4965,tcp,ssl,443,0,1,1,1,1,1,1,1
4966,tcp,,50960,0,1,1,1,1,1,1,1
4967,,,443,,0,1,1,1,1,1,0
4968,,,443,,0,1,1,1,1,1,0
4969,tcp,,50912,0,1,1,1,1,1,1,1
4970,tcp,,42773,0,1,1,1,1,1,1,1
4971,tcp,,9092,0,1,1,1,1,1,1,1
4972,tcp,,59420,0,1,1,1,1,1,1,1
4973,tcp,,8080,0,1,1,1,1,1,1,1
4974,tcp,,9092,0,1,1,1,1,1,1,1
4975,tcp,,9997,0,1,1,1,1,1,1,1
4976,tcp,,9997,0,1,1,1,1,1,1,1
4977,tcp,,2181,0,1,1,1,1,1,1,1
4978,tcp,,36276,0,1,1,1,1,1,1,1
4979,tcp,,9092,0,1,1,1,1,1,1,1
4980,tcp,,34984,0,1,1,1,1,1,1,1
4981,tcp,,50872,0,1,1,1,1,1,1,1
4982,udp,dns,5353,0,1,1,1,1,1,1,1
4983,udp,dns,5353,0,1,1,1,1,1,1,1
4984,tcp,,58768,0,1,1,1,1,1,1,1
4985,tcp,,45903,0,1,1,1,1,1,1,1
4986,tcp,,50960,0,1,1,1,1,1,1,1
4987,tcp,,50912,0,1,1,1,1,1,1,1
4988,tcp,,9092,0,1,1,1,1,1,1,1
4989,tcp,,42773,0,1,1,1,1,1,1,1
4990,tcp,,9092,0,1,1,1,1,1,1,1
4991,tcp,,59420,0,1,1,1,1,1,1,1
4992,tcp,,8080,0,1,1,1,1,1,1,1
4993,tcp,,2181,0,1,1,1,1,1,1,1
4994,tcp,,27017,0,1,1,1,1,1,1,1
4995,tcp,,34984,0,1,1,1,1,1,1,1
4996,tcp,,50872,0,1,1,1,1,1,1,1
4997,tcp,,50960,0,1,1,1,1,1,1,1
4998,tcp,,50912,0,1,1,1,1,1,1,1
4999,tcp,,9092,0,1,1,1,1,1,1,1
5000,tcp,,42773,0,1,1,1,1,1,1,1
5001,tcp,,9092,0,1,1,1,1,1,1,1
5002,udp,quic,443,0,1,1,1,1,1,1,1
5003,tcp,,9092,0,1,1,1,1,1,1,1
5004,tcp,,59420,0,1,1,1,1,1,1,1
5005,tcp,,8080,0,1,1,1,1,1,1,1
5006,tcp,,36276,0,1,1,1,1,1,1,1
5007,tcp,,58768,0,1,1,1,1,1,1,1
5008,tcp,,45903,0,1,1,1,1,1,1,1
5009,tcp,,34984,0,1,1,1,1,1,1,1
5010,tcp,,2181,0,1,1,1,1,1,1,1
5011,tcp,,50872,0,1,1,1,1,1,1,1
5012,tcp,,50960,0,1,1,1,1,1,1,1
5013,tcp,,50912,0,1,1,1,1,1,1,1
5014,tcp,,42773,0,1,1,1,1,1,1,1
5015,tcp,,9092,0,1,1,1,1,1,1,1
5016,tcp,,9092,0,1,1,1,1,1,1,1
5017,tcp,,59420,0,1,1,1,1,1,1,1
5018,tcp,,8080,0,1,1,1,1,1,1,1
5019,tcp,,9092,0,1,1,1,1,1,1,1
5020,tcp,,9092,0,1,1,1,1,1,1,1
5021,tcp,,27017,0,1,1,1,1,1,1,1
5022,tcp,,34984,0,1,1,1,1,1,1,1
5023,tcp,,50960,0,1,1,1,1,1,1,1
5024,tcp,,50912,0,1,1,1,1,1,1,1
5025,tcp,,50872,0,1,1,1,1,1,1,1
5026,tcp,,2181,0,1,1,1,1,1,1,1
5027,tcp,,42773,0,1,1,1,1,1,1,1
5028,tcp,,9092,0,1,1,1,1,1,1,1
5029,tcp,,59420,0,1,1,1,1,1,1,1
5030,tcp,,8080,0,1,1,1,1,1,1,1
5031,tcp,,9092,0,1,1,1,1,1,1,1
5032,icmp,,134,0,1,1,1,1,1,1,1
5033,udp,dns,53,0,1,1,1,1,1,1,0
5034,udp,dns,53,0,1,1,1,1,1,1,0
5035,udp,dns,53,0,1,1,1,1,1,1,0
5036,udp,dns,53,0,1,1,1,1,1,1,0
5037,udp,dns,53,0,1,1,1,1,1,1,0
5038,udp,dns,53,0,1,1,1,1,1,1,0
5039,udp,dns,53,0,1,1,1,1,1,1,0
5040,udp,dns,53,0,1,1,1,1,1,1,0
5041,udp,dns,53,0,1,1,1,1,1,1,0
5042,udp,dns,53,0,1,1,1,1,1,1,0
5043,udp,dns,53,0,1,1,1,1,1,1,0
5044,tcp,,58768,0,1,1,1,1,1,1,1
5045,tcp,,45903,0,1,1,1,1,1,1,1
5046,udp,quic,443,0,1,1,1,1,1,1,1
5047,udp,quic,443,0,1,1,1,1,1,1,1
5048,,,443,,1,1,1,1,1,1,1
5049,udp,quic,443,0,1,1,1,1,1,1,1
5050,,,443,,1,1,1,1,1,1,1
5051,udp,dns,53,0,1,1,1,1,1,1,0
5052,udp,quic,443,0,1,1,1,1,1,1,1
5053,,,443,,1,1,1,1,1,1,1
5054,tcp,ssl,443,0,1,1,1,1,1,1,1
5055,,,443,,0,1,1,1,1,1,0
5056,udp,dns,53,0,1,1,1,1,1,1,0
5057,udp,dns,53,0,1,1,1,1,1,1,0
5058,udp,dns,53,0,1,1,1,1,1,1,0
5059,tcp,ssl,443,0,1,1,1,1,1,1,1
5060,tcp,http,80,0,1,1,1,1,1,1,1
5061,tcp,,36276,0,1,1,1,1,1,1,1
5062,,,443,,0,1,1,1,1,1,0
5063,,,80,,0,1,1,1,1,1,0
5064,tcp,ssl,443,2622,1,1,1,1,1,1,0
5065,tcp,,9092,0,1,1,1,1,1,1,1
5066,,,443,,0,1,0,1,1,1,0
5067,tcp,,34984,0,1,1,1,1,1,1,1
5068,tcp,,50960,0,1,1,1,1,1,1,1
5069,tcp,,50912,0,1,1,1,1,1,1,1
5070,tcp,,50872,0,1,1,1,1,1,1,1
5071,tcp,,42773,0,1,1,1,1,1,1,1
5072,udp,dns,53,0,1,1,1,1,1,1,0
5073,tcp,ssl,443,0,1,1,1,1,1,1,1
5074,,,443,,0,1,0,1,1,1,0
5075,tcp,ssl,443,0,1,1,1,1,1,1,1
5076,,,443,,0,1,0,1,1,1,0
5077,tcp,,2181,0,1,1,1,1,1,1,1
5078,udp,dns,5353,0,1,1,1,1,1,1,1
5079,udp,dns,5353,0,1,1,1,1,1,1,1
5080,udp,dns,53,0,1,1,1,1,1,1,0
5081,udp,dns,53,0,1,1,1,1,1,1,0
5082,udp,dns,53,0,1,1,1,1,1,1,0
5083,icmp,,3,0,1,1,1,1,1,1,1
5084,udp,quic,443,0,1,1,1,1,1,1,1
5085,,,443,,1,1,1,1,1,1,1
5086,tcp,ssl,443,0,1,1,1,1,1,1,1
5087,tcp,,9092,0,1,1,1,1,1,1,1
5088,tcp,,59420,0,1,1,1,1,1,1,1
5089,tcp,,8080,0,1,1,1,1,1,1,1
5090,,,443,,0,1,1,1,1,1,0
5091,udp,quic,443,0,1,1,1,1,1,1,1
5092,,,443,,1,1,1,1,1,1,1
5093,udp,dns,53,0,1,1,1,1,1,1,0
5094,udp,dns,53,0,1,1,1,1,1,1,0
5095,udp,dns,53,0,1,1,1,1,1,1,0
5096,tcp,ssl,443,0,1,1,1,1,1,1,1
5097,,,443,,0,1,1,1,1,1,0
5098,tcp,ssl,443,0,1,1,1,1,1,1,1
5099,tcp,,9092,0,1,1,1,1,1,1,1
5100,,,443,,0,1,0,1,1,1,0
5101,udp,dtls,50008,0,1,1,1,1,1,1,1
5102,,,50008,,0,1,0,1,1,1,0
5103,udp,quic,443,0,1,1,1,1,1,1,1
5104,,,443,,1,1,1,1,1,1,1
5105,tcp,ssl,443,0,1,1,1,1,1,1,1
5106,tcp,ssl,443,0,1,1,1,1,1,1,1
5107,tcp,ssl,443,0,1,1,1,1,1,1,1
5108,,,443,,0,1,1,1,1,1,0
5109,,,443,,0,1,1,1,1,1,0
5110,,,443,,0,1,1,1,1,1,0
5111,tcp,,27017,0,1,1,1,1,1,1,1
5112,tcp,,57574,0,1,1,1,1,1,1,1
5113,tcp,,9092,0,1,1,1,1,1,1,1
5114,tcp,,34984,0,1,1,1,1,1,1,1
5115,tcp,,50960,0,1,1,1,1,1,1,1
5116,tcp,,50912,0,1,1,1,1,1,1,1
5117,tcp,,50872,0,1,1,1,1,1,1,1
5118,tcp,,42773,0,1,1,1,1,1,1,1
5119,tcp,,58768,0,1,1,1,1,1,1,1
5120,tcp,,45903,0,1,1,1,1,1,1,1
5121,tcp,,9092,0,1,1,1,1,1,1,1
5122,tcp,,59420,0,1,1,1,1,1,1,1
5123,tcp,,8080,0,1,1,1,1,1,1,1
5124,udp,,5678,0,1,1,1,1,1,1,1
5125,udp,,5678,0,1,1,1,1,1,1,1
5126,tcp,,9092,0,1,1,1,1,1,1,1
5127,tcp,,9997,0,1,1,1,1,1,1,1
5128,tcp,,9997,0,1,1,1,1,1,1,1
5129,tcp,,2181,0,1,1,1,1,1,1,1
5130,udp,,1900,0,1,1,1,1,1,1,1
5131,tcp,,36276,0,1,1,1,1,1,1,1
5132,udp,dns,53,0,1,1,1,1,1,1,0
5133,udp,dns,53,0,1,1,1,1,1,1,0
5134,udp,dns,53,0,1,1,1,1,1,1,0
5135,tcp,ssl,443,0,1,1,1,1,1,1,1
5136,tcp,,9092,0,1,1,1,1,1,1,1
5137,,,443,,0,1,1,1,1,1,0
5138,tcp,,57574,0,1,1,1,1,1,1,1
5139,tcp,,34984,0,1,1,1,1,1,1,1
5140,udp,dtls,50003,0,1,1,1,1,1,1,1
5141,udp,,50003,0,1,1,1,1,1,1,1
5142,udp,,50003,0,1,1,1,1,1,1,1
5143,udp,,50003,0,1,1,1,1,1,1,1
5144,tcp,,50960,0,1,1,1,1,1,1,1
5145,tcp,,50912,0,1,1,1,1,1,1,1
5146,,,50003,,0,1,0,1,1,1,0
5147,tcp,,50872,0,1,1,1,1,1,1,1
5148,tcp,,9092,0,1,1,1,1,1,1,1
5149,tcp,,42773,0,1,1,1,1,1,1,1
5150,tcp,,9092,0,1,1,1,1,1,1,1
5151,tcp,,59420,0,1,1,1,1,1,1,1
5152,tcp,,8080,0,1,1,1,1,1,1,1
5153,tcp,,2181,0,1,1,1,1,1,1,1
5154,tcp,,27017,0,1,1,1,1,1,1,1
5155,tcp,,34984,0,1,1,1,1,1,1,1
5156,tcp,,50960,0,1,1,1,1,1,1,1
5157,tcp,,50912,0,1,1,1,1,1,1,1
5158,tcp,,9092,0,1,1,1,1,1,1,1
5159,tcp,,50872,0,1,1,1,1,1,1,1
5160,tcp,,57574,0,1,1,1,1,1,1,1
5161,tcp,,58768,0,1,1,1,1,1,1,1
5162,tcp,,45903,0,1,1,1,1,1,1,1
5163,tcp,,42773,0,1,1,1,1,1,1,1
5164,tcp,,9092,0,1,1,1,1,1,1,1
5165,tcp,,9092,0,1,1,1,1,1,1,1
5166,tcp,,59420,0,1,1,1,1,1,1,1
5167,tcp,,8080,0,1,1,1,1,1,1,1
5168,tcp,,36276,0,1,1,1,1,1,1,1
5169,tcp,,2181,0,1,1,1,1,1,1,1
5170,tcp,,34984,0,1,1,1,1,1,1,1
5171,tcp,,50960,0,1,1,1,1,1,1,1
5172,tcp,,50912,0,1,1,1,1,1,1,1
5173,tcp,,50872,0,1,1,1,1,1,1,1
5174,tcp,,57574,0,1,1,1,1,1,1,1
5175,tcp,,42773,0,1,1,1,1,1,1,1
5176,tcp,,9092,0,1,1,1,1,1,1,1
5177,tcp,,9092,0,1,1,1,1,1,1,1
5178,tcp,,59420,0,1,1,1,1,1,1,1
5179,tcp,,8080,0,1,1,1,1,1,1,1
5180,tcp,,9092,0,1,1,1,1,1,1,1
5181,tcp,,27017,0,1,1,1,1,1,1,1
5182,udp,dns,53,0,1,1,1,1,1,1,0
5183,udp,dns,53,0,1,1,1,1,1,1,0
5184,udp,dns,53,0,1,1,1,1,1,1,0
5185,udp,dns,53,0,1,1,1,1,1,1,0
5186,udp,dns,53,0,1,1,1,1,1,1,0
5187,udp,dns,53,0,1,1,1,1,1,1,0
5188,udp,dns,53,0,1,1,1,1,1,1,0
5189,tcp,http,80,0,1,1,1,1,1,1,1
5190,tcp,http,80,0,1,1,1,1,1,1,1
5191,,,80,,0,1,1,1,1,1,0
5192,,,80,,0,1,1,1,1,1,0
5193,udp,dns,53,0,1,1,1,1,1,1,0
5194,udp,dns,53,0,1,1,1,1,1,1,0
5195,udp,dns,53,0,1,1,1,1,1,1,0
5196,udp,dns,53,0,1,1,1,1,1,1,0
5197,,,80,,0,1,1,1,1,1,0
5198,udp,dns,53,0,1,1,1,1,1,1,0
5199,udp,dns,53,0,1,1,1,1,1,1,0
5200,tcp,ssl,443,0,1,1,1,1,1,1,1
5201,udp,dns,53,0,1,1,1,1,1,1,0
5202,tcp,,34984,0,1,1,1,1,1,1,1
5203,tcp,,58768,0,1,1,1,1,1,1,1
5204,tcp,,45903,0,1,1,1,1,1,1,1
5205,,,443,,0,1,1,1,1,1,0
5206,tcp,http,80,0,1,1,1,1,1,1,1
5207,udp,dns,53,0,1,1,1,1,1,1,0
5208,tcp,ssl,443,0,1,1,1,1,1,1,1
5209,tcp,,50960,0,1,1,1,1,1,1,1
5210,udp,dns,53,0,1,1,1,1,1,1,0
5211,udp,quic,443,0,1,1,1,1,1,1,1
5212,,,443,,1,1,1,1,1,1,1
5213,,,443,,0,1,0,1,1,1,0
5214,,,80,,0,1,1,1,1,1,0
5215,tcp,,50912,0,1,1,1,1,1,1,1
5216,tcp,,50872,0,1,1,1,1,1,1,1
5217,udp,dns,53,0,1,1,1,1,1,1,0
5218,udp,dns,53,0,1,1,1,1,1,1,0
5219,tcp,ssl,443,0,1,1,1,1,1,1,1
5220,,,443,,0,1,0,1,1,1,0
5221,udp,dns,53,0,1,1,1,1,1,1,0
5222,udp,dns,53,0,1,1,1,1,1,1,0
5223,tcp,ssl,443,0,1,1,1,1,1,1,1
5224,udp,dns,53,0,1,1,1,1,1,1,0
5225,udp,dns,53,0,1,1,1,1,1,1,0
5226,udp,dns,53,0,1,1,1,1,1,1,0
5227,udp,dns,53,0,1,1,1,1,1,1,0
5228,,,443,,0,1,0,1,1,1,0
5229,tcp,ssl,443,0,1,1,1,1,1,1,1
5230,tcp,,2181,0,1,1,1,1,1,1,1
5231,tcp,ssl,443,0,1,1,1,1,1,1,1
5232,,,443,,0,1,1,1,1,1,0
5233,,,443,,0,1,1,1,1,1,0
5234,tcp,,42773,0,1,1,1,1,1,1,1
5235,tcp,ssl,443,0,1,1,1,1,1,1,1
5236,tcp,ssl,443,0,1,1,1,1,1,1,1
5237,,,443,,0,1,0,1,1,1,0
5238,,,443,,0,1,0,1,1,1,0
5239,tcp,,57574,0,1,1,1,1,1,1,1
5240,tcp,ssl,443,0,1,1,1,1,1,1,1
5241,,,443,,0,1,0,1,1,1,0
5242,udp,dns,53,0,1,1,1,1,1,1,0
5243,udp,dns,53,0,1,1,1,1,1,1,0
5244,udp,dns,53,0,1,1,1,1,1,1,0
5245,tcp,,9092,0,1,1,1,1,1,1,1
5246,tcp,,59420,0,1,1,1,1,1,1,1
5247,tcp,,8080,0,1,1,1,1,1,1,1
5248,tcp,,9092,0,1,1,1,1,1,1,1
5249,tcp,ssl,443,0,1,1,1,1,1,1,1
5250,,,443,,0,1,1,1,1,1,0
5251,udp,dns,53,0,1,1,1,1,1,1,0
5252,udp,dns,53,0,1,1,1,1,1,1,0
5253,udp,dns,53,0,1,1,1,1,1,1,0
5254,udp,dns,5353,0,1,1,1,1,1,1,1
5255,tcp,ssl,443,0,1,1,1,1,1,1,1
5256,tcp,ssl,443,0,1,1,1,1,1,1,1
5257,,,443,,0,1,0,1,1,1,0
5258,,,443,,0,1,0,1,1,1,0
5259,tcp,,36276,0,1,1,1,1,1,1,1
5260,tcp,,9092,0,1,1,1,1,1,1,1
5261,udp,dns,53,0,1,1,1,1,1,1,0
5262,tcp,ssl,443,0,1,1,1,1,1,1,1
5263,udp,dns,53,0,1,1,1,1,1,1,0
5264,,,443,,0,1,0,1,1,1,0
5265,tcp,ssl,443,0,1,1,1,1,1,1,1
5266,,,443,,0,1,0,1,1,1,0
5267,tcp,,34984,0,1,1,1,1,1,1,1
5268,tcp,ssl,443,0,1,1,1,1,1,1,1
5269,,,443,,0,1,0,1,1,1,0
5270,udp,dns,53,0,1,1,1,1,1,1,0
5271,tcp,,50960,0,1,1,1,1,1,1,1
5272,tcp,,50912,0,1,1,1,1,1,1,1
5273,tcp,ssl,443,0,1,1,1,1,1,1,1
5274,,,443,,0,1,0,1,1,1,0
5275,tcp,,50872,0,1,1,1,1,1,1,1
5276,udp,dns,53,0,1,1,1,1,1,1,0
5277,tcp,ssl,443,0,1,1,1,1,1,1,1
5278,,,443,,0,1,0,1,1,1,0
5279,tcp,,42773,0,1,1,1,1,1,1,1
5280,udp,dns,53,0,1,1,1,1,1,1,0
5281,udp,dns,53,0,1,1,1,1,1,1,0
5282,udp,dns,53,0,1,1,1,1,1,1,0
5283,udp,dns,53,0,1,1,1,1,1,1,0
5284,tcp,ssl,443,2848,1,1,1,1,1,1,0
5285,udp,dns,53,0,1,1,1,1,1,1,0
5286,udp,dns,53,0,1,1,1,1,1,1,0
5287,tcp,ssl,443,0,1,1,1,1,1,1,1
5288,,,443,,0,1,0,1,1,1,0
5289,,,443,,1,1,1,1,1,1,1
5290,tcp,ssl,443,0,1,1,1,1,1,1,1
5291,,,443,,0,1,0,1,1,1,0
5292,tcp,,57574,0,1,1,1,1,1,1,1
5293,tcp,,2181,0,1,1,1,1,1,1,1
5294,udp,dns,53,0,1,1,1,1,1,1,0
5295,udp,dns,53,0,1,1,1,1,1,1,0
5296,tcp,,9092,0,1,1,1,1,1,1,1
5297,tcp,,59420,0,1,1,1,1,1,1,1
5298,tcp,,8080,0,1,1,1,1,1,1,1
5299,udp,dns,53,0,1,1,1,1,1,1,0
5300,tcp,ssl,443,0,1,1,1,1,1,1,1
5301,,,443,,0,1,0,1,1,1,0
5302,tcp,,9092,0,1,1,1,1,1,1,1
5303,udp,dns,53,0,1,1,1,1,1,1,0
5304,udp,dns,53,0,1,1,1,1,1,1,0
5305,udp,dns,53,0,1,1,1,1,1,1,0
5306,udp,quic,443,0,1,1,1,1,1,1,1
5307,,,443,,0,1,0,1,1,1,0
5308,udp,dns,53,0,1,1,1,1,1,1,0
5309,tcp,,58768,0,1,1,1,1,1,1,1
5310,tcp,,45903,0,1,1,1,1,1,1,1
5311,udp,quic,443,0,1,1,1,1,1,1,1
5312,,,443,,0,1,0,1,1,1,0
5313,tcp,ssl,443,0,1,1,1,1,1,1,1
5314,tcp,ssl,443,0,1,1,1,1,1,1,1
5315,tcp,,27017,0,1,1,1,1,1,1,1
5316,,,443,,0,1,0,1,1,1,0
5317,tcp,,9092,0,1,1,1,1,1,1,1
5318,,,443,,0,1,0,1,1,1,0
5319,tcp,,34984,0,1,1,1,1,1,1,1
5320,tcp,,50960,0,1,1,1,1,1,1,1
5321,tcp,,50912,0,1,1,1,1,1,1,1
5322,tcp,,50872,0,1,1,1,1,1,1,1
5323,tcp,,42773,0,1,1,1,1,1,1,1
5324,tcp,,57574,0,1,1,1,1,1,1,1
5325,tcp,,9092,0,1,1,1,1,1,1,1
5326,tcp,,8080,0,1,1,1,1,1,1,1
5327,icmp,,0,0,1,1,1,1,1,1,1
5328,tcp,,9092,0,1,1,1,1,1,1,1
5329,tcp,,9997,0,1,1,1,1,1,1,1
5330,tcp,,9997,0,1,1,1,1,1,1,1
5331,tcp,,2181,0,1,1,1,1,1,1,1
5332,tcp,,36276,0,1,1,1,1,1,1,1
5333,udp,dns,53,0,1,1,1,1,1,1,0
5334,udp,dns,53,0,1,1,1,1,1,1,0
5335,udp,dns,53,0,1,1,1,1,1,1,0
5336,tcp,ssl,443,0,1,1,1,1,1,1,1
5337,,,443,,0,1,0,1,1,1,0
5338,tcp,,9092,0,1,1,1,1,1,1,1
5339,tcp,ssl,443,0,1,1,1,1,1,1,1
5340,,,443,,0,1,0,1,1,1,0
5341,tcp,,34984,0,1,1,1,1,1,1,1
5342,tcp,,50960,0,1,1,1,1,1,1,1
5343,tcp,,50912,0,1,1,1,1,1,1,1
5344,tcp,,50872,0,1,1,1,1,1,1,1
5345,tcp,,9092,0,1,1,1,1,1,1,1
5346,tcp,,42773,0,1,1,1,1,1,1,1
5347,tcp,,9092,0,1,1,1,1,1,1,1
5348,tcp,,8080,0,1,1,1,1,1,1,1
5349,tcp,,57574,0,1,1,1,1,1,1,1
5350,tcp,,58768,0,1,1,1,1,1,1,1
5351,tcp,,45903,0,1,1,1,1,1,1,1
5352,udp,,1900,0,1,1,1,1,1,1,1
5353,tcp,,2181,0,1,1,1,1,1,1,1
5354,icmp,,0,0,1,1,1,1,1,1,1
5355,tcp,,27017,0,1,1,1,1,1,1,1
5356,udp,dns,53,0,1,1,1,1,1,1,0
5357,tcp,,34984,0,1,1,1,1,1,1,1
5358,udp,dns,53,0,1,1,1,1,1,1,0
5359,udp,dns,53,0,1,1,1,1,1,1,0
5360,tcp,ssl,443,0,1,1,1,1,1,1,1
5361,tcp,,50960,0,1,1,1,1,1,1,1
5362,tcp,,50912,0,1,1,1,1,1,1,1
5363,tcp,,9092,0,1,1,1,1,1,1,1
5364,tcp,,50872,0,1,1,1,1,1,1,1
5365,tcp,ssl,443,0,1,1,1,1,1,1,1
5366,,,443,,0,1,0,1,1,1,0
5367,,,443,,0,1,0,1,1,1,0
5368,tcp,,42773,0,1,1,1,1,1,1,1
5369,unknown_transport,,0,0,1,1,1,1,1,1,0
5370,unknown_transport,,0,0,1,1,1,1,1,1,0
5371,udp,dns,5353,0,1,1,1,1,1,1,1
5372,udp,dns,5353,0,1,1,1,1,1,1,1
5373,tcp,,9092,0,1,1,1,1,1,1,1
5374,tcp,,8080,0,1,1,1,1,1,1,1
5375,tcp,,57574,0,1,1,1,1,1,1,1
5376,tcp,,9092,0,1,1,1,1,1,1,1
5377,tcp,,36276,0,1,1,1,1,1,1,1
5378,icmp,,134,0,1,1,1,1,1,1,1
5379,tcp,,2181,0,1,1,1,1,1,1,1
5380,tcp,,34984,0,1,1,1,1,1,1,1
5381,tcp,,50960,0,1,1,1,1,1,1,1
5382,tcp,,50912,0,1,1,1,1,1,1,1
5383,tcp,,50872,0,1,1,1,1,1,1,1
5384,tcp,,42773,0,1,1,1,1,1,1,1
5385,tcp,,9092,0,1,1,1,1,1,1,1
5386,tcp,,58768,0,1,1,1,1,1,1,1
5387,tcp,,45903,0,1,1,1,1,1,1,1
5388,tcp,,9092,0,1,1,1,1,1,1,1
5389,tcp,,9092,0,1,1,1,1,1,1,1
5390,tcp,,8080,0,1,1,1,1,1,1,1
5391,tcp,,57574,0,1,1,1,1,1,1,1
5392,tcp,,9092,0,1,1,1,1,1,1,1
5393,tcp,,27017,0,1,1,1,1,1,1,1
5394,tcp,,34984,0,1,1,1,1,1,1,1
5395,tcp,,50960,0,1,1,1,1,1,1,1
5396,tcp,,50912,0,1,1,1,1,1,1,1
5397,tcp,,50872,0,1,1,1,1,1,1,1
5398,tcp,,2181,0,1,1,1,1,1,1,1
5399,tcp,,42773,0,1,1,1,1,1,1,1
5400,tcp,,42803,0,1,1,1,1,1,1,1
5401,tcp,,49776,0,1,1,1,1,1,1,1
5402,tcp,,9092,0,1,1,1,1,1,1,1
5403,tcp,,9092,0,1,1,1,1,1,1,1
5404,tcp,,8080,0,1,1,1,1,1,1,1
5405,tcp,,57574,0,1,1,1,1,1,1,1
5406,tcp,,36276,0,1,1,1,1,1,1,1
5407,tcp,,9092,0,1,1,1,1,1,1,1
5408,unknown_transport,,0,0,1,1,1,1,1,1,0
5409,udp,dns,5353,0,1,1,1,1,1,1,1
5410,udp,dns,5353,0,1,1,1,1,1,1,1
5411,tcp,,34984,0,1,1,1,1,1,1,1
5412,tcp,,50960,0,1,1,1,1,1,1,1
5413,tcp,,50912,0,1,1,1,1,1,1,1
5414,tcp,,50872,0,1,1,1,1,1,1,1
5415,tcp,,58768,0,1,1,1,1,1,1,1
5416,tcp,,45903,0,1,1,1,1,1,1,1
5417,tcp,,42773,0,1,1,1,1,1,1,1
5418,tcp,,2181,0,1,1,1,1,1,1,1
5419,tcp,,49232,0,1,1,1,1,1,1,1
5420,tcp,,9092,0,1,1,1,1,1,1,1
5421,tcp,,9092,0,1,1,1,1,1,1,1
5422,tcp,,8080,0,1,1,1,1,1,1,1
5423,tcp,,57574,0,1,1,1,1,1,1,1
5424,tcp,,27017,0,1,1,1,1,1,1,1
5425,tcp,,9092,0,1,1,1,1,1,1,1
5426,tcp,,34984,0,1,1,1,1,1,1,1
5427,tcp,,50960,0,1,1,1,1,1,1,1
5428,tcp,,50912,0,1,1,1,1,1,1,1
5429,tcp,,50872,0,1,1,1,1,1,1,1
5430,tcp,,42773,0,1,1,1,1,1,1,1
5431,tcp,,9092,0,1,1,1,1,1,1,1
5432,tcp,,9997,0,1,1,1,1,1,1,1
5433,tcp,,9997,0,1,1,1,1,1,1,1
5434,tcp,,2181,0,1,1,1,1,1,1,1
5435,tcp,,9092,0,1,1,1,1,1,1,1
5436,tcp,,8080,0,1,1,1,1,1,1,1
5437,tcp,,57574,0,1,1,1,1,1,1,1
5438,tcp,,36276,0,1,1,1,1,1,1,1
5439,udp,dns,5353,0,1,1,1,1,1,1,1
5440,tcp,,9092,0,1,1,1,1,1,1,1
5441,tcp,,58768,0,1,1,1,1,1,1,1
5442,tcp,,45903,0,1,1,1,1,1,1,1
5443,tcp,,34984,0,1,1,1,1,1,1,1
5444,tcp,,50960,0,1,1,1,1,1,1,1
5445,tcp,,50912,0,1,1,1,1,1,1,1
5446,tcp,,9092,0,1,1,1,1,1,1,1
5447,tcp,,50872,0,1,1,1,1,1,1,1
5448,tcp,,42773,0,1,1,1,1,1,1,1
5449,tcp,,42803,0,1,1,1,1,1,1,1
5450,tcp,,9092,0,1,1,1,1,1,1,1
5451,tcp,,8080,0,1,1,1,1,1,1,1
5452,tcp,,57574,0,1,1,1,1,1,1,1
5453,tcp,,2181,0,1,1,1,1,1,1,1
5454,tcp,,27017,0,1,1,1,1,1,1,1
5455,tcp,,34984,0,1,1,1,1,1,1,1
5456,tcp,,50960,0,1,1,1,1,1,1,1
5457,tcp,,9092,0,1,1,1,1,1,1,1
5458,tcp,,50912,0,1,1,1,1,1,1,1
5459,udp,dns,53,0,1,1,1,1,1,1,0
5460,udp,dns,53,0,1,1,1,1,1,1,0
5461,udp,dns,53,0,1,1,1,1,1,1,0
5462,udp,quic,443,0,1,1,1,1,1,1,1
5463,,,443,,1,1,1,1,1,1,1
5464,tcp,ssl,443,0,1,1,1,1,1,1,1
5465,,,443,,0,1,1,1,1,1,0
5466,tcp,,50872,0,1,1,1,1,1,1,1
5467,tcp,,42773,0,1,1,1,1,1,1,1
5468,tcp,,9092,0,1,1,1,1,1,1,1
5469,icmp,,0,0,1,1,1,1,1,1,1
5470,udp,dns,5353,0,1,1,1,1,1,1,1
5471,udp,dns,5353,0,1,1,1,1,1,1,1
5472,udp,dns,53,0,1,1,1,1,1,1,0
5473,udp,dns,53,0,1,1,1,1,1,1,0
5474,udp,dns,53,0,1,1,1,1,1,1,0
5475,udp,dns,53,0,1,1,1,1,1,1,0
5476,udp,dns,53,0,1,1,1,1,1,1,0
5477,udp,dns,53,0,1,1,1,1,1,1,0
5478,tcp,,9092,0,1,1,1,1,1,1,1
5479,tcp,,8080,0,1,1,1,1,1,1,1
5480,tcp,,57574,0,1,1,1,1,1,1,1
5481,udp,dns,53,0,1,1,1,1,1,1,0
5482,udp,quic,443,0,1,1,1,1,1,1,1
5483,udp,dns,53,0,1,1,1,1,1,1,0
5484,tcp,ssl,443,0,1,1,1,1,1,1,1
5485,,,443,,0,1,1,1,1,1,0
5486,tcp,ssl,443,0,1,1,1,1,1,1,1
5487,tcp,,36276,0,1,1,1,1,1,1,1
5488,,,443,,0,1,1,1,1,1,0
5489,udp,dns,53,0,1,1,1,1,1,1,0
5490,tcp,http,80,0,1,1,1,1,1,1,1
5491,,,80,,0,1,1,1,1,1,0
5492,tcp,,58768,0,1,1,1,1,1,1,1
5493,tcp,,45903,0,1,1,1,1,1,1,1
5494,tcp,,2181,0,1,1,1,1,1,1,1
5495,tcp,,34984,0,1,1,1,1,1,1,1
5496,tcp,,50960,0,1,1,1,1,1,1,1
5497,tcp,,50912,0,1,1,1,1,1,1,1
5498,tcp,,50872,0,1,1,1,1,1,1,1
5499,tcp,,42773,0,1,1,1,1,1,1,1
5500,tcp,,9092,0,1,1,1,1,1,1,1
5501,tcp,,9092,0,1,1,1,1,1,1,1
5502,udp,,5678,0,1,1,1,1,1,1,1
5503,tcp,,9092,0,1,1,1,1,1,1,1
5504,tcp,,8080,0,1,1,1,1,1,1,1
5505,tcp,,57574,0,1,1,1,1,1,1,1
5506,udp,ntp,123,0,1,1,1,1,1,1,0
5507,tcp,,27017,0,1,1,1,1,1,1,1
5508,tcp,,34984,0,1,1,1,1,1,1,1
5509,tcp,,50960,0,1,1,1,1,1,1,1
5510,tcp,,50912,0,1,1,1,1,1,1,1
5511,tcp,,50872,0,1,1,1,1,1,1,1
5512,tcp,,2181,0,1,1,1,1,1,1,1
5513,tcp,,42773,0,1,1,1,1,1,1,1
5514,tcp,,9092,0,1,1,1,1,1,1,1
5515,tcp,,58768,0,1,1,1,1,1,1,1
5516,tcp,,45903,0,1,1,1,1,1,1,1
5517,tcp,,8080,0,1,1,1,1,1,1,1
5518,tcp,,57574,0,1,1,1,1,1,1,1
5519,tcp,,36276,0,1,1,1,1,1,1,1
5520,tcp,,9092,0,1,1,1,1,1,1,1
5521,udp,dns,53,0,1,1,1,1,1,1,0
5522,udp,dns,53,0,1,1,1,1,1,1,0
5523,icmp,,0,0,1,1,1,1,1,1,1
5524,udp,dhcp,67,0,1,1,1,1,1,1,0
5525,udp,dns,53,0,1,1,1,1,1,1,0
5526,icmp,,3,0,1,1,1,1,1,1,1
5527,tcp,,55868,0,1,1,1,1,1,1,1
5528,udp,dns,5353,0,1,1,1,1,1,1,1
5529,udp,dns,5353,0,1,1,1,1,1,1,1
5530,tcp,,34984,0,1,1,1,1,1,1,1
5531,tcp,ssl,443,0,1,1,1,1,1,1,1
5532,,,443,,0,1,0,1,1,1,0
5533,tcp,,50960,0,1,1,1,1,1,1,1
5534,tcp,,50912,0,1,1,1,1,1,1,1
5535,udp,dns,53,0,1,1,1,1,1,1,0
5536,udp,dns,53,0,1,1,1,1,1,1,0
5537,udp,dns,53,0,1,1,1,1,1,1,0
5538,udp,dns,53,0,1,1,1,1,1,1,0
5539,udp,dns,53,0,1,1,1,1,1,1,0
5540,,,80,,1,1,1,1,1,1,1
5541,,,80,,1,1,1,1,1,1,1
5542,udp,dns,53,0,1,1,1,1,1,1,0
5543,udp,dns,53,0,1,1,1,1,1,1,0
5544,tcp,http,80,0,1,1,1,1,1,1,1
5545,,,80,,0,1,1,1,1,1,0
5546,tcp,http,80,0,1,1,1,1,1,1,1
5547,,,80,,0,1,1,1,1,1,0
5548,udp,dns,53,0,1,1,1,1,1,1,0
5549,tcp,http,80,0,1,1,1,1,1,1,1
5550,udp,dns,53,0,1,1,1,1,1,1,0
5551,udp,dns,53,0,1,1,1,1,1,1,0
5552,,,80,,0,1,1,1,1,1,0
5553,udp,dns,53,0,1,1,1,1,1,1,0
5554,tcp,,50872,0,1,1,1,1,1,1,1
5555,udp,dns,53,0,1,1,1,1,1,1,0
5556,udp,dns,53,0,1,1,1,1,1,1,0
5557,udp,dns,53,0,1,1,1,1,1,1,0
5558,udp,dns,53,0,1,1,1,1,1,1,0
5559,udp,quic,443,0,1,1,1,1,1,1,1
5560,tcp,ssl,443,0,1,1,1,1,1,1,1
5561,tcp,ssl,443,0,1,1,1,1,1,1,1
5562,,,443,,0,1,1,1,1,1,0
5563,,,443,,0,1,0,1,1,1,0
5564,tcp,,42773,0,1,1,1,1,1,1,1
5565,udp,dns,53,0,1,1,1,1,1,1,0
5566,udp,dns,53,0,1,1,1,1,1,1,0
5567,udp,dns,53,0,1,1,1,1,1,1,0
5568,udp,dns,53,0,1,1,1,1,1,1,0
5569,tcp,ssl,443,0,1,1,1,1,1,1,1
5570,,,443,,0,1,0,1,1,1,0
5571,udp,quic,443,0,1,1,1,1,1,1,1
5572,,,443,,0,1,0,1,1,1,0
5573,tcp,ssl,443,0,1,1,1,1,1,1,1
5574,,,443,,0,1,0,1,1,1,0
5575,udp,dns,53,0,1,1,1,1,1,1,0
5576,udp,dns,53,0,1,1,1,1,1,1,0
5577,tcp,ssl,443,0,1,1,1,1,1,1,1
5578,,,443,,0,1,0,1,1,1,0
5579,tcp,ssl,443,0,1,1,1,1,1,1,1
5580,,,443,,0,1,0,1,1,1,0
5581,udp,dns,53,0,1,1,1,1,1,1,0
5582,tcp,,2181,0,1,1,1,1,1,1,1
5583,udp,dns,53,0,1,1,1,1,1,1,0
5584,udp,dns,53,0,1,1,1,1,1,1,0
5585,tcp,ssl,443,0,1,1,1,1,1,1,1
5586,udp,dns,53,0,1,1,1,1,1,1,0
5587,,,443,,0,1,1,1,1,1,0
5588,udp,dns,53,0,1,1,1,1,1,1,0
5589,udp,dns,53,0,1,1,1,1,1,1,0
5590,tcp,ssl,443,0,1,1,1,1,1,1,1
5591,,,443,,0,1,0,1,1,1,0
5592,tcp,ssl,443,0,1,1,1,1,1,1,1
5593,tcp,ssl,443,0,1,1,1,1,1,1,1
5594,udp,dns,53,0,1,1,1,1,1,1,0
5595,,,443,,0,1,1,1,1,1,0
5596,,,443,,0,1,0,1,1,1,0
5597,udp,dns,53,0,1,1,1,1,1,1,0
5598,udp,dns,53,0,1,1,1,1,1,1,0
5599,tcp,ssl,443,0,1,1,1,1,1,1,1
5600,tcp,ssl,443,0,1,1,1,1,1,1,1
5601,,,443,,0,1,1,1,1,1,0
5602,,,443,,0,1,0,1,1,1,0
5603,tcp,ssl,443,0,1,1,1,1,1,1,1
5604,tcp,ssl,443,0,1,1,1,1,1,1,1
5605,,,443,,0,1,0,1,1,1,0
5606,,,443,,0,1,0,1,1,1,0
5607,udp,dns,53,0,1,1,1,1,1,1,0
5608,udp,dns,53,0,1,1,1,1,1,1,0
5609,udp,dns,53,0,1,1,1,1,1,1,0
5610,tcp,ssl,443,0,1,1,1,1,1,1,1
5611,,,443,,0,1,1,1,1,1,0
5612,tcp,,9092,0,1,1,1,1,1,1,1
5613,tcp,,8080,0,1,1,1,1,1,1,1
5614,tcp,,57574,0,1,1,1,1,1,1,1
5615,udp,dns,53,0,1,1,1,1,1,1,0
5616,udp,dns,53,0,1,1,1,1,1,1,0
5617,udp,dns,53,0,1,1,1,1,1,1,0
5618,udp,quic,443,0,1,1,1,1,1,1,1
5619,,,443,,1,1,1,1,1,1,1
5620,udp,dns,53,0,1,1,1,1,1,1,0
5621,tcp,ssl,443,0,1,1,1,1,1,1,1
5622,udp,dns,53,0,1,1,1,1,1,1,0
5623,udp,dns,53,0,1,1,1,1,1,1,0
5624,,,443,,0,1,1,1,1,1,0
5625,tcp,ssl,443,0,1,1,1,1,1,1,1
5626,,,443,,0,1,1,1,1,1,0
5627,udp,dns,53,0,1,1,1,1,1,1,0
5628,udp,dns,53,0,1,1,1,1,1,1,0
5629,udp,dns,53,0,1,1,1,1,1,1,0
5630,udp,quic,443,0,1,1,1,1,1,1,1
5631,,,443,,1,1,1,1,1,1,1
5632,tcp,ssl,443,0,1,1,1,1,1,1,1
5633,,,443,,0,1,1,1,1,1,0
5634,tcp,,27017,0,1,1,1,1,1,1,1
5635,tcp,,9092,0,1,1,1,1,1,1,1
5636,tcp,,34984,0,1,1,1,1,1,1,1
5637,tcp,,50960,0,1,1,1,1,1,1,1
5638,tcp,,50912,0,1,1,1,1,1,1,1
5639,udp,dns,53,0,1,1,1,1,1,1,0
5640,tcp,ssl,443,0,1,1,1,1,1,1,1
5641,,,443,,0,1,0,1,1,1,0
5642,tcp,,50872,0,1,1,1,1,1,1,1
5643,tcp,ssl,443,0,1,1,1,1,1,1,1
5644,,,443,,0,1,0,1,1,1,0
5645,tcp,,42773,0,1,1,1,1,1,1,1
5646,udp,dns,53,0,1,1,1,1,1,1,0
5647,tcp,ssl,443,0,1,1,1,1,1,1,1
5648,,,443,,0,1,1,1,1,1,0
5649,tcp,,58768,0,1,1,1,1,1,1,1
5650,tcp,,45903,0,1,1,1,1,1,1,1
5651,tcp,,9092,0,1,1,1,1,1,1,1
5652,tcp,,9997,0,1,1,1,1,1,1,1
5653,tcp,,9997,0,1,1,1,1,1,1,1
5654,tcp,,2181,0,1,1,1,1,1,1,1
5655,tcp,,8080,0,1,1,1,1,1,1,1
5656,tcp,,57574,0,1,1,1,1,1,1,1
5657,tcp,,36276,0,1,1,1,1,1,1,1
5658,tcp,,9092,0,1,1,1,1,1,1,1
5659,udp,dns,53,0,1,1,1,1,1,1,0
5660,udp,dns,53,0,1,1,1,1,1,1,0
5661,udp,dns,53,0,1,1,1,1,1,1,0
5662,tcp,ssl,443,0,1,1,1,1,1,1,1
5663,,,443,,0,1,0,1,1,1,0
5664,tcp,,34984,0,1,1,1,1,1,1,1
5665,tcp,,50960,0,1,1,1,1,1,1,1
5666,tcp,,50912,0,1,1,1,1,1,1,1
5667,tcp,,9092,0,1,1,1,1,1,1,1
5668,tcp,,50872,0,1,1,1,1,1,1,1
5669,tcp,,42773,0,1,1,1,1,1,1,1
5670,tcp,,57574,0,1,1,1,1,1,1,1
5671,tcp,,2181,0,1,1,1,1,1,1,1
5672,tcp,,27017,0,1,1,1,1,1,1,1
5673,tcp,,34984,0,1,1,1,1,1,1,1
5674,unknown_transport,,0,0,1,1,1,1,1,1,0
5675,unknown_transport,,0,0,1,1,1,1,1,1,0
5676,udp,dns,5353,0,1,1,1,1,1,1,1
5677,udp,dns,5353,0,1,1,1,1,1,1,1
5678,tcp,,9092,0,1,1,1,1,1,1,1
5679,tcp,,50960,0,1,1,1,1,1,1,1
5680,tcp,,50912,0,1,1,1,1,1,1,1
5681,tcp,,50872,0,1,1,1,1,1,1,1
5682,tcp,,58768,0,1,1,1,1,1,1,1
5683,tcp,,45903,0,1,1,1,1,1,1,1
5684,udp,dns,53,0,1,1,1,1,1,1,0
5685,udp,dns,53,0,1,1,1,1,1,1,0
5686,udp,dns,53,0,1,1,1,1,1,1,0
5687,tcp,,42773,0,1,1,1,1,1,1,1
5688,tcp,ssl,443,0,1,1,1,1,1,1,1
5689,,,443,,0,1,0,1,1,1,0
5690,tcp,,9092,0,1,1,1,1,1,1,1
5691,tcp,,57574,0,1,1,1,1,1,1,1
5692,tcp,,36276,0,1,1,1,1,1,1,1
5693,tcp,,2181,0,1,1,1,1,1,1,1
5694,tcp,,34984,0,1,1,1,1,1,1,1
5695,tcp,,50960,0,1,1,1,1,1,1,1
5696,tcp,,50912,0,1,1,1,1,1,1,1
5697,tcp,,50872,0,1,1,1,1,1,1,1
5698,tcp,,42773,0,1,1,1,1,1,1,1
5699,tcp,,9092,0,1,1,1,1,1,1,1
5700,udp,dns,5353,0,1,1,1,1,1,1,1
5701,udp,dns,5353,0,1,1,1,1,1,1,1
5702,tcp,,9092,0,1,1,1,1,1,1,1
5703,tcp,,57574,0,1,1,1,1,1,1,1
5704,tcp,,9092,0,1,1,1,1,1,1,1
5705,tcp,,27017,0,1,1,1,1,1,1,1
5706,tcp,,58768,0,1,1,1,1,1,1,1
5707,tcp,,45903,0,1,1,1,1,1,1,1
5708,tcp,,34984,0,1,1,1,1,1,1,1
5709,tcp,,50960,0,1,1,1,1,1,1,1
5710,tcp,,50912,0,1,1,1,1,1,1,1
5711,tcp,,2181,0,1,1,1,1,1,1,1
5712,tcp,,42773,0,1,1,1,1,1,1,1
5713,tcp,,50872,0,1,1,1,1,1,1,1
5714,tcp,,443,0,1,1,1,1,1,1,1
5715,tcp,,9092,0,1,1,1,1,1,1,1
5716,tcp,,57574,0,1,1,1,1,1,1,1
5717,tcp,,36276,0,1,1,1,1,1,1,1
5718,tcp,,9092,0,1,1,1,1,1,1,1
5719,tcp,,34984,0,1,1,1,1,1,1,1
5720,tcp,,50960,0,1,1,1,1,1,1,1
5721,tcp,,50912,0,1,1,1,1,1,1,1
5722,tcp,,42773,0,1,1,1,1,1,1,1
5723,tcp,,50872,0,1,1,1,1,1,1,1
5724,udp,dns,53,0,1,1,1,1,1,1,0
5725,udp,dns,53,0,1,1,1,1,1,1,0
5726,udp,dns,53,0,1,1,1,1,1,1,0
5727,udp,quic,443,0,1,1,1,1,1,1,1
5728,tcp,,2181,0,1,1,1,1,1,1,1
5729,tcp,,9092,0,1,1,1,1,1,1,1
5730,tcp,,57574,0,1,1,1,1,1,1,1
5731,tcp,,58768,0,1,1,1,1,1,1,1
5732,tcp,,45903,0,1,1,1,1,1,1,1
5733,tcp,,27017,0,1,1,1,1,1,1,1
5734,tcp,,9092,0,1,1,1,1,1,1,1
5735,tcp,,34984,0,1,1,1,1,1,1,1
5736,tcp,,50960,0,1,1,1,1,1,1,1
5737,tcp,,50912,0,1,1,1,1,1,1,1
5738,tcp,,42773,0,1,1,1,1,1,1,1
5739,tcp,,50872,0,1,1,1,1,1,1,1
5740,udp,,5678,0,1,1,1,1,1,1,1
5741,tcp,,9092,0,1,1,1,1,1,1,1
5742,tcp,,9997,0,1,1,1,1,1,1,1
5743,tcp,,9997,0,1,1,1,1,1,1,1
5744,tcp,,2181,0,1,1,1,1,1,1,1
5745,udp,,1900,0,1,1,1,1,1,1,1
5746,tcp,,57574,0,1,1,1,1,1,1,1
5747,tcp,,36276,0,1,1,1,1,1,1,1
5748,tcp,,9092,0,1,1,1,1,1,1,1
5749,tcp,,34984,0,1,1,1,1,1,1,1
5750,tcp,,50960,0,1,1,1,1,1,1,1
5751,tcp,,50912,0,1,1,1,1,1,1,1
5752,tcp,,9092,0,1,1,1,1,1,1,1
5753,tcp,,42773,0,1,1,1,1,1,1,1
5754,tcp,,50872,0,1,1,1,1,1,1,1
5755,tcp,,58768,0,1,1,1,1,1,1,1
5756,tcp,,45903,0,1,1,1,1,1,1,1
5757,tcp,,57574,0,1,1,1,1,1,1,1
5758,tcp,,2181,0,1,1,1,1,1,1,1
5759,tcp,,27017,0,1,1,1,1,1,1,1
5760,udp,dns,5353,0,1,1,1,1,1,1,1
5761,udp,dns,5353,0,1,1,1,1,1,1,1
5762,tcp,,34984,0,1,1,1,1,1,1,1
5763,tcp,,9092,0,1,1,1,1,1,1,1
5764,tcp,,50960,0,1,1,1,1,1,1,1
5765,tcp,,50912,0,1,1,1,1,1,1,1
5766,tcp,,42773,0,1,1,1,1,1,1,1
5767,tcp,,50872,0,1,1,1,1,1,1,1
5768,tcp,,9092,0,1,1,1,1,1,1,1
5769,tcp,,57574,0,1,1,1,1,1,1,1
5770,tcp,,36276,0,1,1,1,1,1,1,1
5771,udp,dns,5353,0,1,1,1,1,1,1,1
5772,tcp,,2181,0,1,1,1,1,1,1,1
5773,tcp,,34984,0,1,1,1,1,1,1,1
5774,tcp,,50960,0,1,1,1,1,1,1,1
5775,tcp,,50912,0,1,1,1,1,1,1,1
5776,tcp,,9092,0,1,1,1,1,1,1,1
5777,tcp,,42773,0,1,1,1,1,1,1,1
5778,tcp,,9092,0,1,1,1,1,1,1,1
5779,tcp,,50872,0,1,1,1,1,1,1,1
5780,tcp,,9092,0,1,1,1,1,1,1,1
5781,tcp,,9092,0,1,1,1,1,1,1,1
5782,tcp,,58768,0,1,1,1,1,1,1,1
5783,tcp,,45903,0,1,1,1,1,1,1,1
5784,udp,dns,5353,0,1,1,1,1,1,1,1
5785,tcp,,9092,0,1,1,1,1,1,1,1
5786,tcp,,27017,0,1,1,1,1,1,1,1
5787,tcp,,57574,0,1,1,1,1,1,1,1
5788,tcp,,34984,0,1,1,1,1,1,1,1
5789,tcp,,50960,0,1,1,1,1,1,1,1
5790,tcp,,50912,0,1,1,1,1,1,1,1
5791,tcp,,2181,0,1,1,1,1,1,1,1
5792,tcp,,42773,0,1,1,1,1,1,1,1
5793,tcp,,50872,0,1,1,1,1,1,1,1
5794,tcp,,9092,0,1,1,1,1,1,1,1
5795,tcp,,36276,0,1,1,1,1,1,1,1
5796,tcp,,9092,0,1,1,1,1,1,1,1
5797,tcp,,57574,0,1,1,1,1,1,1,1
5798,tcp,,34984,0,1,1,1,1,1,1,1
5799,tcp,,50960,0,1,1,1,1,1,1,1
5800,tcp,,50912,0,1,1,1,1,1,1,1
5801,tcp,,58768,0,1,1,1,1,1,1,1
5802,tcp,,45903,0,1,1,1,1,1,1,1
5803,tcp,,42773,0,1,1,1,1,1,1,1
5804,tcp,,50872,0,1,1,1,1,1,1,1
5805,tcp,,9092,0,1,1,1,1,1,1,1
5806,tcp,,2181,0,1,1,1,1,1,1,1
5807,tcp,,9092,0,1,1,1,1,1,1,1
5808,udp,dns,53,0,1,1,1,1,1,1,0
5809,udp,dns,53,0,1,1,1,1,1,1,0
5810,udp,dns,53,0,1,1,1,1,1,1,0
5811,udp,dns,53,0,1,1,1,1,1,1,0
5812,udp,dns,53,0,1,1,1,1,1,1,0
5813,tcp,ssl,443,0,1,1,1,1,1,1,1
5814,tcp,ssl,443,0,1,1,1,1,1,1,1
5815,tcp,ssl,443,0,1,1,1,1,1,1,1
5816,tcp,ssl,443,0,1,1,1,1,1,1,1
5817,tcp,ssl,443,0,1,1,1,1,1,1,1
5818,,,443,,0,1,0,1,1,1,0
5819,,,443,,0,1,0,1,1,1,0
5820,,,443,,0,1,0,1,1,1,0
5821,,,443,,0,1,0,1,1,1,0
5822,,,443,,0,1,0,1,1,1,0
5823,tcp,,27017,0,1,1,1,1,1,1,1
5824,tcp,,57574,0,1,1,1,1,1,1,1
5825,udp,dns,53,0,1,1,1,1,1,1,0
5826,udp,dns,53,0,1,1,1,1,1,1,0
5827,tcp,http,80,0,1,1,1,1,1,1,1
5828,tcp,http,80,0,1,1,1,1,1,1,1
5829,,,80,,0,1,1,1,1,1,0
5830,,,80,,0,1,1,1,1,1,0
5831,udp,dns,53,0,1,1,1,1,1,1,0
5832,udp,dns,53,0,1,1,1,1,1,1,0
5833,tcp,ssl,443,0,1,1,1,1,1,1,1
5834,tcp,ssl,443,0,1,1,1,1,1,1,1
5835,tcp,,9092,0,1,1,1,1,1,1,1
5836,,,443,,0,1,0,1,1,1,0
5837,,,443,,0,1,0,1,1,1,0
5838,tcp,,34984,0,1,1,1,1,1,1,1
5839,tcp,,50960,0,1,1,1,1,1,1,1
5840,tcp,,50912,0,1,1,1,1,1,1,1
5841,udp,dns,5353,0,1,1,1,1,1,1,1
5842,udp,dns,5353,0,1,1,1,1,1,1,1
5843,tcp,,42773,0,1,1,1,1,1,1,1
5844,tcp,,50872,0,1,1,1,1,1,1,1
5845,tcp,,9092,0,1,1,1,1,1,1,1
5846,tcp,,9997,0,1,1,1,1,1,1,1
5847,tcp,,9997,0,1,1,1,1,1,1,1
5848,tcp,,2181,0,1,1,1,1,1,1,1
5849,tcp,,36276,0,1,1,1,1,1,1,1
5850,tcp,,9092,0,1,1,1,1,1,1,1
5851,tcp,,57574,0,1,1,1,1,1,1,1
5852,tcp,,58768,0,1,1,1,1,1,1,1
5853,tcp,,45903,0,1,1,1,1,1,1,1
5854,tcp,,34984,0,1,1,1,1,1,1,1
5855,tcp,,50960,0,1,1,1,1,1,1,1
5856,tcp,,50912,0,1,1,1,1,1,1,1
5857,tcp,,9092,0,1,1,1,1,1,1,1
5858,tcp,,42773,0,1,1,1,1,1,1,1
5859,tcp,,50872,0,1,1,1,1,1,1,1
5860,tcp,,2181,0,1,1,1,1,1,1,1
5861,tcp,,27017,0,1,1,1,1,1,1,1
5862,tcp,,57574,0,1,1,1,1,1,1,1
5863,tcp,,34984,0,1,1,1,1,1,1,1
5864,tcp,,9092,0,1,1,1,1,1,1,1
5865,tcp,,50960,0,1,1,1,1,1,1,1
5866,tcp,,50912,0,1,1,1,1,1,1,1
5867,tcp,,42773,0,1,1,1,1,1,1,1
5868,tcp,,50872,0,1,1,1,1,1,1,1
5869,tcp,,9092,0,1,1,1,1,1,1,1
5870,tcp,,36276,0,1,1,1,1,1,1,1
5871,tcp,,58768,0,1,1,1,1,1,1,1
5872,tcp,,45903,0,1,1,1,1,1,1,1
5873,tcp,,57574,0,1,1,1,1,1,1,1
5874,tcp,,2181,0,1,1,1,1,1,1,1
5875,tcp,,34984,0,1,1,1,1,1,1,1
5876,tcp,,50960,0,1,1,1,1,1,1,1
5877,tcp,,50912,0,1,1,1,1,1,1,1
5878,tcp,,9092,0,1,1,1,1,1,1,1
5879,tcp,,42773,0,1,1,1,1,1,1,1
5880,tcp,,50872,0,1,1,1,1,1,1,1
5881,tcp,,9092,0,1,1,1,1,1,1,1
5882,tcp,,9092,0,1,1,1,1,1,1,1
5883,tcp,,27017,0,1,1,1,1,1,1,1
5884,tcp,,9092,0,1,1,1,1,1,1,1
5885,tcp,,57574,0,1,1,1,1,1,1,1
5886,icmp,,1,0,1,1,1,1,1,1,1
5887,tcp,,34984,0,1,1,1,1,1,1,1
5888,tcp,,50960,0,1,1,1,1,1,1,1
5889,tcp,,50912,0,1,1,1,1,1,1,1
5890,tcp,,2181,0,1,1,1,1,1,1,1
5891,tcp,,42773,0,1,1,1,1,1,1,1
5892,tcp,,50872,0,1,1,1,1,1,1,1
5893,tcp,,9092,0,1,1,1,1,1,1,1
5894,icmp,,1,0,1,1,1,1,1,1,1
5895,tcp,,58768,0,1,1,1,1,1,1,1
5896,tcp,,45903,0,1,1,1,1,1,1,1
5897,tcp,,36276,0,1,1,1,1,1,1,1
5898,tcp,,9092,0,1,1,1,1,1,1,1
5899,udp,,53,0,1,1,1,1,1,1,1
5900,icmp,,3,0,1,1,1,1,1,1,1
5901,udp,,53,0,1,1,1,1,1,1,1
5902,udp,,53,0,1,1,1,1,1,1,1
5903,udp,,53,0,1,1,1,1,1,1,1
5904,udp,,53,0,1,1,1,1,1,1,1
5905,udp,,53,0,1,1,1,1,1,1,1
5906,udp,,53,0,1,1,1,1,1,1,1
5907,udp,,53,0,1,1,1,1,1,1,1
5908,udp,,53,0,1,1,1,1,1,1,1
5909,udp,,53,0,1,1,1,1,1,1,1
5910,udp,,53,0,1,1,1,1,1,1,1
5911,udp,,53,0,1,1,1,1,1,1,1
5912,udp,,53,0,1,1,1,1,1,1,1
5913,udp,,53,0,1,1,1,1,1,1,1
5914,udp,,53,0,1,1,1,1,1,1,1
5915,udp,,53,0,1,1,1,1,1,1,1
5916,udp,,53,0,1,1,1,1,1,1,1
5917,udp,,53,0,1,1,1,1,1,1,1
5918,tcp,,57574,0,1,1,1,1,1,1,1
5919,udp,,53,0,1,1,1,1,1,1,1
5920,udp,,53,0,1,1,1,1,1,1,1
5921,udp,,53,0,1,1,1,1,1,1,1
5922,udp,,53,0,1,1,1,1,1,1,1
5923,udp,,53,0,1,1,1,1,1,1,1
5924,udp,,53,0,1,1,1,1,1,1,1
5925,udp,,53,0,1,1,1,1,1,1,1
5926,udp,,53,0,1,1,1,1,1,1,1
5927,udp,,53,0,1,1,1,1,1,1,1
5928,udp,,53,0,1,1,1,1,1,1,1
5929,udp,,53,0,1,1,1,1,1,1,1
5930,udp,,53,0,1,1,1,1,1,1,1
5931,udp,,53,0,1,1,1,1,1,1,1
5932,udp,,53,0,1,1,1,1,1,1,1
5933,udp,,53,0,1,1,1,1,1,1,1
5934,udp,,53,0,1,1,1,1,1,1,1
5935,udp,,53,0,1,1,1,1,1,1,1
5936,udp,,53,0,1,1,1,1,1,1,1
5937,udp,,53,0,1,1,1,1,1,1,1
5938,udp,,53,0,1,1,1,1,1,1,1
5939,udp,,53,0,1,1,1,1,1,1,1
5940,udp,,53,0,1,1,1,1,1,1,1
5941,udp,,53,0,1,1,1,1,1,1,1
5942,udp,,53,0,1,1,1,1,1,1,1
5943,udp,,53,0,1,1,1,1,1,1,1
5944,udp,,53,0,1,1,1,1,1,1,1
5945,udp,,53,0,1,1,1,1,1,1,1
5946,udp,,53,0,1,1,1,1,1,1,1
5947,udp,,53,0,1,1,1,1,1,1,1
5948,udp,,53,0,1,1,1,1,1,1,1
5949,udp,,53,0,1,1,1,1,1,1,1
5950,udp,,53,0,1,1,1,1,1,1,1
5951,udp,,53,0,1,1,1,1,1,1,1
5952,udp,,53,0,1,1,1,1,1,1,1
5953,udp,,53,0,1,1,1,1,1,1,1
5954,udp,,53,0,1,1,1,1,1,1,1
5955,udp,,53,0,1,1,1,1,1,1,1
5956,udp,,53,0,1,1,1,1,1,1,1
5957,udp,,53,0,1,1,1,1,1,1,1
5958,udp,,53,0,1,1,1,1,1,1,1
5959,udp,,53,0,1,1,1,1,1,1,1
5960,udp,,53,0,1,1,1,1,1,1,1
5961,udp,,53,0,1,1,1,1,1,1,1
5962,udp,,53,0,1,1,1,1,1,1,1
5963,udp,,53,0,1,1,1,1,1,1,1
5964,udp,,53,0,1,1,1,1,1,1,1
5965,udp,,53,0,1,1,1,1,1,1,1
5966,udp,,53,0,1,1,1,1,1,1,1
5967,udp,,53,0,1,1,1,1,1,1,1
5968,udp,,53,0,1,1,1,1,1,1,1
5969,udp,,53,0,1,1,1,1,1,1,1
5970,udp,,53,0,1,1,1,1,1,1,1
5971,udp,,53,0,1,1,1,1,1,1,1
5972,udp,,53,0,1,1,1,1,1,1,1
5973,udp,,53,0,1,1,1,1,1,1,1
5974,udp,,53,0,1,1,1,1,1,1,1
5975,udp,,53,0,1,1,1,1,1,1,1
5976,udp,,53,0,1,1,1,1,1,1,1
5977,udp,,53,0,1,1,1,1,1,1,1
5978,udp,,53,0,1,1,1,1,1,1,1
5979,udp,,53,0,1,1,1,1,1,1,1
5980,udp,,53,0,1,1,1,1,1,1,1
5981,udp,,53,0,1,1,1,1,1,1,1
5982,udp,,53,0,1,1,1,1,1,1,1
5983,udp,,53,0,1,1,1,1,1,1,1
5984,udp,,53,0,1,1,1,1,1,1,1
5985,udp,,53,0,1,1,1,1,1,1,1
5986,udp,,53,0,1,1,1,1,1,1,1
5987,udp,,53,0,1,1,1,1,1,1,1
5988,udp,,53,0,1,1,1,1,1,1,1
5989,udp,,53,0,1,1,1,1,1,1,1
5990,udp,,53,0,1,1,1,1,1,1,1
5991,udp,,53,0,1,1,1,1,1,1,1
5992,udp,,53,0,1,1,1,1,1,1,1
5993,udp,,53,0,1,1,1,1,1,1,1
5994,udp,,53,0,1,1,1,1,1,1,1
5995,udp,,53,0,1,1,1,1,1,1,1
5996,udp,,53,0,1,1,1,1,1,1,1
5997,udp,,53,0,1,1,1,1,1,1,1
5998,udp,,53,0,1,1,1,1,1,1,1
5999,udp,,53,0,1,1,1,1,1,1,1
6000,udp,,53,0,1,1,1,1,1,1,1
6001,udp,,53,0,1,1,1,1,1,1,1
6002,udp,,53,0,1,1,1,1,1,1,1
6003,tcp,,34984,0,1,1,1,1,1,1,1
6004,udp,,53,0,1,1,1,1,1,1,1
6005,udp,,53,0,1,1,1,1,1,1,1
6006,udp,,53,0,1,1,1,1,1,1,1
6007,udp,,53,0,1,1,1,1,1,1,1
6008,tcp,,50960,0,1,1,1,1,1,1,1
6009,tcp,,50912,0,1,1,1,1,1,1,1
6010,udp,,53,0,1,1,1,1,1,1,1
6011,udp,,53,0,1,1,1,1,1,1,1
6012,udp,,53,0,1,1,1,1,1,1,1
6013,udp,,53,0,1,1,1,1,1,1,1
6014,udp,,53,0,1,1,1,1,1,1,1
6015,udp,,53,0,1,1,1,1,1,1,1
6016,udp,,53,0,1,1,1,1,1,1,1
6017,udp,,53,0,1,1,1,1,1,1,1
6018,udp,,53,0,1,1,1,1,1,1,1
6019,udp,,53,0,1,1,1,1,1,1,1
6020,udp,,53,0,1,1,1,1,1,1,1
6021,udp,,53,0,1,1,1,1,1,1,1
6022,udp,,53,0,1,1,1,1,1,1,1
6023,udp,,53,0,1,1,1,1,1,1,1
6024,udp,,53,0,1,1,1,1,1,1,1
6025,udp,,53,0,1,1,1,1,1,1,1
6026,udp,,53,0,1,1,1,1,1,1,1
6027,udp,,53,0,1,1,1,1,1,1,1
6028,tcp,,42773,0,1,1,1,1,1,1,1
6029,udp,,53,0,1,1,1,1,1,1,1
6030,udp,,53,0,1,1,1,1,1,1,1
6031,udp,,53,0,1,1,1,1,1,1,1
6032,udp,,53,0,1,1,1,1,1,1,1
6033,udp,,53,0,1,1,1,1,1,1,1
6034,udp,,53,0,1,1,1,1,1,1,1
6035,udp,,53,0,1,1,1,1,1,1,1
6036,udp,,53,0,1,1,1,1,1,1,1
6037,udp,,53,0,1,1,1,1,1,1,1
6038,udp,,53,0,1,1,1,1,1,1,1
6039,udp,,53,0,1,1,1,1,1,1,1
6040,udp,,53,0,1,1,1,1,1,1,1
6041,tcp,,50872,0,1,1,1,1,1,1,1
6042,tcp,,2181,0,1,1,1,1,1,1,1
6043,udp,,53,0,1,1,1,1,1,1,1
6044,udp,,53,0,1,1,1,1,1,1,1
6045,udp,,53,0,1,1,1,1,1,1,1
6046,udp,,53,0,1,1,1,1,1,1,1
6047,udp,,53,0,1,1,1,1,1,1,1
6048,udp,,53,0,1,1,1,1,1,1,1
6049,udp,,53,0,1,1,1,1,1,1,1
6050,udp,,53,0,1,1,1,1,1,1,1
6051,udp,,53,0,1,1,1,1,1,1,1
6052,udp,,53,0,1,1,1,1,1,1,1
6053,udp,,53,0,1,1,1,1,1,1,1
6054,udp,,53,0,1,1,1,1,1,1,1
6055,udp,,53,0,1,1,1,1,1,1,1
6056,udp,,53,0,1,1,1,1,1,1,1
6057,udp,,53,0,1,1,1,1,1,1,1
6058,udp,,53,0,1,1,1,1,1,1,1
6059,udp,,53,0,1,1,1,1,1,1,1
6060,udp,,53,0,1,1,1,1,1,1,1
6061,udp,,53,0,1,1,1,1,1,1,1
6062,udp,,53,0,1,1,1,1,1,1,1
6063,udp,,53,0,1,1,1,1,1,1,1
6064,udp,,53,0,1,1,1,1,1,1,1
6065,udp,,53,0,1,1,1,1,1,1,1
6066,udp,,53,0,1,1,1,1,1,1,1
6067,udp,,53,0,1,1,1,1,1,1,1
6068,udp,,53,0,1,1,1,1,1,1,1
6069,udp,,53,0,1,1,1,1,1,1,1
6070,udp,,53,0,1,1,1,1,1,1,1
6071,udp,,53,0,1,1,1,1,1,1,1
6072,udp,,53,0,1,1,1,1,1,1,1
6073,udp,,53,0,1,1,1,1,1,1,1
6074,udp,,53,0,1,1,1,1,1,1,1
6075,udp,,53,0,1,1,1,1,1,1,1
6076,udp,,53,0,1,1,1,1,1,1,1
6077,udp,,53,0,1,1,1,1,1,1,1
6078,udp,,53,0,1,1,1,1,1,1,1
6079,udp,,53,0,1,1,1,1,1,1,1
6080,udp,,53,0,1,1,1,1,1,1,1
6081,udp,,53,0,1,1,1,1,1,1,1
6082,udp,,53,0,1,1,1,1,1,1,1
6083,udp,,53,0,1,1,1,1,1,1,1
6084,udp,,53,0,1,1,1,1,1,1,1
6085,tcp,,9092,0,1,1,1,1,1,1,1
6086,udp,,53,0,1,1,1,1,1,1,1
6087,udp,,53,0,1,1,1,1,1,1,1
6088,udp,,53,0,1,1,1,1,1,1,1
6089,udp,,53,0,1,1,1,1,1,1,1
6090,udp,,53,0,1,1,1,1,1,1,1
6091,udp,,53,0,1,1,1,1,1,1,1
6092,udp,,53,0,1,1,1,1,1,1,1
6093,udp,,53,0,1,1,1,1,1,1,1
6094,udp,,53,0,1,1,1,1,1,1,1
6095,udp,,53,0,1,1,1,1,1,1,1
6096,udp,,53,0,1,1,1,1,1,1,1
6097,tcp,,27017,0,1,1,1,1,1,1,1
6098,tcp,,57574,0,1,1,1,1,1,1,1
6099,udp,,53,0,1,1,1,1,1,1,1
6100,udp,,53,0,1,1,1,1,1,1,1
6101,udp,,53,0,1,1,1,1,1,1,1
6102,udp,,53,0,1,1,1,1,1,1,1
6103,udp,,53,0,1,1,1,1,1,1,1
6104,udp,,53,0,1,1,1,1,1,1,1
6105,tcp,,9092,0,1,1,1,1,1,1,1
6106,udp,,53,0,1,1,1,1,1,1,1
6107,udp,,53,0,1,1,1,1,1,1,1
6108,udp,,53,0,1,1,1,1,1,1,1
6109,udp,,53,0,1,1,1,1,1,1,1
6110,udp,,53,0,1,1,1,1,1,1,1
6111,udp,,53,0,1,1,1,1,1,1,1
6112,udp,,53,0,1,1,1,1,1,1,1
6113,udp,,53,0,1,1,1,1,1,1,1
6114,udp,,53,0,1,1,1,1,1,1,1
6115,udp,,53,0,1,1,1,1,1,1,1
6116,udp,,53,0,1,1,1,1,1,1,1
6117,udp,,53,0,1,1,1,1,1,1,1
6118,udp,,53,0,1,1,1,1,1,1,1
6119,udp,,53,0,1,1,1,1,1,1,1
6120,udp,,53,0,1,1,1,1,1,1,1
6121,udp,,53,0,1,1,1,1,1,1,1
6122,udp,,53,0,1,1,1,1,1,1,1
6123,udp,,53,0,1,1,1,1,1,1,1
6124,udp,,53,0,1,1,1,1,1,1,1
6125,udp,,53,0,1,1,1,1,1,1,1
6126,udp,,53,0,1,1,1,1,1,1,1
6127,udp,,53,0,1,1,1,1,1,1,1
6128,udp,,53,0,1,1,1,1,1,1,1
6129,udp,,53,0,1,1,1,1,1,1,1
6130,udp,,53,0,1,1,1,1,1,1,1
6131,udp,,53,0,1,1,1,1,1,1,1
6132,udp,,53,0,1,1,1,1,1,1,1
6133,udp,,53,0,1,1,1,1,1,1,1
6134,udp,,53,0,1,1,1,1,1,1,1
6135,udp,,53,0,1,1,1,1,1,1,1
6136,udp,,53,0,1,1,1,1,1,1,1
6137,udp,,53,0,1,1,1,1,1,1,1
6138,udp,,53,0,1,1,1,1,1,1,1
6139,udp,,53,0,1,1,1,1,1,1,1
6140,udp,,53,0,1,1,1,1,1,1,1
6141,udp,,53,0,1,1,1,1,1,1,1
6142,udp,,53,0,1,1,1,1,1,1,1
6143,udp,,53,0,1,1,1,1,1,1,1
6144,udp,,53,0,1,1,1,1,1,1,1
6145,tcp,,34984,0,1,1,1,1,1,1,1
6146,tcp,,50960,0,1,1,1,1,1,1,1
6147,tcp,,50912,0,1,1,1,1,1,1,1
6148,udp,,53,0,1,1,1,1,1,1,1
6149,udp,,53,0,1,1,1,1,1,1,1
6150,udp,,53,0,1,1,1,1,1,1,1
6151,udp,,53,0,1,1,1,1,1,1,1
6152,udp,,53,0,1,1,1,1,1,1,1
6153,udp,,53,0,1,1,1,1,1,1,1
6154,udp,,53,0,1,1,1,1,1,1,1
6155,udp,,53,0,1,1,1,1,1,1,1
6156,udp,,53,0,1,1,1,1,1,1,1
6157,udp,,53,0,1,1,1,1,1,1,1
6158,udp,,53,0,1,1,1,1,1,1,1
6159,udp,,53,0,1,1,1,1,1,1,1
6160,udp,,53,0,1,1,1,1,1,1,1
6161,udp,,53,0,1,1,1,1,1,1,1
6162,tcp,,42773,0,1,1,1,1,1,1,1
6163,udp,,53,0,1,1,1,1,1,1,1
6164,udp,,53,0,1,1,1,1,1,1,1
6165,udp,,53,0,1,1,1,1,1,1,1
6166,udp,,53,0,1,1,1,1,1,1,1
6167,udp,,53,0,1,1,1,1,1,1,1
6168,udp,,53,0,1,1,1,1,1,1,1
6169,udp,,53,0,1,1,1,1,1,1,1
6170,udp,,53,0,1,1,1,1,1,1,1
6171,tcp,,50872,0,1,1,1,1,1,1,1
6172,udp,,53,0,1,1,1,1,1,1,1
6173,udp,,53,0,1,1,1,1,1,1,1
6174,tcp,,58768,0,1,1,1,1,1,1,1
6175,tcp,,45903,0,1,1,1,1,1,1,1
6176,udp,,53,0,1,1,1,1,1,1,1
6177,udp,,53,0,1,1,1,1,1,1,1
6178,udp,,53,0,1,1,1,1,1,1,1
6179,udp,,53,0,1,1,1,1,1,1,1
6180,udp,,53,0,1,1,1,1,1,1,1
6181,udp,,53,0,1,1,1,1,1,1,1
6182,udp,,53,0,1,1,1,1,1,1,1
6183,udp,,53,0,1,1,1,1,1,1,1
6184,udp,,53,0,1,1,1,1,1,1,1
6185,udp,,53,0,1,1,1,1,1,1,1
6186,udp,,53,0,1,1,1,1,1,1,1
6187,udp,,53,0,1,1,1,1,1,1,1
6188,udp,,53,0,1,1,1,1,1,1,1
6189,udp,,53,0,1,1,1,1,1,1,1
6190,udp,,53,0,1,1,1,1,1,1,1
6191,udp,,53,0,1,1,1,1,1,1,1
6192,udp,,53,0,1,1,1,1,1,1,1
6193,udp,,53,0,1,1,1,1,1,1,1
6194,udp,,53,0,1,1,1,1,1,1,1
6195,udp,,53,0,1,1,1,1,1,1,1
6196,udp,,53,0,1,1,1,1,1,1,1
6197,udp,,53,0,1,1,1,1,1,1,1
6198,udp,,53,0,1,1,1,1,1,1,1
6199,tcp,,9092,0,1,1,1,1,1,1,1
6200,tcp,,9997,0,1,1,1,1,1,1,1
6201,tcp,,9997,0,1,1,1,1,1,1,1
6202,tcp,,2181,0,1,1,1,1,1,1,1
6203,tcp,,36276,0,1,1,1,1,1,1,1
6204,udp,,53,0,1,1,1,1,1,1,1
6205,udp,,53,0,1,1,1,1,1,1,1
6206,udp,,53,0,1,1,1,1,1,1,1
6207,udp,,53,0,1,1,1,1,1,1,1
6208,udp,,53,0,1,1,1,1,1,1,1
6209,udp,,53,0,1,1,1,1,1,1,1
6210,udp,,53,0,1,1,1,1,1,1,1
6211,udp,,53,0,1,1,1,1,1,1,1
6212,udp,,53,0,1,1,1,1,1,1,1
6213,udp,,53,0,1,1,1,1,1,1,1
6214,udp,,53,0,1,1,1,1,1,1,1
6215,udp,,53,0,1,1,1,1,1,1,1
6216,udp,,53,0,1,1,1,1,1,1,1
6217,udp,,53,0,1,1,1,1,1,1,1
6218,udp,,53,0,1,1,1,1,1,1,1
6219,udp,,53,0,1,1,1,1,1,1,1
6220,udp,,53,0,1,1,1,1,1,1,1
6221,udp,,53,0,1,1,1,1,1,1,1
6222,tcp,,9092,0,1,1,1,1,1,1,1
6223,udp,,53,0,1,1,1,1,1,1,1
6224,udp,,53,0,1,1,1,1,1,1,1
6225,udp,,53,0,1,1,1,1,1,1,1
6226,udp,,53,0,1,1,1,1,1,1,1
6227,udp,,53,0,1,1,1,1,1,1,1
6228,udp,,53,0,1,1,1,1,1,1,1
6229,udp,,53,0,1,1,1,1,1,1,1
6230,udp,,53,0,1,1,1,1,1,1,1
6231,tcp,,57574,0,1,1,1,1,1,1,1
6232,udp,,53,0,1,1,1,1,1,1,1
6233,udp,,53,0,1,1,1,1,1,1,1
6234,udp,,53,0,1,1,1,1,1,1,1
6235,udp,,53,0,1,1,1,1,1,1,1
6236,udp,,53,0,1,1,1,1,1,1,1
6237,udp,,53,0,1,1,1,1,1,1,1
6238,udp,,53,0,1,1,1,1,1,1,1
6239,udp,,53,0,1,1,1,1,1,1,1
6240,udp,,53,0,1,1,1,1,1,1,1
6241,udp,,53,0,1,1,1,1,1,1,1
6242,udp,,53,0,1,1,1,1,1,1,1
6243,udp,,53,0,1,1,1,1,1,1,1
6244,udp,,53,0,1,1,1,1,1,1,1
6245,udp,,53,0,1,1,1,1,1,1,1
6246,udp,,53,0,1,1,1,1,1,1,1
6247,udp,,53,0,1,1,1,1,1,1,1
6248,udp,,53,0,1,1,1,1,1,1,1
6249,udp,,53,0,1,1,1,1,1,1,1
6250,udp,,53,0,1,1,1,1,1,1,1
6251,udp,,53,0,1,1,1,1,1,1,1
6252,udp,,53,0,1,1,1,1,1,1,1
6253,udp,,53,0,1,1,1,1,1,1,1
6254,udp,,53,0,1,1,1,1,1,1,1
6255,udp,,53,0,1,1,1,1,1,1,1
6256,udp,,53,0,1,1,1,1,1,1,1
6257,udp,,53,0,1,1,1,1,1,1,1
6258,udp,,53,0,1,1,1,1,1,1,1
6259,udp,,53,0,1,1,1,1,1,1,1
6260,udp,,53,0,1,1,1,1,1,1,1
6261,udp,,53,0,1,1,1,1,1,1,1
6262,tcp,,34984,0,1,1,1,1,1,1,1
6263,udp,,53,0,1,1,1,1,1,1,1
6264,udp,,53,0,1,1,1,1,1,1,1
6265,udp,,53,0,1,1,1,1,1,1,1
6266,udp,,53,0,1,1,1,1,1,1,1
6267,udp,,53,0,1,1,1,1,1,1,1
6268,udp,,53,0,1,1,1,1,1,1,1
6269,udp,,53,0,1,1,1,1,1,1,1
6270,udp,,53,0,1,1,1,1,1,1,1
6271,tcp,,50960,0,1,1,1,1,1,1,1
6272,udp,,53,0,1,1,1,1,1,1,1
6273,udp,,53,0,1,1,1,1,1,1,1
6274,tcp,,50912,0,1,1,1,1,1,1,1
6275,udp,,53,0,1,1,1,1,1,1,1
6276,udp,,53,0,1,1,1,1,1,1,1
6277,udp,,53,0,1,1,1,1,1,1,1
6278,udp,,53,0,1,1,1,1,1,1,1
6279,tcp,,9092,0,1,1,1,1,1,1,1
6280,udp,,53,0,1,1,1,1,1,1,1
6281,udp,,53,0,1,1,1,1,1,1,1
6282,udp,,53,0,1,1,1,1,1,1,1
6283,udp,,53,0,1,1,1,1,1,1,1
6284,udp,,53,0,1,1,1,1,1,1,1
6285,udp,,53,0,1,1,1,1,1,1,1
6286,udp,,53,0,1,1,1,1,1,1,1
6287,udp,,53,0,1,1,1,1,1,1,1
6288,tcp,,42773,0,1,1,1,1,1,1,1
6289,udp,,53,0,1,1,1,1,1,1,1
6290,udp,,53,0,1,1,1,1,1,1,1
6291,udp,,53,0,1,1,1,1,1,1,1
6292,udp,,53,0,1,1,1,1,1,1,1
6293,udp,,53,0,1,1,1,1,1,1,1
6294,udp,,53,0,1,1,1,1,1,1,1
6295,udp,,53,0,1,1,1,1,1,1,1
6296,udp,,53,0,1,1,1,1,1,1,1
6297,udp,,53,0,1,1,1,1,1,1,1
6298,udp,,53,0,1,1,1,1,1,1,1
6299,udp,,53,0,1,1,1,1,1,1,1
6300,udp,,53,0,1,1,1,1,1,1,1
6301,udp,,53,0,1,1,1,1,1,1,1
6302,udp,,53,0,1,1,1,1,1,1,1
6303,udp,,53,0,1,1,1,1,1,1,1
6304,udp,,53,0,1,1,1,1,1,1,1
6305,tcp,,50872,0,1,1,1,1,1,1,1
6306,udp,,53,0,1,1,1,1,1,1,1
6307,udp,,53,0,1,1,1,1,1,1,1
6308,udp,,53,0,1,1,1,1,1,1,1
6309,udp,,53,0,1,1,1,1,1,1,1
6310,tcp,,2181,0,1,1,1,1,1,1,1
6311,udp,,53,0,1,1,1,1,1,1,1
6312,udp,,53,0,1,1,1,1,1,1,1
6313,udp,,53,0,1,1,1,1,1,1,1
6314,udp,,53,0,1,1,1,1,1,1,1
6315,udp,,53,0,1,1,1,1,1,1,1
6316,udp,,53,0,1,1,1,1,1,1,1
6317,tcp,,27017,0,1,1,1,1,1,1,1
6318,tcp,,57574,0,1,1,1,1,1,1,1
6319,udp,,53,0,1,1,1,1,1,1,1
6320,udp,,53,0,1,1,1,1,1,1,1
6321,udp,,53,0,1,1,1,1,1,1,1
6322,udp,,53,0,1,1,1,1,1,1,1
6323,udp,,53,0,1,1,1,1,1,1,1
6324,udp,,53,0,1,1,1,1,1,1,1
6325,udp,,53,0,1,1,1,1,1,1,1
6326,udp,,53,0,1,1,1,1,1,1,1
6327,udp,,53,0,1,1,1,1,1,1,1
6328,udp,,53,0,1,1,1,1,1,1,1
6329,udp,,53,0,1,1,1,1,1,1,1
6330,udp,,53,0,1,1,1,1,1,1,1
6331,udp,,53,0,1,1,1,1,1,1,1
6332,udp,,53,0,1,1,1,1,1,1,1
6333,udp,,53,0,1,1,1,1,1,1,1
6334,udp,,53,0,1,1,1,1,1,1,1
6335,udp,,53,0,1,1,1,1,1,1,1
6336,udp,,53,0,1,1,1,1,1,1,1
6337,udp,,53,0,1,1,1,1,1,1,1
6338,udp,,53,0,1,1,1,1,1,1,1
6339,udp,,53,0,1,1,1,1,1,1,1
6340,udp,,53,0,1,1,1,1,1,1,1
6341,udp,,53,0,1,1,1,1,1,1,1
6342,udp,,53,0,1,1,1,1,1,1,1
6343,udp,,53,0,1,1,1,1,1,1,1
6344,udp,,53,0,1,1,1,1,1,1,1
6345,udp,,53,0,1,1,1,1,1,1,1
6346,udp,,53,0,1,1,1,1,1,1,1
6347,udp,,53,0,1,1,1,1,1,1,1
6348,udp,,53,0,1,1,1,1,1,1,1
6349,udp,,53,0,1,1,1,1,1,1,1
6350,udp,,53,0,1,1,1,1,1,1,1
6351,udp,,53,0,1,1,1,1,1,1,1
6352,udp,,53,0,1,1,1,1,1,1,1
6353,udp,,53,0,1,1,1,1,1,1,1
6354,udp,,53,0,1,1,1,1,1,1,1
6355,udp,,53,0,1,1,1,1,1,1,1
6356,udp,,53,0,1,1,1,1,1,1,1
6357,udp,,53,0,1,1,1,1,1,1,1
6358,udp,,53,0,1,1,1,1,1,1,1
6359,udp,,53,0,1,1,1,1,1,1,1
6360,udp,,53,0,1,1,1,1,1,1,1
6361,tcp,,34984,0,1,1,1,1,1,1,1
6362,tcp,,9092,0,1,1,1,1,1,1,1
6363,udp,,53,0,1,1,1,1,1,1,1
6364,udp,,53,0,1,1,1,1,1,1,1
6365,udp,,53,0,1,1,1,1,1,1,1
6366,udp,,53,0,1,1,1,1,1,1,1
6367,udp,,53,0,1,1,1,1,1,1,1
6368,udp,,53,0,1,1,1,1,1,1,1
6369,udp,,53,0,1,1,1,1,1,1,1
6370,udp,,53,0,1,1,1,1,1,1,1
6371,udp,,53,0,1,1,1,1,1,1,1
6372,udp,,53,0,1,1,1,1,1,1,1
6373,udp,,53,0,1,1,1,1,1,1,1
6374,udp,,53,0,1,1,1,1,1,1,1
6375,tcp,,50960,0,1,1,1,1,1,1,1
6376,tcp,,50912,0,1,1,1,1,1,1,1
6377,tcp,,58768,0,1,1,1,1,1,1,1
6378,tcp,,45903,0,1,1,1,1,1,1,1
6379,tcp,,42773,0,1,1,1,1,1,1,1
6380,udp,,53,0,1,1,1,1,1,1,1
6381,udp,,53,0,1,1,1,1,1,1,1
6382,udp,,53,0,1,1,1,1,1,1,1
6383,udp,,53,0,1,1,1,1,1,1,1
6384,udp,,53,0,1,1,1,1,1,1,1
6385,udp,,53,0,1,1,1,1,1,1,1
6386,udp,,53,0,1,1,1,1,1,1,1
6387,udp,,53,0,1,1,1,1,1,1,1
6388,udp,,53,0,1,1,1,1,1,1,1
6389,udp,,53,0,1,1,1,1,1,1,1
6390,tcp,,9092,0,1,1,1,1,1,1,1
6391,udp,,53,0,1,1,1,1,1,1,1
6392,udp,,53,0,1,1,1,1,1,1,1
6393,udp,,53,0,1,1,1,1,1,1,1
6394,udp,,53,0,1,1,1,1,1,1,1
6395,udp,,53,0,1,1,1,1,1,1,1
6396,udp,,53,0,1,1,1,1,1,1,1
6397,udp,,53,0,1,1,1,1,1,1,1
6398,udp,,53,0,1,1,1,1,1,1,1
6399,udp,,53,0,1,1,1,1,1,1,1
6400,udp,,53,0,1,1,1,1,1,1,1
6401,udp,,53,0,1,1,1,1,1,1,1
6402,udp,,53,0,1,1,1,1,1,1,1
6403,udp,,53,0,1,1,1,1,1,1,1
6404,udp,,53,0,1,1,1,1,1,1,1
6405,udp,,53,0,1,1,1,1,1,1,1
6406,udp,,53,0,1,1,1,1,1,1,1
6407,udp,,53,0,1,1,1,1,1,1,1
6408,udp,,53,0,1,1,1,1,1,1,1
6409,udp,,53,0,1,1,1,1,1,1,1
6410,udp,,53,0,1,1,1,1,1,1,1
6411,tcp,,50872,0,1,1,1,1,1,1,1
6412,udp,,53,0,1,1,1,1,1,1,1
6413,udp,,53,0,1,1,1,1,1,1,1
6414,udp,,53,0,1,1,1,1,1,1,1
6415,udp,,53,0,1,1,1,1,1,1,1
6416,udp,,53,0,1,1,1,1,1,1,1
6417,udp,,53,0,1,1,1,1,1,1,1
6418,udp,,53,0,1,1,1,1,1,1,1
6419,udp,,53,0,1,1,1,1,1,1,1
6420,udp,,53,0,1,1,1,1,1,1,1
6421,udp,,53,0,1,1,1,1,1,1,1
6422,udp,,53,0,1,1,1,1,1,1,1
6423,udp,,53,0,1,1,1,1,1,1,1
6424,udp,,53,0,1,1,1,1,1,1,1
6425,udp,,53,0,1,1,1,1,1,1,1
6426,udp,,53,0,1,1,1,1,1,1,1
6427,udp,,53,0,1,1,1,1,1,1,1
6428,tcp,,36276,0,1,1,1,1,1,1,1
6429,udp,,53,0,1,1,1,1,1,1,1
6430,udp,,53,0,1,1,1,1,1,1,1
6431,udp,,53,0,1,1,1,1,1,1,1
6432,udp,,53,0,1,1,1,1,1,1,1
6433,udp,,53,0,1,1,1,1,1,1,1
6434,udp,,53,0,1,1,1,1,1,1,1
6435,udp,,53,0,1,1,1,1,1,1,1
6436,udp,,53,0,1,1,1,1,1,1,1
6437,udp,,53,0,1,1,1,1,1,1,1
6438,udp,,53,0,1,1,1,1,1,1,1
6439,tcp,,57574,0,1,1,1,1,1,1,1
6440,tcp,,2181,0,1,1,1,1,1,1,1
6441,tcp,,34984,0,1,1,1,1,1,1,1
6442,udp,,53,0,1,1,1,1,1,1,1
6443,udp,,53,0,1,1,1,1,1,1,1
6444,udp,,53,0,1,1,1,1,1,1,1
6445,udp,,53,0,1,1,1,1,1,1,1
6446,udp,,53,0,1,1,1,1,1,1,1
6447,udp,,53,0,1,1,1,1,1,1,1
6448,udp,,53,0,1,1,1,1,1,1,1
6449,udp,,53,0,1,1,1,1,1,1,1
6450,udp,,53,0,1,1,1,1,1,1,1
6451,udp,,53,0,1,1,1,1,1,1,1
6452,udp,,53,0,1,1,1,1,1,1,1
6453,udp,,53,0,1,1,1,1,1,1,1
6454,udp,,53,0,1,1,1,1,1,1,1
6455,udp,,53,0,1,1,1,1,1,1,1
6456,udp,,53,0,1,1,1,1,1,1,1
6457,udp,,53,0,1,1,1,1,1,1,1
6458,udp,,53,0,1,1,1,1,1,1,1
6459,udp,,53,0,1,1,1,1,1,1,1
6460,udp,,53,0,1,1,1,1,1,1,1
6461,udp,,53,0,1,1,1,1,1,1,1
6462,tcp,,50960,0,1,1,1,1,1,1,1
6463,tcp,,50912,0,1,1,1,1,1,1,1
6464,tcp,,9092,0,1,1,1,1,1,1,1
6465,tcp,,42773,0,1,1,1,1,1,1,1
6466,udp,,53,0,1,1,1,1,1,1,1
6467,udp,,53,0,1,1,1,1,1,1,1
6468,udp,,53,0,1,1,1,1,1,1,1
6469,udp,,53,0,1,1,1,1,1,1,1
6470,tcp,,50872,0,1,1,1,1,1,1,1
6471,tcp,,9092,0,1,1,1,1,1,1,1
6472,udp,,53,0,1,1,1,1,1,1,1
6473,udp,,53,0,1,1,1,1,1,1,1
6474,udp,,53,0,1,1,1,1,1,1,1
6475,udp,,53,0,1,1,1,1,1,1,1
6476,udp,,53,0,1,1,1,1,1,1,1
6477,udp,,53,0,1,1,1,1,1,1,1
6478,udp,,53,0,1,1,1,1,1,1,1
6479,tcp,,27017,0,1,1,1,1,1,1,1
6480,tcp,,57574,0,1,1,1,1,1,1,1
6481,udp,,53,0,1,1,1,1,1,1,1
6482,udp,,53,0,1,1,1,1,1,1,1
6483,udp,,53,0,1,1,1,1,1,1,1
6484,udp,,53,0,1,1,1,1,1,1,1
6485,udp,,53,0,1,1,1,1,1,1,1
6486,udp,,53,0,1,1,1,1,1,1,1
6487,tcp,,58768,0,1,1,1,1,1,1,1
6488,tcp,,45903,0,1,1,1,1,1,1,1
6489,udp,,53,0,1,1,1,1,1,1,1
6490,udp,,53,0,1,1,1,1,1,1,1
6491,udp,,53,0,1,1,1,1,1,1,1
6492,udp,,53,0,1,1,1,1,1,1,1
6493,udp,,53,0,1,1,1,1,1,1,1
6494,udp,,53,0,1,1,1,1,1,1,1
6495,udp,,53,0,1,1,1,1,1,1,1
6496,udp,,53,0,1,1,1,1,1,1,1
6497,tcp,,34984,0,1,1,1,1,1,1,1
6498,tcp,,50960,0,1,1,1,1,1,1,1
6499,tcp,,50912,0,1,1,1,1,1,1,1
6500,udp,,53,0,1,1,1,1,1,1,1
6501,udp,,53,0,1,1,1,1,1,1,1
6502,udp,,53,0,1,1,1,1,1,1,1
6503,udp,,53,0,1,1,1,1,1,1,1
6504,tcp,,2181,0,1,1,1,1,1,1,1
6505,udp,,53,0,1,1,1,1,1,1,1
6506,udp,,53,0,1,1,1,1,1,1,1
6507,udp,,53,0,1,1,1,1,1,1,1
6508,udp,,53,0,1,1,1,1,1,1,1
6509,udp,,53,0,1,1,1,1,1,1,1
6510,udp,,53,0,1,1,1,1,1,1,1
6511,tcp,,42773,0,1,1,1,1,1,1,1
6512,udp,,53,0,1,1,1,1,1,1,1
6513,udp,,53,0,1,1,1,1,1,1,1
6514,tcp,,50872,0,1,1,1,1,1,1,1
6515,udp,,53,0,1,1,1,1,1,1,1
6516,udp,,53,0,1,1,1,1,1,1,1
6517,udp,,53,0,1,1,1,1,1,1,1
6518,udp,,53,0,1,1,1,1,1,1,1
6519,udp,,53,0,1,1,1,1,1,1,1
6520,udp,,53,0,1,1,1,1,1,1,1
6521,tcp,,9092,0,1,1,1,1,1,1,1
6522,udp,,53,0,1,1,1,1,1,1,1
6523,udp,,53,0,1,1,1,1,1,1,1
6524,tcp,,36276,0,1,1,1,1,1,1,1
6525,tcp,,9092,0,1,1,1,1,1,1,1
6526,udp,,53,0,1,1,1,1,1,1,1
6527,udp,,53,0,1,1,1,1,1,1,1
6528,udp,,53,0,1,1,1,1,1,1,1
6529,udp,,53,0,1,1,1,1,1,1,1
6530,udp,,53,0,1,1,1,1,1,1,1
6531,udp,,53,0,1,1,1,1,1,1,1
6532,udp,,53,0,1,1,1,1,1,1,1
6533,udp,,53,0,1,1,1,1,1,1,1
6534,udp,,53,0,1,1,1,1,1,1,1
6535,udp,,53,0,1,1,1,1,1,1,1
6536,udp,,53,0,1,1,1,1,1,1,1
6537,udp,,53,0,1,1,1,1,1,1,1
6538,udp,,53,0,1,1,1,1,1,1,1
6539,udp,,53,0,1,1,1,1,1,1,1
6540,udp,,53,0,1,1,1,1,1,1,1
6541,udp,,53,0,1,1,1,1,1,1,1
6542,udp,,53,0,1,1,1,1,1,1,1
6543,udp,,53,0,1,1,1,1,1,1,1
6544,udp,,53,0,1,1,1,1,1,1,1
6545,udp,,53,0,1,1,1,1,1,1,1
6546,udp,,53,0,1,1,1,1,1,1,1
6547,udp,,53,0,1,1,1,1,1,1,1
6548,tcp,,57574,0,1,1,1,1,1,1,1
6549,udp,,53,0,1,1,1,1,1,1,1
6550,udp,,53,0,1,1,1,1,1,1,1
6551,udp,,53,0,1,1,1,1,1,1,1
6552,udp,,53,0,1,1,1,1,1,1,1
6553,udp,,53,0,1,1,1,1,1,1,1
6554,udp,,53,0,1,1,1,1,1,1,1
6555,tcp,,34984,0,1,1,1,1,1,1,1
6556,tcp,,50960,0,1,1,1,1,1,1,1
6557,tcp,,50912,0,1,1,1,1,1,1,1
6558,udp,,53,0,1,1,1,1,1,1,1
6559,udp,,53,0,1,1,1,1,1,1,1
6560,udp,,53,0,1,1,1,1,1,1,1
6561,udp,,53,0,1,1,1,1,1,1,1
6562,udp,,53,0,1,1,1,1,1,1,1
6563,udp,,53,0,1,1,1,1,1,1,1
6564,udp,,53,0,1,1,1,1,1,1,1
6565,udp,,53,0,1,1,1,1,1,1,1
6566,udp,,53,0,1,1,1,1,1,1,1
6567,udp,,53,0,1,1,1,1,1,1,1
6568,udp,,53,0,1,1,1,1,1,1,1
6569,udp,,53,0,1,1,1,1,1,1,1
6570,udp,,53,0,1,1,1,1,1,1,1
6571,udp,,53,0,1,1,1,1,1,1,1
6572,tcp,,42773,0,1,1,1,1,1,1,1
6573,tcp,,50872,0,1,1,1,1,1,1,1
6574,tcp,,2181,0,1,1,1,1,1,1,1
6575,udp,,53,0,1,1,1,1,1,1,1
6576,udp,,53,0,1,1,1,1,1,1,1
6577,udp,,53,0,1,1,1,1,1,1,1
6578,udp,,53,0,1,1,1,1,1,1,1
6579,udp,,53,0,1,1,1,1,1,1,1
6580,udp,,53,0,1,1,1,1,1,1,1
6581,udp,,53,0,1,1,1,1,1,1,1
6582,udp,,53,0,1,1,1,1,1,1,1
6583,udp,,53,0,1,1,1,1,1,1,1
6584,udp,,53,0,1,1,1,1,1,1,1
6585,udp,,53,0,1,1,1,1,1,1,1
6586,udp,,53,0,1,1,1,1,1,1,1
6587,udp,,53,0,1,1,1,1,1,1,1
6588,udp,,53,0,1,1,1,1,1,1,1
6589,udp,,53,0,1,1,1,1,1,1,1
6590,udp,,53,0,1,1,1,1,1,1,1
6591,udp,,53,0,1,1,1,1,1,1,1
6592,udp,,53,0,1,1,1,1,1,1,1
6593,udp,,53,0,1,1,1,1,1,1,1
6594,udp,,53,0,1,1,1,1,1,1,1
6595,udp,,53,0,1,1,1,1,1,1,1
6596,udp,,53,0,1,1,1,1,1,1,1
6597,udp,,53,0,1,1,1,1,1,1,1
6598,udp,,53,0,1,1,1,1,1,1,1
6599,udp,,53,0,1,1,1,1,1,1,1
6600,tcp,,9092,0,1,1,1,1,1,1,1
6601,udp,,53,0,1,1,1,1,1,1,1
6602,udp,,53,0,1,1,1,1,1,1,1
6603,udp,,53,0,1,1,1,1,1,1,1
6604,udp,,53,0,1,1,1,1,1,1,1
6605,udp,,53,0,1,1,1,1,1,1,1
6606,udp,,53,0,1,1,1,1,1,1,1
6607,tcp,,58768,0,1,1,1,1,1,1,1
6608,tcp,,45903,0,1,1,1,1,1,1,1
6609,udp,dhcp,67,0,1,1,1,1,1,1,0
6610,icmp,,0,0,1,1,1,1,1,1,1
6611,udp,dhcp,67,0,1,1,1,1,1,1,0
6612,udp,dns,53,0,1,1,1,1,1,1,0
6613,udp,dns,53,0,1,1,1,1,1,1,0
6614,tcp,http,80,0,1,1,1,1,1,1,1
6615,tcp,,27017,0,1,1,1,1,1,1,1
6616,udp,dns,5353,0,1,1,1,1,1,1,1
6617,tcp,,57574,0,1,1,1,1,1,1,1
6618,,,80,,0,1,1,1,1,1,0
6619,tcp,,9092,0,1,1,1,1,1,1,1
6620,udp,dns,53,0,1,1,1,1,1,1,0
6621,udp,dns,53,0,1,1,1,1,1,1,0
6622,icmp,,136,0,1,1,1,1,1,1,1
6623,udp,dns,53,0,1,1,1,1,1,1,0
6624,udp,dns,53,0,1,1,1,1,1,1,0
6625,udp,dns,53,0,1,1,1,1,1,1,0
6626,udp,dns,53,0,1,1,1,1,1,1,0
6627,udp,dns,53,0,1,1,1,1,1,1,0
6628,udp,dns,53,0,1,1,1,1,1,1,0
6629,udp,dns,53,0,1,1,1,1,1,1,0
6630,udp,dns,53,0,1,1,1,1,1,1,0
6631,udp,dns,53,0,1,1,1,1,1,1,0
6632,udp,dns,53,0,1,1,1,1,1,1,0
6633,udp,dns,53,0,1,1,1,1,1,1,0
6634,udp,dns,53,0,1,1,1,1,1,1,0
6635,udp,dns,53,0,1,1,1,1,1,1,0
6636,udp,dns,53,0,1,1,1,1,1,1,0
6637,udp,dns,53,0,1,1,1,1,1,1,0
6638,udp,dns,53,0,1,1,1,1,1,1,0
6639,udp,dns,53,0,1,1,1,1,1,1,0
6640,udp,dns,53,0,1,1,1,1,1,1,0
6641,udp,dns,53,0,1,1,1,1,1,1,0
6642,udp,dns,53,0,1,1,1,1,1,1,0
6643,udp,dns,53,0,1,1,1,1,1,1,0
6644,udp,dns,53,0,1,1,1,1,1,1,0
6645,udp,dns,53,0,1,1,1,1,1,1,0
6646,udp,dns,53,0,1,1,1,1,1,1,0
6647,tcp,http,80,0,1,1,1,1,1,1,1
6648,tcp,http,80,0,1,1,1,1,1,1,1
6649,udp,dns,53,0,1,1,1,1,1,1,0
6650,udp,dns,53,0,1,1,1,1,1,1,0
6651,udp,dns,53,0,1,1,1,1,1,1,0
6652,udp,quic,443,0,1,1,1,1,1,1,1
6653,,,443,,0,1,0,1,1,1,0
6654,tcp,ssl,443,2676,1,1,1,1,1,1,0
6655,udp,dns,53,0,1,1,1,1,1,1,0
6656,udp,dns,53,0,1,1,1,1,1,1,0
6657,tcp,,443,0,1,1,1,1,1,1,1
6658,tcp,,443,0,1,1,1,1,1,1,1
6659,tcp,ssl,443,2676,1,1,1,1,1,1,0
6660,tcp,ssl,443,2676,1,1,1,1,1,1,0
6661,udp,dns,53,0,1,1,1,1,1,1,0
6662,udp,dns,53,0,1,1,1,1,1,1,0
6663,udp,quic,443,0,1,1,1,1,1,1,1
6664,,,443,,1,1,1,1,1,1,1
6665,udp,dns,53,0,1,1,1,1,1,1,0
6666,udp,quic,443,0,1,1,1,1,1,1,1
6667,,,443,,1,1,1,1,1,1,1
6668,tcp,ssl,443,5352,1,1,1,1,1,1,0
6669,,,80,,0,1,1,1,1,1,0
6670,,,80,,0,1,1,1,1,1,0
6671,,,443,,1,1,1,1,1,1,1
6672,tcp,ssl,443,2676,1,1,1,1,1,1,0
6673,,,443,,1,1,1,1,1,1,1
6674,,,443,,1,1,1,1,1,1,1
6675,tcp,ssl,443,2676,1,1,1,1,1,1,0
6676,,,443,,1,1,1,1,1,1,1
6677,tcp,ssl,443,1375,1,1,1,1,1,1,0
6678,tcp,ssl,443,1375,1,1,1,1,1,1,0
6679,,,80,,0,1,1,1,1,1,0
6680,,,443,,1,1,1,1,1,1,1
6681,,,443,,1,1,1,1,1,1,1
6682,,,443,,1,1,1,1,1,1,1
6683,,,443,,1,1,1,1,1,1,1
6684,udp,quic,443,0,1,1,1,1,1,1,1
6685,,,443,,0,1,0,1,1,1,0
6686,tcp,ssl,443,4056,1,1,1,1,1,1,0
6687,tcp,,34984,0,1,1,1,1,1,1,1
6688,udp,dns,53,0,1,1,1,1,1,1,0
6689,tcp,ssl,443,0,1,1,1,1,1,1,1
6690,udp,quic,443,0,1,1,1,1,1,1,1
6691,,,443,,0,1,0,1,1,1,0
6692,udp,dns,53,0,1,1,1,1,1,1,0
6693,udp,dns,53,0,1,1,1,1,1,1,0
6694,udp,dns,53,0,1,1,1,1,1,1,0
6695,tcp,,50960,0,1,1,1,1,1,1,1
6696,tcp,,50912,0,1,1,1,1,1,1,1
6697,,,443,,0,1,0,1,1,1,0
6698,,,443,,1,1,1,1,1,1,1
6699,udp,dns,53,0,1,1,1,1,1,1,0
6700,icmp,,0,0,1,1,1,1,1,1,1
6701,tcp,ssl,443,4807,1,1,1,1,1,1,0
6702,icmp,,134,0,1,1,1,1,1,1,1
6703,icmp,,136,0,1,1,1,1,1,1,1
6704,icmp,,135,0,1,1,1,1,1,1,1
6705,icmp,,133,0,1,1,1,1,1,1,1
6706,,,443,,1,1,1,1,1,1,1
6707,udp,dns,53,0,1,1,1,1,1,1,0
6708,tcp,ssl,443,2676,1,1,1,1,1,1,0
6709,udp,dns,53,0,1,1,1,1,1,1,0
6710,tcp,,80,0,1,1,1,1,1,1,1
6711,,,443,,1,1,1,1,1,1,1
6712,icmp,,2,0,1,1,1,1,1,1,1
6713,icmp,,136,0,1,1,1,1,1,1,1
6714,tcp,,42773,0,1,1,1,1,1,1,1
6715,udp,dns,53,0,1,1,1,1,1,1,0
6716,udp,dns,53,0,1,1,1,1,1,1,0
6717,udp,dns,53,0,1,1,1,1,1,1,0
6718,udp,dns,53,0,1,1,1,1,1,1,0
6719,,,80,,0,1,1,1,1,1,0
6720,udp,dns,53,0,1,1,1,1,1,1,0
6721,,,80,,0,1,1,1,1,1,0
6722,tcp,,80,0,1,1,1,1,1,1,1
6723,tcp,,80,0,1,1,1,1,1,1,1
6724,tcp,,50872,0,1,1,1,1,1,1,1
6725,udp,dns,53,0,1,1,1,1,1,1,0
6726,udp,dns,53,0,1,1,1,1,1,1,0
6727,tcp,ssl,443,2676,1,1,1,1,1,1,0
6728,,,80,,0,1,1,1,1,1,0
6729,tcp,,80,0,1,1,1,1,1,1,1
6730,tcp,,80,0,1,1,1,1,1,1,1
6731,,,443,,1,1,1,1,1,1,1
6732,,,443,,0,1,0,1,1,1,0
6733,,,443,,0,1,0,1,1,1,0
6734,tcp,,9092,0,1,1,1,1,1,1,1
6735,tcp,,9997,0,1,1,1,1,1,1,1
6736,tcp,,9997,0,1,1,1,1,1,1,1
6737,tcp,,2181,0,1,1,1,1,1,1,1
6738,udp,dns,53,0,1,1,1,1,1,1,0
6739,udp,dns,53,0,1,1,1,1,1,1,0
6740,udp,dns,53,0,1,1,1,1,1,1,0
6741,udp,dns,53,0,1,1,1,1,1,1,0
6742,udp,dns,53,0,1,1,1,1,1,1,0
6743,udp,dns,53,0,1,1,1,1,1,1,0
6744,udp,dns,53,0,1,1,1,1,1,1,0
6745,udp,dns,53,0,1,1,1,1,1,1,0
6746,udp,dns,53,0,1,1,1,1,1,1,0
6747,udp,dns,53,0,1,1,1,1,1,1,0
6748,udp,dns,53,0,1,1,1,1,1,1,0
6749,udp,dns,53,0,1,1,1,1,1,1,0
6750,udp,dns,53,0,1,1,1,1,1,1,0
6751,udp,dns,53,0,1,1,1,1,1,1,0
6752,udp,dns,53,0,1,1,1,1,1,1,0
6753,udp,dns,53,0,1,1,1,1,1,1,0
6754,tcp,,443,0,1,1,1,1,1,1,1
6755,udp,dns,5353,0,1,1,1,1,1,1,1
6756,udp,quic,443,0,1,1,1,1,1,1,1
6757,tcp,ssl,443,1375,1,1,1,1,1,1,0
6758,,,443,,1,1,1,1,1,1,1
6759,udp,dns,53,0,1,1,1,1,1,1,0
6760,udp,dns,53,0,1,1,1,1,1,1,0
6761,udp,dns,53,0,1,1,1,1,1,1,0
6762,udp,dns,53,0,1,1,1,1,1,1,0
6763,udp,dns,53,0,1,1,1,1,1,1,0
6764,,,80,,0,1,1,1,1,1,0
6765,udp,dns,53,0,1,1,1,1,1,1,0
6766,udp,dns,53,0,1,1,1,1,1,1,0
6767,udp,dns,53,0,1,1,1,1,1,1,0
6768,,,80,,0,1,1,1,1,1,0
6769,tcp,,80,0,1,1,1,1,1,1,1
6770,udp,dns,53,0,1,1,1,1,1,1,0
6771,udp,dns,53,0,1,1,1,1,1,1,0
6772,udp,dns,53,0,1,1,1,1,1,1,0
6773,udp,dns,53,0,1,1,1,1,1,1,0
6774,udp,dns,53,0,1,1,1,1,1,1,0
6775,udp,dns,53,0,1,1,1,1,1,1,0
6776,icmp,,136,0,1,1,1,1,1,1,1
6777,icmp,,135,0,1,1,1,1,1,1,1
6778,,,80,,0,1,1,1,1,1,0
6779,tcp,http,80,0,1,1,1,1,1,1,1
6780,udp,quic,443,0,1,1,1,1,1,1,1
6781,,,443,,0,1,0,1,1,1,0
6782,tcp,ssl,443,1375,1,1,1,1,1,1,0
6783,udp,dns,53,0,1,1,1,1,1,1,0
6784,udp,quic,443,0,1,1,1,1,1,1,1
6785,,,80,,0,1,1,1,1,1,0
6786,,,443,,1,1,1,1,1,1,1
6787,tcp,,36276,0,1,1,1,1,1,1,1
6788,,,443,,0,1,0,1,1,1,0
6789,tcp,,9092,0,1,1,1,1,1,1,1
6790,tcp,,8088,0,1,1,1,1,1,1,1
6791,udp,dns,53,0,1,1,1,1,1,1,0
6792,udp,dns,53,0,1,1,1,1,1,1,0
6793,udp,dns,53,0,1,1,1,1,1,1,0
6794,udp,dns,53,0,1,1,1,1,1,1,0
6795,udp,dns,53,0,1,1,1,1,1,1,0
6796,udp,quic,443,0,1,1,1,1,1,1,1
6797,udp,dns,53,0,1,1,1,1,1,1,0
6798,tcp,http,80,0,1,1,1,1,1,1,1
6799,tcp,ssl,443,6395,1,1,1,1,1,1,0
6800,,,443,,1,1,1,1,1,1,1
6801,tcp,,34984,0,1,1,1,1,1,1,1
6802,,,80,,0,1,1,1,1,1,0
6803,udp,dns,53,0,1,1,1,1,1,1,0
6804,udp,dns,53,0,1,1,1,1,1,1,0
6805,udp,dns,53,0,1,1,1,1,1,1,0
6806,tcp,,50960,0,1,1,1,1,1,1,1
6807,tcp,,50912,0,1,1,1,1,1,1,1
6808,tcp,,9092,0,1,1,1,1,1,1,1
6809,udp,dns,53,0,1,1,1,1,1,1,0
6810,udp,dns,53,0,1,1,1,1,1,1,0
6811,udp,dns,53,0,1,1,1,1,1,1,0
6812,tcp,ssl,443,2760,1,1,1,1,1,1,0
6813,,,443,,1,1,1,1,1,1,1
6814,,,443,,0,1,0,1,1,1,0
6815,udp,dns,53,0,1,1,1,1,1,1,0
6816,udp,dns,53,0,1,1,1,1,1,1,0
6817,udp,dns,53,0,1,1,1,1,1,1,0
6818,udp,quic,443,0,1,1,1,1,1,1,1
6819,tcp,,42773,0,1,1,1,1,1,1,1
6820,udp,dns,53,0,1,1,1,1,1,1,0
6821,udp,dns,53,0,1,1,1,1,1,1,0
6822,tcp,ssl,443,2760,1,1,1,1,1,1,0
6823,,,443,,1,1,1,1,1,1,1
6824,udp,dns,53,0,1,1,1,1,1,1,0
6825,udp,dns,53,0,1,1,1,1,1,1,0
6826,udp,dns,53,0,1,1,1,1,1,1,0
6827,,,443,,0,1,0,1,1,1,0
6828,udp,quic,443,0,1,1,1,1,1,1,1
6829,udp,quic,443,0,1,1,1,1,1,1,1
6830,,,443,,1,1,1,1,1,1,1
6831,udp,dns,53,0,1,1,1,1,1,1,0
6832,tcp,,50872,0,1,1,1,1,1,1,1
6833,udp,dns,53,0,1,1,1,1,1,1,0
6834,udp,dns,53,0,1,1,1,1,1,1,0
6835,tcp,ssl,443,1375,1,1,1,1,1,1,0
6836,udp,dns,53,0,1,1,1,1,1,1,0
6837,udp,dns,53,0,1,1,1,1,1,1,0
6838,udp,dns,53,0,1,1,1,1,1,1,0
6839,tcp,ssl,443,0,1,1,1,1,1,1,1
6840,,,443,,1,1,1,1,1,1,1
6841,,,443,,0,1,0,1,1,1,0
6842,,,443,,0,1,0,1,1,1,0
6843,,,443,,0,1,0,1,1,1,0
6844,,,50008,,0,1,0,1,1,1,0
6845,udp,dns,53,0,1,1,1,1,1,1,0
6846,udp,dns,53,0,1,1,1,1,1,1,0
6847,tcp,,443,0,1,1,1,1,1,1,1
6848,tcp,,443,0,1,1,1,1,1,1,1
6849,udp,dns,53,0,1,1,1,1,1,1,0
6850,udp,quic,443,0,1,1,1,1,1,1,1
6851,,,443,,0,1,0,1,1,1,0
6852,tcp,ssl,443,2760,1,1,1,1,1,1,0
6853,tcp,,58768,0,1,1,1,1,1,1,1
6854,tcp,,45903,0,1,1,1,1,1,1,1
6855,,,443,,1,1,1,1,1,1,1
6856,udp,quic,443,0,1,1,1,1,1,1,1
6857,,,443,,0,1,0,1,1,1,0
6858,tcp,,2181,0,1,1,1,1,1,1,1
6859,tcp,,27017,0,1,1,1,1,1,1,1
6860,tcp,,57574,0,1,1,1,1,1,1,1
6861,tcp,,9092,0,1,1,1,1,1,1,1
6862,tcp,,34984,0,1,1,1,1,1,1,1
6863,tcp,,50960,0,1,1,1,1,1,1,1
6864,tcp,,50912,0,1,1,1,1,1,1,1
6865,tcp,,42773,0,1,1,1,1,1,1,1
6866,tcp,,9092,0,1,1,1,1,1,1,1
6867,tcp,,50872,0,1,1,1,1,1,1,1
6868,tcp,,36276,0,1,1,1,1,1,1,1
6869,tcp,,8088,0,1,1,1,1,1,1,1
6870,tcp,,2181,0,1,1,1,1,1,1,1
6871,tcp,,34984,0,1,1,1,1,1,1,1
6872,tcp,,50960,0,1,1,1,1,1,1,1
6873,tcp,,50912,0,1,1,1,1,1,1,1
6874,tcp,,9092,0,1,1,1,1,1,1,1
6875,tcp,,42773,0,1,1,1,1,1,1,1
6876,tcp,,50872,0,1,1,1,1,1,1,1
6877,tcp,,58768,0,1,1,1,1,1,1,1
6878,tcp,,45903,0,1,1,1,1,1,1,1
6879,tcp,,9092,0,1,1,1,1,1,1,1
6880,tcp,,9092,0,1,1,1,1,1,1,1
6881,tcp,,27017,0,1,1,1,1,1,1,1
6882,tcp,,57574,0,1,1,1,1,1,1,1
6883,tcp,,34984,0,1,1,1,1,1,1,1
6884,tcp,,50960,0,1,1,1,1,1,1,1
6885,tcp,,50912,0,1,1,1,1,1,1,1
6886,tcp,,2181,0,1,1,1,1,1,1,1
6887,tcp,,42773,0,1,1,1,1,1,1,1
6888,udp,dns,53,0,1,1,1,1,1,1,0
6889,tcp,,50872,0,1,1,1,1,1,1,1
6890,tcp,,9092,0,1,1,1,1,1,1,1
6891,tcp,,36276,0,1,1,1,1,1,1,1
6892,tcp,,9092,0,1,1,1,1,1,1,1
6893,tcp,,57574,0,1,1,1,1,1,1,1
6894,tcp,,34984,0,1,1,1,1,1,1,1
6895,tcp,,50960,0,1,1,1,1,1,1,1
6896,tcp,,50912,0,1,1,1,1,1,1,1
6897,tcp,,58768,0,1,1,1,1,1,1,1
6898,tcp,,45903,0,1,1,1,1,1,1,1
6899,tcp,,42773,0,1,1,1,1,1,1,1
6900,tcp,,2181,0,1,1,1,1,1,1,1
6901,tcp,,50872,0,1,1,1,1,1,1,1
6902,tcp,,9092,0,1,1,1,1,1,1,1
6903,tcp,,27017,0,1,1,1,1,1,1,1
6904,tcp,,9092,0,1,1,1,1,1,1,1
6905,tcp,,8088,0,1,1,1,1,1,1,1
6906,tcp,,39162,0,1,1,1,1,1,1,1
6907,tcp,,8080,0,1,1,1,1,1,1,1
6908,tcp,,8088,0,1,1,1,1,1,1,1
6909,tcp,,8080,0,1,1,1,1,1,1,1
6910,tcp,,39166,0,1,1,1,1,1,1,1
6911,tcp,,8080,0,1,1,1,1,1,1,1
6912,tcp,,8080,0,1,1,1,1,1,1,1
6913,tcp,,8080,0,1,1,1,1,1,1,1
6914,tcp,,8080,0,1,1,1,1,1,1,1
6915,tcp,,8080,0,1,1,1,1,1,1,1
6916,tcp,,8080,0,1,1,1,1,1,1,1
6917,tcp,,8088,0,1,1,1,1,1,1,1
6918,tcp,,39180,0,1,1,1,1,1,1,1
6919,tcp,,8080,0,1,1,1,1,1,1,1
6920,tcp,,8080,0,1,1,1,1,1,1,1
6921,tcp,,8080,0,1,1,1,1,1,1,1
6922,tcp,,8080,0,1,1,1,1,1,1,1
6923,tcp,,8088,0,1,1,1,1,1,1,1
6924,tcp,,39188,0,1,1,1,1,1,1,1
6925,tcp,,8080,0,1,1,1,1,1,1,1
6926,tcp,,8080,0,1,1,1,1,1,1,1
6927,tcp,,8080,0,1,1,1,1,1,1,1
6928,tcp,,8080,0,1,1,1,1,1,1,1
6929,tcp,,8088,0,1,1,1,1,1,1,1
6930,tcp,,39198,0,1,1,1,1,1,1,1
6931,tcp,,8080,0,1,1,1,1,1,1,1
6932,tcp,,8080,0,1,1,1,1,1,1,1
6933,tcp,,8080,0,1,1,1,1,1,1,1
6934,tcp,,8080,0,1,1,1,1,1,1,1
6935,tcp,,9092,0,1,1,1,1,1,1,1
6936,tcp,,34984,0,1,1,1,1,1,1,1
6937,tcp,,57574,0,1,1,1,1,1,1,1
6938,tcp,,50960,0,1,1,1,1,1,1,1
6939,tcp,,50912,0,1,1,1,1,1,1,1
6940,tcp,,42773,0,1,1,1,1,1,1,1
6941,tcp,,50872,0,1,1,1,1,1,1,1
6942,tcp,,9997,0,1,1,1,1,1,1,1
6943,tcp,,9997,0,1,1,1,1,1,1,1
6944,tcp,,2181,0,1,1,1,1,1,1,1
6945,tcp,,36276,0,1,1,1,1,1,1,1
6946,tcp,,9092,0,1,1,1,1,1,1,1
6947,tcp,,58768,0,1,1,1,1,1,1,1
6948,tcp,,45903,0,1,1,1,1,1,1,1
6949,tcp,,8080,0,1,1,1,1,1,1,1
6950,tcp,,34984,0,1,1,1,1,1,1,1
6951,tcp,,57574,0,1,1,1,1,1,1,1
6952,tcp,,50960,0,1,1,1,1,1,1,1
6953,tcp,,9092,0,1,1,1,1,1,1,1
6954,tcp,,50912,0,1,1,1,1,1,1,1
6955,tcp,,42773,0,1,1,1,1,1,1,1
6956,udp,dns,53,0,1,1,1,1,1,1,0
6957,tcp,,50872,0,1,1,1,1,1,1,1
6958,tcp,,9092,0,1,1,1,1,1,1,1
6959,udp,dns,53,0,1,1,1,1,1,1,0
6960,tcp,,2181,0,1,1,1,1,1,1,1
6961,tcp,,27017,0,1,1,1,1,1,1,1
6962,tcp,,9092,0,1,1,1,1,1,1,1
6963,tcp,,34984,0,1,1,1,1,1,1,1
6964,tcp,,8088,0,1,1,1,1,1,1,1
6965,tcp,,8088,0,1,1,1,1,1,1,1
6966,tcp,,8088,0,1,1,1,1,1,1,1
6967,tcp,,8088,0,1,1,1,1,1,1,1
6968,tcp,,57574,0,1,1,1,1,1,1,1
6969,tcp,,50960,0,1,1,1,1,1,1,1
6970,tcp,,50912,0,1,1,1,1,1,1,1
6971,tcp,,42773,0,1,1,1,1,1,1,1
6972,tcp,,9092,0,1,1,1,1,1,1,1
6973,tcp,,50872,0,1,1,1,1,1,1,1
6974,tcp,,36276,0,1,1,1,1,1,1,1
6975,tcp,,58768,0,1,1,1,1,1,1,1
6976,tcp,,45903,0,1,1,1,1,1,1,1
6977,tcp,,2181,0,1,1,1,1,1,1,1
6978,tcp,,34984,0,1,1,1,1,1,1,1
6979,tcp,,57574,0,1,1,1,1,1,1,1
6980,tcp,,8080,0,1,1,1,1,1,1,1
6981,tcp,,8080,0,1,1,1,1,1,1,1
6982,tcp,,39188,0,1,1,1,1,1,1,1
6983,tcp,,8080,0,1,1,1,1,1,1,1
6984,tcp,,39180,0,1,1,1,1,1,1,1
6985,tcp,,39162,0,1,1,1,1,1,1,1
6986,tcp,,8080,0,1,1,1,1,1,1,1
6987,tcp,,39166,0,1,1,1,1,1,1,1
6988,tcp,,50960,0,1,1,1,1,1,1,1
6989,tcp,,50912,0,1,1,1,1,1,1,1
6990,tcp,,9092,0,1,1,1,1,1,1,1
6991,tcp,,42773,0,1,1,1,1,1,1,1
6992,tcp,,50872,0,1,1,1,1,1,1,1
6993,tcp,,9092,0,1,1,1,1,1,1,1
6994,tcp,,27017,0,1,1,1,1,1,1,1
6995,tcp,,34984,0,1,1,1,1,1,1,1
6996,tcp,,57574,0,1,1,1,1,1,1,1
6997,tcp,,50960,0,1,1,1,1,1,1,1
6998,tcp,,50912,0,1,1,1,1,1,1,1
6999,tcp,,8088,0,1,1,1,1,1,1,1
7000,tcp,,8088,0,1,1,1,1,1,1,1
7001,tcp,,8088,0,1,1,1,1,1,1,1
7002,tcp,,8088,0,1,1,1,1,1,1,1
7003,tcp,,2181,0,1,1,1,1,1,1,1
7004,tcp,,42773,0,1,1,1,1,1,1,1
7005,tcp,,9092,0,1,1,1,1,1,1,1
7006,tcp,,50872,0,1,1,1,1,1,1,1
7007,tcp,,58768,0,1,1,1,1,1,1,1
7008,tcp,,45903,0,1,1,1,1,1,1,1
7009,tcp,,36276,0,1,1,1,1,1,1,1
7010,tcp,,9092,0,1,1,1,1,1,1,1
7011,tcp,,34984,0,1,1,1,1,1,1,1
7012,tcp,,57574,0,1,1,1,1,1,1,1
7013,tcp,,50960,0,1,1,1,1,1,1,1
7014,tcp,,50912,0,1,1,1,1,1,1,1
7015,tcp,,42773,0,1,1,1,1,1,1,1
7016,tcp,,2181,0,1,1,1,1,1,1,1
7017,tcp,,50872,0,1,1,1,1,1,1,1
7018,tcp,,9092,0,1,1,1,1,1,1,1
7019,tcp,,27017,0,1,1,1,1,1,1,1
7020,tcp,,9092,0,1,1,1,1,1,1,1
7021,tcp,,34984,0,1,1,1,1,1,1,1
7022,tcp,,57574,0,1,1,1,1,1,1,1
7023,tcp,,50960,0,1,1,1,1,1,1,1
7024,tcp,,50912,0,1,1,1,1,1,1,1
7025,tcp,,8080,0,1,1,1,1,1,1,1
7026,tcp,,8080,0,1,1,1,1,1,1,1
7027,tcp,,8080,0,1,1,1,1,1,1,1
7028,tcp,,39166,0,1,1,1,1,1,1,1
7029,tcp,,8080,0,1,1,1,1,1,1,1
7030,tcp,,8088,0,1,1,1,1,1,1,1
7031,tcp,,39162,0,1,1,1,1,1,1,1
7032,tcp,,39180,0,1,1,1,1,1,1,1
7033,udp,quic,443,0,1,1,1,1,1,1,1
7034,tcp,,42773,0,1,1,1,1,1,1,1
7035,tcp,,58768,0,1,1,1,1,1,1,1
7036,tcp,,45903,0,1,1,1,1,1,1,1
7037,tcp,,50872,0,1,1,1,1,1,1,1
7038,tcp,,9092,0,1,1,1,1,1,1,1
7039,tcp,,9997,0,1,1,1,1,1,1,1
7040,tcp,,9997,0,1,1,1,1,1,1,1
7041,tcp,,2181,0,1,1,1,1,1,1,1
7042,tcp,,36276,0,1,1,1,1,1,1,1
7043,tcp,,9092,0,1,1,1,1,1,1,1
7044,tcp,,34984,0,1,1,1,1,1,1,1
7045,tcp,,9092,0,1,1,1,1,1,1,1
7046,tcp,,50960,0,1,1,1,1,1,1,1
7047,tcp,,50912,0,1,1,1,1,1,1,1
7048,tcp,,57574,0,1,1,1,1,1,1,1
7049,tcp,,42773,0,1,1,1,1,1,1,1
7050,tcp,,50872,0,1,1,1,1,1,1,1
7051,tcp,,2181,0,1,1,1,1,1,1,1
7052,tcp,,27017,0,1,1,1,1,1,1,1
7053,tcp,,9092,0,1,1,1,1,1,1,1
7054,tcp,,34984,0,1,1,1,1,1,1,1
7055,tcp,,50960,0,1,1,1,1,1,1,1
7056,tcp,,50912,0,1,1,1,1,1,1,1
7057,tcp,,58768,0,1,1,1,1,1,1,1
7058,tcp,,45903,0,1,1,1,1,1,1,1
7059,tcp,,8088,0,1,1,1,1,1,1,1
7060,tcp,,8088,0,1,1,1,1,1,1,1
7061,tcp,,8088,0,1,1,1,1,1,1,1
7062,tcp,,8088,0,1,1,1,1,1,1,1
7063,tcp,,57574,0,1,1,1,1,1,1,1
7064,tcp,,9092,0,1,1,1,1,1,1,1
7065,tcp,,42773,0,1,1,1,1,1,1,1
7066,tcp,,50872,0,1,1,1,1,1,1,1
7067,tcp,,36276,0,1,1,1,1,1,1,1
7068,tcp,,2181,0,1,1,1,1,1,1,1
7069,tcp,,34984,0,1,1,1,1,1,1,1
7070,tcp,,50960,0,1,1,1,1,1,1,1
7071,tcp,,50912,0,1,1,1,1,1,1,1
7072,tcp,,9092,0,1,1,1,1,1,1,1
7073,tcp,,8080,0,1,1,1,1,1,1,1
7074,tcp,,8080,0,1,1,1,1,1,1,1
7075,tcp,,8080,0,1,1,1,1,1,1,1
7076,tcp,,8080,0,1,1,1,1,1,1,1
7077,tcp,,39166,0,1,1,1,1,1,1,1
7078,tcp,,39188,0,1,1,1,1,1,1,1
7079,tcp,,39180,0,1,1,1,1,1,1,1
7080,tcp,,39162,0,1,1,1,1,1,1,1
7081,tcp,,42773,0,1,1,1,1,1,1,1
7082,tcp,,57574,0,1,1,1,1,1,1,1
7083,tcp,,50872,0,1,1,1,1,1,1,1
7084,tcp,,9092,0,1,1,1,1,1,1,1
7085,tcp,,9092,0,1,1,1,1,1,1,1
7086,tcp,,27017,0,1,1,1,1,1,1,1
7087,tcp,,58768,0,1,1,1,1,1,1,1
7088,tcp,,45903,0,1,1,1,1,1,1,1
7089,tcp,,34984,0,1,1,1,1,1,1,1
7090,tcp,,50960,0,1,1,1,1,1,1,1
7091,tcp,,50912,0,1,1,1,1,1,1,1
7092,tcp,,2181,0,1,1,1,1,1,1,1
7093,tcp,,8088,0,1,1,1,1,1,1,1
7094,tcp,,8088,0,1,1,1,1,1,1,1
7095,tcp,,8088,0,1,1,1,1,1,1,1
7096,tcp,,8088,0,1,1,1,1,1,1,1
7097,tcp,,42773,0,1,1,1,1,1,1,1
7098,tcp,,9092,0,1,1,1,1,1,1,1
7099,tcp,,57574,0,1,1,1,1,1,1,1
7100,tcp,,50872,0,1,1,1,1,1,1,1
7101,tcp,,9092,0,1,1,1,1,1,1,1
7102,tcp,,36276,0,1,1,1,1,1,1,1
7103,tcp,,34984,0,1,1,1,1,1,1,1
7104,tcp,,50960,0,1,1,1,1,1,1,1
7105,tcp,,50912,0,1,1,1,1,1,1,1
7106,tcp,,42773,0,1,1,1,1,1,1,1
7107,tcp,,2181,0,1,1,1,1,1,1,1
7108,tcp,,57574,0,1,1,1,1,1,1,1
7109,tcp,,50872,0,1,1,1,1,1,1,1
7110,tcp,,9092,0,1,1,1,1,1,1,1
7111,tcp,,58768,0,1,1,1,1,1,1,1
7112,tcp,,45903,0,1,1,1,1,1,1,1
7113,tcp,,27017,0,1,1,1,1,1,1,1
7114,tcp,,9092,0,1,1,1,1,1,1,1
7115,tcp,,34984,0,1,1,1,1,1,1,1
7116,tcp,,50960,0,1,1,1,1,1,1,1
7117,tcp,,50912,0,1,1,1,1,1,1,1
7118,tcp,,8080,0,1,1,1,1,1,1,1
7119,tcp,,8080,0,1,1,1,1,1,1,1
7120,tcp,,39162,0,1,1,1,1,1,1,1
7121,tcp,,39180,0,1,1,1,1,1,1,1
7122,tcp,,39188,0,1,1,1,1,1,1,1
7123,tcp,,8088,0,1,1,1,1,1,1,1
7124,tcp,,8080,0,1,1,1,1,1,1,1
7125,tcp,,8080,0,1,1,1,1,1,1,1
7126,tcp,,42773,0,1,1,1,1,1,1,1
7127,tcp,,8081,0,1,1,1,1,1,1,1
7128,tcp,,57504,0,1,1,1,1,1,1,1
7129,tcp,,3306,0,1,1,1,1,1,1,1
7130,tcp,,57574,0,1,1,1,1,1,1,1
7131,tcp,,50872,0,1,1,1,1,1,1,1
7132,tcp,,9092,0,1,1,1,1,1,1,1
7133,tcp,,9997,0,1,1,1,1,1,1,1
7134,tcp,,9997,0,1,1,1,1,1,1,1
7135,tcp,,2181,0,1,1,1,1,1,1,1
7136,tcp,,36276,0,1,1,1,1,1,1,1
7137,tcp,,9092,0,1,1,1,1,1,1,1
7138,tcp,,9092,0,1,1,1,1,1,1,1
7139,tcp,,34984,0,1,1,1,1,1,1,1
7140,tcp,,50960,0,1,1,1,1,1,1,1
7141,tcp,,50912,0,1,1,1,1,1,1,1
7142,tcp,,42773,0,1,1,1,1,1,1,1
7143,tcp,,50872,0,1,1,1,1,1,1,1
7144,tcp,,58768,0,1,1,1,1,1,1,1
7145,tcp,,45903,0,1,1,1,1,1,1,1
7146,udp,quic,443,0,1,1,1,1,1,1,1
7147,,,443,,1,1,1,1,1,1,1
7148,tcp,,57574,0,1,1,1,1,1,1,1
7149,tcp,,2181,0,1,1,1,1,1,1,1
7150,tcp,,27017,0,1,1,1,1,1,1,1
7151,udp,quic,443,0,1,1,1,1,1,1,1
7152,udp,dns,53,0,1,1,1,1,1,1,0
7153,udp,dns,53,0,1,1,1,1,1,1,0
7154,udp,dns,53,0,1,1,1,1,1,1,0
7155,udp,dns,53,0,1,1,1,1,1,1,0
7156,udp,dns,53,0,1,1,1,1,1,1,0
7157,udp,dns,53,0,1,1,1,1,1,1,0
7158,udp,dns,53,0,1,1,1,1,1,1,0
7159,udp,quic,443,0,1,1,1,1,1,1,1
7160,udp,dns,53,0,1,1,1,1,1,1,0
7161,tcp,,9092,0,1,1,1,1,1,1,1
7162,tcp,,34984,0,1,1,1,1,1,1,1
7163,tcp,,50960,0,1,1,1,1,1,1,1
7164,tcp,,50912,0,1,1,1,1,1,1,1
7165,udp,dns,53,0,1,1,1,1,1,1,0
7166,udp,dns,53,0,1,1,1,1,1,1,0
7167,udp,dns,53,0,1,1,1,1,1,1,0
7168,tcp,ssl,443,2696,1,1,1,1,1,1,0
7169,,,443,,1,1,1,1,1,1,1
7170,tcp,,9092,0,1,1,1,1,1,1,1
7171,udp,,50005,0,1,1,1,1,1,1,1
7172,tcp,,42773,0,1,1,1,1,1,1,1
7173,udp,,50005,0,1,1,1,1,1,1,1
7174,,,50005,,0,1,0,1,1,1,0
7175,tcp,,8088,0,1,1,1,1,1,1,1
7176,tcp,,8088,0,1,1,1,1,1,1,1
7177,tcp,,8088,0,1,1,1,1,1,1,1
7178,tcp,,8088,0,1,1,1,1,1,1,1
7179,tcp,,50872,0,1,1,1,1,1,1,1
7180,tcp,,57574,0,1,1,1,1,1,1,1
7181,tcp,,36276,0,1,1,1,1,1,1,1
7182,tcp,,2181,0,1,1,1,1,1,1,1
7183,icmp,,136,0,1,1,1,1,1,1,1
7184,tcp,,34984,0,1,1,1,1,1,1,1
7185,tcp,,50960,0,1,1,1,1,1,1,1
7186,tcp,,50912,0,1,1,1,1,1,1,1
7187,tcp,,9092,0,1,1,1,1,1,1,1
7188,udp,dns,53,0,1,1,1,1,1,1,0
7189,tcp,ssl,443,0,1,1,1,1,1,1,1
7190,tcp,,42773,0,1,1,1,1,1,1,1
7191,,,443,,0,1,0,1,1,1,0
7192,tcp,,58768,0,1,1,1,1,1,1,1
7193,tcp,,45903,0,1,1,1,1,1,1,1
7194,tcp,,8080,0,1,1,1,1,1,1,1
7195,tcp,,8080,0,1,1,1,1,1,1,1
7196,tcp,,8080,0,1,1,1,1,1,1,1
7197,tcp,,8080,0,1,1,1,1,1,1,1
7198,tcp,,39188,0,1,1,1,1,1,1,1
7199,tcp,,39166,0,1,1,1,1,1,1,1
7200,tcp,,39180,0,1,1,1,1,1,1,1
7201,tcp,,39162,0,1,1,1,1,1,1,1
7202,udp,dns,53,0,1,1,1,1,1,1,0
7203,udp,dns,53,0,1,1,1,1,1,1,0
7204,tcp,,9092,0,1,1,1,1,1,1,1
7205,tcp,,50872,0,1,1,1,1,1,1,1
7206,udp,dns,53,0,1,1,1,1,1,1,0
7207,,,443,,0,1,1,1,1,1,0
7208,tcp,,57574,0,1,1,1,1,1,1,1
7209,tcp,,27017,0,1,1,1,1,1,1,1
7210,tcp,,34984,0,1,1,1,1,1,1,1
7211,tcp,,2181,0,1,1,1,1,1,1,1
7212,tcp,,50960,0,1,1,1,1,1,1,1
7213,tcp,,50912,0,1,1,1,1,1,1,1
7214,udp,dns,53,0,1,1,1,1,1,1,0
7215,udp,dns,53,0,1,1,1,1,1,1,0
7216,udp,dns,53,0,1,1,1,1,1,1,0
7217,udp,quic,443,0,1,1,1,1,1,1,1
7218,,,443,,1,1,1,1,1,1,1
7219,tcp,,42773,0,1,1,1,1,1,1,1
7220,tcp,,8088,0,1,1,1,1,1,1,1
7221,tcp,,8088,0,1,1,1,1,1,1,1
7222,tcp,,8088,0,1,1,1,1,1,1,1
7223,tcp,,8088,0,1,1,1,1,1,1,1
7224,tcp,,9092,0,1,1,1,1,1,1,1
7225,tcp,,50872,0,1,1,1,1,1,1,1
7226,tcp,,9092,0,1,1,1,1,1,1,1
7227,tcp,,57574,0,1,1,1,1,1,1,1
7228,tcp,,36276,0,1,1,1,1,1,1,1
7229,tcp,,34984,0,1,1,1,1,1,1,1
7230,tcp,,50960,0,1,1,1,1,1,1,1
7231,tcp,,50912,0,1,1,1,1,1,1,1
7232,tcp,,58768,0,1,1,1,1,1,1,1
7233,tcp,,45903,0,1,1,1,1,1,1,1
7234,tcp,,2181,0,1,1,1,1,1,1,1
7235,tcp,,42773,0,1,1,1,1,1,1,1
7236,tcp,,50872,0,1,1,1,1,1,1,1
7237,tcp,,9092,0,1,1,1,1,1,1,1
7238,tcp,,57574,0,1,1,1,1,1,1,1
7239,tcp,,27017,0,1,1,1,1,1,1,1
7240,tcp,,9092,0,1,1,1,1,1,1,1
7241,tcp,,34984,0,1,1,1,1,1,1,1
7242,tcp,,50960,0,1,1,1,1,1,1,1
7243,tcp,,50912,0,1,1,1,1,1,1,1
7244,tcp,,42773,0,1,1,1,1,1,1,1
7245,tcp,,8080,0,1,1,1,1,1,1,1
7246,tcp,,8080,0,1,1,1,1,1,1,1
7247,tcp,,8080,0,1,1,1,1,1,1,1
7248,tcp,,8080,0,1,1,1,1,1,1,1
7249,tcp,,39166,0,1,1,1,1,1,1,1
7250,tcp,,39162,0,1,1,1,1,1,1,1
7251,tcp,,39180,0,1,1,1,1,1,1,1
7252,tcp,,39188,0,1,1,1,1,1,1,1
7253,tcp,,50872,0,1,1,1,1,1,1,1
7254,tcp,,9092,0,1,1,1,1,1,1,1
7255,tcp,,9997,0,1,1,1,1,1,1,1
7256,tcp,,9997,0,1,1,1,1,1,1,1
7257,tcp,,2181,0,1,1,1,1,1,1,1
7258,tcp,,57574,0,1,1,1,1,1,1,1
7259,tcp,,36276,0,1,1,1,1,1,1,1
7260,tcp,,9092,0,1,1,1,1,1,1,1
7261,tcp,,58768,0,1,1,1,1,1,1,1
7262,tcp,,45903,0,1,1,1,1,1,1,1
7263,tcp,,9092,0,1,1,1,1,1,1,1
7264,tcp,,34984,0,1,1,1,1,1,1,1
7265,tcp,,50960,0,1,1,1,1,1,1,1
7266,tcp,,50912,0,1,1,1,1,1,1,1
7267,tcp,,42773,0,1,1,1,1,1,1,1
7268,tcp,,50872,0,1,1,1,1,1,1,1
7269,tcp,,57574,0,1,1,1,1,1,1,1
7270,tcp,,2181,0,1,1,1,1,1,1,1
7271,tcp,,27017,0,1,1,1,1,1,1,1
7272,tcp,,9092,0,1,1,1,1,1,1,1
7273,tcp,,34984,0,1,1,1,1,1,1,1
7274,tcp,,50960,0,1,1,1,1,1,1,1
7275,tcp,,50912,0,1,1,1,1,1,1,1
7276,tcp,,8083,0,1,1,1,1,1,1,1
7277,tcp,,60226,0,1,1,1,1,1,1,1
7278,tcp,,8083,0,1,1,1,1,1,1,1
7279,tcp,,8083,0,1,1,1,1,1,1,1
7280,tcp,,37612,0,1,1,1,1,1,1,1
7281,tcp,,37612,0,1,1,1,1,1,1,1
7282,tcp,,9092,0,1,1,1,1,1,1,1
7283,tcp,,42773,0,1,1,1,1,1,1,1
7284,tcp,,8088,0,1,1,1,1,1,1,1
7285,tcp,,8088,0,1,1,1,1,1,1,1
7286,tcp,,8088,0,1,1,1,1,1,1,1
7287,tcp,,8088,0,1,1,1,1,1,1,1
7288,tcp,,50872,0,1,1,1,1,1,1,1
7289,tcp,,57574,0,1,1,1,1,1,1,1
7290,tcp,,36276,0,1,1,1,1,1,1,1
7291,tcp,,58768,0,1,1,1,1,1,1,1
7292,tcp,,45903,0,1,1,1,1,1,1,1
7293,tcp,,2181,0,1,1,1,1,1,1,1
7294,tcp,,34984,0,1,1,1,1,1,1,1
7295,tcp,,50960,0,1,1,1,1,1,1,1
7296,tcp,,50912,0,1,1,1,1,1,1,1
7297,tcp,,9092,0,1,1,1,1,1,1,1
7298,tcp,,8083,0,1,1,1,1,1,1,1
7299,tcp,,8083,0,1,1,1,1,1,1,1
7300,tcp,,42773,0,1,1,1,1,1,1,1
7301,tcp,,9092,0,1,1,1,1,1,1,1
7302,tcp,,8080,0,1,1,1,1,1,1,1
7303,tcp,,8080,0,1,1,1,1,1,1,1
7304,tcp,,8080,0,1,1,1,1,1,1,1
7305,tcp,,8080,0,1,1,1,1,1,1,1
7306,tcp,,39188,0,1,1,1,1,1,1,1
7307,tcp,,39166,0,1,1,1,1,1,1,1
7308,tcp,,39180,0,1,1,1,1,1,1,1
7309,tcp,,39162,0,1,1,1,1,1,1,1
7310,tcp,,50872,0,1,1,1,1,1,1,1
7311,tcp,,57574,0,1,1,1,1,1,1,1
7312,tcp,,9092,0,1,1,1,1,1,1,1
7313,tcp,,27017,0,1,1,1,1,1,1,1
7314,tcp,,34984,0,1,1,1,1,1,1,1
7315,tcp,,2181,0,1,1,1,1,1,1,1
7316,tcp,,50960,0,1,1,1,1,1,1,1
7317,tcp,,50912,0,1,1,1,1,1,1,1
7318,tcp,,42803,0,1,1,1,1,1,1,1
7319,tcp,,33126,0,1,1,1,1,1,1,1
7320,tcp,,42773,0,1,1,1,1,1,1,1
7321,tcp,,9092,0,1,1,1,1,1,1,1
7322,tcp,,8088,0,1,1,1,1,1,1,1
7323,tcp,,58768,0,1,1,1,1,1,1,1
7324,tcp,,45903,0,1,1,1,1,1,1,1
7325,tcp,,50872,0,1,1,1,1,1,1,1
7326,tcp,,9092,0,1,1,1,1,1,1,1
7327,tcp,,36276,0,1,1,1,1,1,1,1
7328,tcp,,8080,0,1,1,1,1,1,1,1
7329,tcp,,8080,0,1,1,1,1,1,1,1
7330,tcp,,34984,0,1,1,1,1,1,1,1
7331,tcp,,50960,0,1,1,1,1,1,1,1
7332,tcp,,50912,0,1,1,1,1,1,1,1
7333,tcp,,8088,0,1,1,1,1,1,1,1
7334,tcp,,8080,0,1,1,1,1,1,1,1
7335,tcp,,8080,0,1,1,1,1,1,1,1
7336,tcp,,8088,0,1,1,1,1,1,1,1
7337,tcp,,46672,0,1,1,1,1,1,1,1
7338,tcp,,8080,0,1,1,1,1,1,1,1
7339,tcp,,8080,0,1,1,1,1,1,1,1
7340,tcp,,8080,0,1,1,1,1,1,1,1
7341,tcp,,8080,0,1,1,1,1,1,1,1
7342,tcp,,8080,0,1,1,1,1,1,1,1
7343,tcp,,8088,0,1,1,1,1,1,1,1
7344,tcp,,8080,0,1,1,1,1,1,1,1
7345,tcp,,8080,0,1,1,1,1,1,1,1
7346,tcp,,8080,0,1,1,1,1,1,1,1
7347,tcp,,2181,0,1,1,1,1,1,1,1
7348,tcp,,9092,0,1,1,1,1,1,1,1
7349,tcp,,42773,0,1,1,1,1,1,1,1
7350,tcp,,50872,0,1,1,1,1,1,1,1
7351,tcp,,9092,0,1,1,1,1,1,1,1
7352,tcp,,9092,0,1,1,1,1,1,1,1
7353,tcp,,9092,0,1,1,1,1,1,1,1
7354,tcp,,55756,0,1,1,1,1,1,1,1
7355,tcp,,55756,0,1,1,1,1,1,1,1
7356,tcp,,9092,0,1,1,1,1,1,1,1
7357,tcp,,9092,0,1,1,1,1,1,1,1
7358,tcp,,55760,0,1,1,1,1,1,1,1
7359,tcp,,55760,0,1,1,1,1,1,1,1
7360,udp,dns,53,0,1,1,1,1,1,1,0
7361,udp,dns,53,0,1,1,1,1,1,1,0
7362,udp,dns,53,0,1,1,1,1,1,1,0
7363,udp,dns,53,0,1,1,1,1,1,1,0
7364,tcp,,27017,0,1,1,1,1,1,1,1
7365,tcp,,9092,0,1,1,1,1,1,1,1
7366,tcp,,34984,0,1,1,1,1,1,1,1
7367,tcp,,50960,0,1,1,1,1,1,1,1
7368,tcp,,50912,0,1,1,1,1,1,1,1
7369,tcp,,42773,0,1,1,1,1,1,1,1
7370,tcp,,58768,0,1,1,1,1,1,1,1
7371,tcp,,45903,0,1,1,1,1,1,1,1
7372,tcp,,57504,0,1,1,1,1,1,1,1
7373,tcp,,9092,0,1,1,1,1,1,1,1
7374,tcp,,9997,0,1,1,1,1,1,1,1
7375,tcp,,9997,0,1,1,1,1,1,1,1
7376,tcp,,2181,0,1,1,1,1,1,1,1
7377,tcp,,50872,0,1,1,1,1,1,1,1
7378,tcp,,55760,0,1,1,1,1,1,1,1
7379,tcp,,36276,0,1,1,1,1,1,1,1
7380,tcp,,9092,0,1,1,1,1,1,1,1
7381,tcp,,9092,0,1,1,1,1,1,1,1
7382,tcp,,34984,0,1,1,1,1,1,1,1
7383,tcp,,50960,0,1,1,1,1,1,1,1
7384,tcp,,50912,0,1,1,1,1,1,1,1
7385,tcp,,42803,0,1,1,1,1,1,1,1
7386,tcp,,8088,0,1,1,1,1,1,1,1
7387,tcp,,42773,0,1,1,1,1,1,1,1
7388,tcp,,45903,0,1,1,1,1,1,1,1
7389,tcp,,50872,0,1,1,1,1,1,1,1
7390,tcp,,55760,0,1,1,1,1,1,1,1
7391,tcp,,27017,0,1,1,1,1,1,1,1
7392,tcp,,9092,0,1,1,1,1,1,1,1
7393,tcp,,34984,0,1,1,1,1,1,1,1
7394,tcp,,50960,0,1,1,1,1,1,1,1
7395,tcp,,50912,0,1,1,1,1,1,1,1
7396,tcp,,58768,0,1,1,1,1,1,1,1
7397,tcp,,2181,0,1,1,1,1,1,1,1
7398,tcp,,9092,0,1,1,1,1,1,1,1
7399,tcp,,8080,0,1,1,1,1,1,1,1
7400,tcp,,8080,0,1,1,1,1,1,1,1
7401,tcp,,46672,0,1,1,1,1,1,1,1
7402,tcp,,42773,0,1,1,1,1,1,1,1
7403,tcp,,50872,0,1,1,1,1,1,1,1
7404,tcp,,55760,0,1,1,1,1,1,1,1
7405,tcp,,36276,0,1,1,1,1,1,1,1
7406,tcp,,9092,0,1,1,1,1,1,1,1
7407,tcp,,34984,0,1,1,1,1,1,1,1
7408,tcp,,50960,0,1,1,1,1,1,1,1
7409,tcp,,50912,0,1,1,1,1,1,1,1
7410,tcp,,9092,0,1,1,1,1,1,1,1
7411,tcp,,8088,0,1,1,1,1,1,1,1
7412,tcp,,42773,0,1,1,1,1,1,1,1
7413,tcp,,9092,0,1,1,1,1,1,1,1
7414,udp,dns,53,0,1,1,1,1,1,1,0
7415,udp,dns,53,0,1,1,1,1,1,1,0
7416,tcp,,50872,0,1,1,1,1,1,1,1
7417,tcp,,55760,0,1,1,1,1,1,1,1
7418,udp,dns,53,0,1,1,1,1,1,1,0
7419,udp,quic,443,0,1,1,1,1,1,1,1
7420,udp,dns,53,0,1,1,1,1,1,1,0
7421,tcp,,27017,0,1,1,1,1,1,1,1
7422,tcp,,58768,0,1,1,1,1,1,1,1
7423,tcp,,45903,0,1,1,1,1,1,1,1
7424,tcp,,34984,0,1,1,1,1,1,1,1
7425,tcp,,50960,0,1,1,1,1,1,1,1
7426,tcp,,50912,0,1,1,1,1,1,1,1
7427,tcp,,2181,0,1,1,1,1,1,1,1
7428,tcp,,42773,0,1,1,1,1,1,1,1
7429,tcp,,9092,0,1,1,1,1,1,1,1
7430,tcp,,50872,0,1,1,1,1,1,1,1
7431,tcp,,9092,0,1,1,1,1,1,1,1
7432,tcp,,55760,0,1,1,1,1,1,1,1
7433,tcp,,36276,0,1,1,1,1,1,1,1
7434,udp,dns,53,0,1,1,1,1,1,1,0
7435,udp,dns,53,0,1,1,1,1,1,1,0
7436,udp,dns,53,0,1,1,1,1,1,1,0
7437,udp,dns,53,0,1,1,1,1,1,1,0
7438,udp,dns,53,0,1,1,1,1,1,1,0
7439,udp,dns,53,0,1,1,1,1,1,1,0
7440,udp,dns,53,0,1,1,1,1,1,1,0
7441,udp,dns,53,0,1,1,1,1,1,1,0
7442,udp,dns,53,0,1,1,1,1,1,1,0
7443,udp,quic,443,0,1,1,1,1,1,1,1
7444,,,443,,1,1,1,1,1,1,1
7445,udp,dns,53,0,1,1,1,1,1,1,0
7446,udp,dns,53,0,1,1,1,1,1,1,0
7447,udp,dns,53,0,1,1,1,1,1,1,0
7448,udp,quic,443,0,1,1,1,1,1,1,1
7449,udp,dns,53,0,1,1,1,1,1,1,0
7450,,,80,,0,1,1,1,1,1,0
7451,,,80,,0,1,1,1,1,1,0
7452,tcp,,49232,0,1,1,1,1,1,1,1
7453,tcp,,34984,0,1,1,1,1,1,1,1
7454,tcp,,50960,0,1,1,1,1,1,1,1
7455,tcp,,50912,0,1,1,1,1,1,1,1
7456,udp,dns,53,0,1,1,1,1,1,1,0
7457,udp,dns,53,0,1,1,1,1,1,1,0
7458,udp,dns,53,0,1,1,1,1,1,1,0
7459,udp,dns,53,0,1,1,1,1,1,1,0
7460,udp,dns,53,0,1,1,1,1,1,1,0
7461,udp,quic,443,0,1,1,1,1,1,1,1
7462,tcp,,9092,0,1,1,1,1,1,1,1
7463,tcp,,2181,0,1,1,1,1,1,1,1
7464,udp,dns,53,0,1,1,1,1,1,1,0
7465,tcp,,443,0,1,1,1,1,1,1,1
7466,tcp,,443,0,1,1,1,1,1,1,1
7467,udp,dns,53,0,1,1,1,1,1,1,0
7468,udp,quic,443,0,1,1,1,1,1,1,1
7469,,,443,,0,1,0,1,1,1,0
7470,udp,quic,443,0,1,1,1,1,1,1,1
7471,,,443,,0,1,0,1,1,1,0
7472,tcp,,42773,0,1,1,1,1,1,1,1
7473,tcp,,8080,0,1,1,1,1,1,1,1
7474,tcp,,46672,0,1,1,1,1,1,1,1
7475,tcp,,8080,0,1,1,1,1,1,1,1
7476,udp,dns,53,0,1,1,1,1,1,1,0
7477,udp,dns,53,0,1,1,1,1,1,1,0
7478,udp,dns,53,0,1,1,1,1,1,1,0
7479,tcp,,443,0,1,1,1,1,1,1,1
7480,udp,quic,443,0,1,1,1,1,1,1,1
7481,,,443,,1,1,1,1,1,1,1
7482,udp,dns,53,0,1,1,1,1,1,1,0
7483,udp,dns,53,0,1,1,1,1,1,1,0
7484,udp,dns,53,0,1,1,1,1,1,1,0
7485,udp,dns,53,0,1,1,1,1,1,1,0
7486,,,80,,0,1,1,1,1,1,0
7487,udp,dns,53,0,1,1,1,1,1,1,0
7488,udp,quic,443,0,1,1,1,1,1,1,1
7489,,,443,,1,1,1,1,1,1,1
7490,tcp,,443,0,1,1,1,1,1,1,1
7491,udp,dns,53,0,1,1,1,1,1,1,0
7492,udp,dns,53,0,1,1,1,1,1,1,0
7493,udp,quic,443,0,1,1,1,1,1,1,1
7494,tcp,ssl,443,2856,1,1,1,1,1,1,0
7495,,,443,,1,1,1,1,1,1,1
7496,tcp,,9092,0,1,1,1,1,1,1,1
7497,tcp,,50872,0,1,1,1,1,1,1,1
7498,udp,quic,443,0,1,1,1,1,1,1,1
7499,,,443,,0,1,0,1,1,1,0
7500,udp,quic,443,0,1,1,1,1,1,1,1
7501,tcp,,55760,0,1,1,1,1,1,1,1
7502,tcp,,58768,0,1,1,1,1,1,1,1
7503,tcp,,45903,0,1,1,1,1,1,1,1
7504,tcp,,27017,0,1,1,1,1,1,1,1
7505,udp,dns,53,0,1,1,1,1,1,1,0
7506,udp,dns,53,0,1,1,1,1,1,1,0
7507,udp,dns,53,0,1,1,1,1,1,1,0
7508,udp,dns,53,0,1,1,1,1,1,1,0
7509,tcp,,9092,0,1,1,1,1,1,1,1
7510,udp,dns,53,0,1,1,1,1,1,1,0
7511,udp,quic,443,0,1,1,1,1,1,1,1
7512,tcp,,34984,0,1,1,1,1,1,1,1
7513,tcp,,50960,0,1,1,1,1,1,1,1
7514,tcp,,50912,0,1,1,1,1,1,1,1
7515,tcp,,42773,0,1,1,1,1,1,1,1
7516,tcp,,2181,0,1,1,1,1,1,1,1
7517,tcp,,9092,0,1,1,1,1,1,1,1
7518,tcp,,9997,0,1,1,1,1,1,1,1
7519,tcp,,9997,0,1,1,1,1,1,1,1
7520,tcp,,50872,0,1,1,1,1,1,1,1
7521,tcp,,55760,0,1,1,1,1,1,1,1
7522,tcp,,36276,0,1,1,1,1,1,1,1
7523,tcp,,9092,0,1,1,1,1,1,1,1
7524,tcp,,9092,0,1,1,1,1,1,1,1
7525,tcp,,34984,0,1,1,1,1,1,1,1
7526,udp,dns,53,0,1,1,1,1,1,1,0
7527,udp,dns,53,0,1,1,1,1,1,1,0
7528,udp,dns,53,0,1,1,1,1,1,1,0
7529,udp,quic,443,0,1,1,1,1,1,1,1
7530,tcp,,50960,0,1,1,1,1,1,1,1
7531,tcp,,50912,0,1,1,1,1,1,1,1
7532,tcp,,42773,0,1,1,1,1,1,1,1
7533,tcp,,8088,0,1,1,1,1,1,1,1
7534,tcp,,58768,0,1,1,1,1,1,1,1
7535,tcp,,45903,0,1,1,1,1,1,1,1
7536,tcp,,50872,0,1,1,1,1,1,1,1
7537,tcp,,27017,0,1,1,1,1,1,1,1
7538,tcp,,9092,0,1,1,1,1,1,1,1
7539,tcp,,34984,0,1,1,1,1,1,1,1
7540,tcp,,50960,0,1,1,1,1,1,1,1
7541,tcp,,50912,0,1,1,1,1,1,1,1
7542,tcp,,9092,0,1,1,1,1,1,1,1
7543,tcp,,2181,0,1,1,1,1,1,1,1
7544,tcp,,42773,0,1,1,1,1,1,1,1
7545,tcp,,8080,0,1,1,1,1,1,1,1
7546,tcp,,46672,0,1,1,1,1,1,1,1
7547,tcp,,8080,0,1,1,1,1,1,1,1
7548,tcp,,50872,0,1,1,1,1,1,1,1
7549,tcp,,36276,0,1,1,1,1,1,1,1
7550,udp,dns,53,0,1,1,1,1,1,1,0
7551,udp,dns,53,0,1,1,1,1,1,1,0
7552,udp,dns,53,0,1,1,1,1,1,1,0
7553,tcp,,34984,0,1,1,1,1,1,1,1
7554,tcp,,8081,0,1,1,1,1,1,1,1
7555,tcp,,50960,0,1,1,1,1,1,1,1
7556,tcp,,50912,0,1,1,1,1,1,1,1
7557,tcp,,9092,0,1,1,1,1,1,1,1
7558,tcp,,58768,0,1,1,1,1,1,1,1
7559,tcp,,45903,0,1,1,1,1,1,1,1
7560,tcp,,42773,0,1,1,1,1,1,1,1
7561,tcp,,9092,0,1,1,1,1,1,1,1
7562,tcp,,8088,0,1,1,1,1,1,1,1
7563,tcp,,2181,0,1,1,1,1,1,1,1
7564,tcp,,50872,0,1,1,1,1,1,1,1
7565,tcp,,9092,0,1,1,1,1,1,1,1
7566,tcp,,27017,0,1,1,1,1,1,1,1
7567,udp,dns,53,0,1,1,1,1,1,1,0
7568,udp,dns,53,0,1,1,1,1,1,1,0
7569,tcp,,34984,0,1,1,1,1,1,1,1
7570,tcp,,50960,0,1,1,1,1,1,1,1
7571,tcp,,50912,0,1,1,1,1,1,1,1
7572,tcp,,42773,0,1,1,1,1,1,1,1
7573,tcp,,9092,0,1,1,1,1,1,1,1
7574,tcp,,9092,0,1,1,1,1,1,1,1
7575,tcp,,50872,0,1,1,1,1,1,1,1
7576,tcp,,36276,0,1,1,1,1,1,1,1
7577,tcp,,2181,0,1,1,1,1,1,1,1
7578,tcp,,34984,0,1,1,1,1,1,1,1
7579,tcp,,58768,0,1,1,1,1,1,1,1
7580,tcp,,45903,0,1,1,1,1,1,1,1
7581,tcp,,50960,0,1,1,1,1,1,1,1
7582,tcp,,50912,0,1,1,1,1,1,1,1
7583,tcp,,42773,0,1,1,1,1,1,1,1
7584,tcp,,8080,0,1,1,1,1,1,1,1
7585,tcp,,8080,0,1,1,1,1,1,1,1
7586,tcp,,46672,0,1,1,1,1,1,1,1
7587,tcp,,9092,0,1,1,1,1,1,1,1
7588,tcp,,50872,0,1,1,1,1,1,1,1
7589,tcp,,27017,0,1,1,1,1,1,1,1
7590,tcp,,9092,0,1,1,1,1,1,1,1
7591,tcp,,2181,0,1,1,1,1,1,1,1
7592,tcp,,34984,0,1,1,1,1,1,1,1
7593,tcp,,50960,0,1,1,1,1,1,1,1
7594,tcp,,50912,0,1,1,1,1,1,1,1
7595,tcp,,42773,0,1,1,1,1,1,1,1
7596,tcp,,9092,0,1,1,1,1,1,1,1
7597,tcp,,9997,0,1,1,1,1,1,1,1
7598,tcp,,9997,0,1,1,1,1,1,1,1
7599,tcp,,36276,0,1,1,1,1,1,1,1
7600,tcp,,50872,0,1,1,1,1,1,1,1
7601,tcp,,9092,0,1,1,1,1,1,1,1
7602,tcp,,58768,0,1,1,1,1,1,1,1
7603,tcp,,45903,0,1,1,1,1,1,1,1
7604,tcp,,9092,0,1,1,1,1,1,1,1
7605,tcp,,34984,0,1,1,1,1,1,1,1
7606,tcp,,50960,0,1,1,1,1,1,1,1
7607,tcp,,50912,0,1,1,1,1,1,1,1
7608,tcp,,42773,0,1,1,1,1,1,1,1
7609,tcp,,8088,0,1,1,1,1,1,1,1
7610,tcp,,50872,0,1,1,1,1,1,1,1
7611,tcp,,2181,0,1,1,1,1,1,1,1
7612,tcp,,27017,0,1,1,1,1,1,1,1
7613,tcp,,9092,0,1,1,1,1,1,1,1
7614,tcp,,34984,0,1,1,1,1,1,1,1
7615,tcp,,50960,0,1,1,1,1,1,1,1
7616,tcp,,50912,0,1,1,1,1,1,1,1
7617,tcp,,9092,0,1,1,1,1,1,1,1
7618,tcp,,42773,0,1,1,1,1,1,1,1
7619,tcp,,8080,0,1,1,1,1,1,1,1
7620,tcp,,46672,0,1,1,1,1,1,1,1
7621,tcp,,8080,0,1,1,1,1,1,1,1
7622,tcp,,36276,0,1,1,1,1,1,1,1
7623,tcp,,50872,0,1,1,1,1,1,1,1
7624,tcp,,58768,0,1,1,1,1,1,1,1
7625,tcp,,45903,0,1,1,1,1,1,1,1
7626,tcp,,2181,0,1,1,1,1,1,1,1
7627,tcp,,34984,0,1,1,1,1,1,1,1
7628,tcp,,50960,0,1,1,1,1,1,1,1
7629,tcp,,50912,0,1,1,1,1,1,1,1
7630,tcp,,9092,0,1,1,1,1,1,1,1
7631,tcp,,9092,0,1,1,1,1,1,1,1
7632,tcp,,9092,0,1,1,1,1,1,1,1
7633,tcp,,9092,0,1,1,1,1,1,1,1
7634,tcp,,42773,0,1,1,1,1,1,1,1
7635,tcp,,9092,0,1,1,1,1,1,1,1
7636,tcp,,8088,0,1,1,1,1,1,1,1
7637,tcp,,9092,0,1,1,1,1,1,1,1
7638,tcp,,27017,0,1,1,1,1,1,1,1
7639,tcp,,2181,0,1,1,1,1,1,1,1
7640,tcp,,34984,0,1,1,1,1,1,1,1
7641,tcp,,50960,0,1,1,1,1,1,1,1
7642,tcp,,50912,0,1,1,1,1,1,1,1
7643,tcp,,42773,0,1,1,1,1,1,1,1
7644,tcp,,9092,0,1,1,1,1,1,1,1
7645,tcp,,58768,0,1,1,1,1,1,1,1
7646,tcp,,45903,0,1,1,1,1,1,1,1
7647,tcp,,9092,0,1,1,1,1,1,1,1
7648,tcp,,36276,0,1,1,1,1,1,1,1
7649,tcp,,50872,0,1,1,1,1,1,1,1
7650,tcp,,34984,0,1,1,1,1,1,1,1
7651,tcp,,50960,0,1,1,1,1,1,1,1
7652,tcp,,50912,0,1,1,1,1,1,1,1
7653,tcp,,9092,0,1,1,1,1,1,1,1
7654,tcp,,2181,0,1,1,1,1,1,1,1
7655,tcp,,42773,0,1,1,1,1,1,1,1
7656,tcp,,9092,0,1,1,1,1,1,1,1
7657,tcp,,8080,0,1,1,1,1,1,1,1
7658,tcp,,8088,0,1,1,1,1,1,1,1
7659,tcp,,8080,0,1,1,1,1,1,1,1
7660,tcp,,50872,0,1,1,1,1,1,1,1
7661,tcp,,27017,0,1,1,1,1,1,1,1
7662,tcp,,9092,0,1,1,1,1,1,1,1
7663,tcp,,34984,0,1,1,1,1,1,1,1
7664,tcp,,50960,0,1,1,1,1,1,1,1
7665,tcp,,50912,0,1,1,1,1,1,1,1
7666,tcp,,58768,0,1,1,1,1,1,1,1
7667,tcp,,45903,0,1,1,1,1,1,1,1
7668,tcp,,42773,0,1,1,1,1,1,1,1
7669,tcp,,9092,0,1,1,1,1,1,1,1
7670,tcp,,9997,0,1,1,1,1,1,1,1
7671,tcp,,9997,0,1,1,1,1,1,1,1
7672,tcp,,2181,0,1,1,1,1,1,1,1
7673,tcp,,36276,0,1,1,1,1,1,1,1
7674,tcp,,50872,0,1,1,1,1,1,1,1
